// GENERATED by motion-spec codegen. Do not edit.
#pragma once

#include <cstddef>
#include <cstdint>

namespace motion_spec::introspection {

inline constexpr std::uint32_t kSchemaVersion = 1;
inline constexpr std::uint32_t kFrameLayoutVersion = 4;
inline constexpr std::uint32_t kRuntimeRdfContractVersion = 1;
inline constexpr std::size_t kNumConstraints = 7;
inline constexpr std::size_t kNumMonitors = 1;
inline constexpr std::size_t kNumQuantities = 141;
inline constexpr std::size_t kNumTriggers = 32;
inline constexpr std::size_t kNumPoses = 2;
inline constexpr std::size_t kNumTwists = 0;
inline constexpr std::size_t kNumWrenches = 2;
inline constexpr std::size_t kFrameSizeBytes = 3184;
inline constexpr const char *kSchemaHash = "7dc6f1c28aa40b05";
inline constexpr const char *kFrameLayoutHash = "dab381a2c9f96d27";
inline constexpr const char *kRuntimeActivityId = "activity:controller_execution";
inline constexpr const char *kRuntimeProducerAgentId = "agent:controller_process";
inline constexpr const char *kRuntimeAgentId = "agent:runtime:real_robot";
inline constexpr std::int64_t kEndState = 3;
inline constexpr std::int64_t kNominalPeriodNs = 1000000;

// The frame log's first record, serialized at generation time: the message descriptor, every
// slot's id and IRI, the per-motion gate, the FSM tables and the init-cadence constants. Built
// here rather than assembled at startup because every field is known when the code is generated,
// and embedded rather than read from a file so a log never needs a companion to be decoded.
inline constexpr unsigned char kFrameLogHeaderRecord[] = {
   0x0a, 0x9f, 0x8c, 0x03, 0x0a, 0x10, 0x37, 0x64, 0x63, 0x36, 0x66, 0x31, 0x63, 0x32, 0x38, 0x61,
   0x61, 0x34, 0x30, 0x62, 0x30, 0x35, 0x12, 0x18, 0x61, 0x67, 0x65, 0x6e, 0x74, 0x3a, 0x63, 0x6f,
   0x6e, 0x74, 0x72, 0x6f, 0x6c, 0x6c, 0x65, 0x72, 0x5f, 0x70, 0x72, 0x6f, 0x63, 0x65, 0x73, 0x73,
   0x1a, 0x1d, 0x61, 0x63, 0x74, 0x69, 0x76, 0x69, 0x74, 0x79, 0x3a, 0x63, 0x6f, 0x6e, 0x74, 0x72,
   0x6f, 0x6c, 0x6c, 0x65, 0x72, 0x5f, 0x65, 0x78, 0x65, 0x63, 0x75, 0x74, 0x69, 0x6f, 0x6e, 0x22,
   0xc6, 0x5a, 0x0a, 0xc3, 0x5a, 0x0a, 0x0f, 0x66, 0x72, 0x61, 0x6d, 0x65, 0x5f, 0x6c, 0x6f, 0x67,
   0x2e, 0x70, 0x72, 0x6f, 0x74, 0x6f, 0x12, 0x1d, 0x6d, 0x6f, 0x74, 0x69, 0x6f, 0x6e, 0x5f, 0x73,
   0x70, 0x65, 0x63, 0x2e, 0x69, 0x6e, 0x74, 0x72, 0x6f, 0x73, 0x70, 0x65, 0x63, 0x74, 0x69, 0x6f,
   0x6e, 0x2e, 0x6c, 0x6f, 0x67, 0x22, 0x5d, 0x0a, 0x07, 0x53, 0x6c, 0x6f, 0x74, 0x49, 0x72, 0x69,
   0x12, 0x0e, 0x0a, 0x06, 0x6e, 0x75, 0x6d, 0x62, 0x65, 0x72, 0x18, 0x01, 0x20, 0x01, 0x28, 0x0d,
   0x12, 0x0a, 0x0a, 0x02, 0x69, 0x64, 0x18, 0x02, 0x20, 0x01, 0x28, 0x09, 0x12, 0x0b, 0x0a, 0x03,
   0x69, 0x72, 0x69, 0x18, 0x03, 0x20, 0x01, 0x28, 0x09, 0x12, 0x16, 0x0a, 0x0e, 0x63, 0x6f, 0x6e,
   0x73, 0x74, 0x72, 0x61, 0x69, 0x6e, 0x74, 0x5f, 0x69, 0x72, 0x69, 0x18, 0x04, 0x20, 0x01, 0x28,
   0x09, 0x12, 0x11, 0x0a, 0x09, 0x65, 0x76, 0x65, 0x6e, 0x74, 0x5f, 0x69, 0x72, 0x69, 0x18, 0x05,
   0x20, 0x01, 0x28, 0x09, 0x22, 0x86, 0x01, 0x0a, 0x0a, 0x54, 0x72, 0x61, 0x6e, 0x73, 0x69, 0x74,
   0x69, 0x6f, 0x6e, 0x12, 0x0d, 0x0a, 0x05, 0x69, 0x6e, 0x64, 0x65, 0x78, 0x18, 0x01, 0x20, 0x01,
   0x28, 0x0d, 0x12, 0x0a, 0x0a, 0x02, 0x69, 0x64, 0x18, 0x02, 0x20, 0x01, 0x28, 0x09, 0x12, 0x0b,
   0x0a, 0x03, 0x69, 0x72, 0x69, 0x18, 0x03, 0x20, 0x01, 0x28, 0x09, 0x12, 0x12, 0x0a, 0x0a, 0x66,
   0x72, 0x6f, 0x6d, 0x5f, 0x73, 0x74, 0x61, 0x74, 0x65, 0x18, 0x04, 0x20, 0x01, 0x28, 0x05, 0x12,
   0x10, 0x0a, 0x08, 0x74, 0x6f, 0x5f, 0x73, 0x74, 0x61, 0x74, 0x65, 0x18, 0x05, 0x20, 0x01, 0x28,
   0x05, 0x12, 0x13, 0x0a, 0x0b, 0x65, 0x76, 0x65, 0x6e, 0x74, 0x5f, 0x69, 0x6e, 0x64, 0x65, 0x78,
   0x18, 0x06, 0x20, 0x01, 0x28, 0x05, 0x12, 0x15, 0x0a, 0x0d, 0x65, 0x76, 0x65, 0x6e, 0x74, 0x5f,
   0x69, 0x6e, 0x64, 0x69, 0x63, 0x65, 0x73, 0x18, 0x07, 0x20, 0x03, 0x28, 0x0d, 0x22, 0x38, 0x0a,
   0x08, 0x43, 0x6f, 0x6e, 0x73, 0x74, 0x61, 0x6e, 0x74, 0x12, 0x0a, 0x0a, 0x02, 0x69, 0x64, 0x18,
   0x01, 0x20, 0x01, 0x28, 0x09, 0x12, 0x11, 0x0a, 0x09, 0x73, 0x6f, 0x75, 0x72, 0x63, 0x65, 0x5f,
   0x69, 0x64, 0x18, 0x02, 0x20, 0x01, 0x28, 0x09, 0x12, 0x0d, 0x0a, 0x05, 0x76, 0x61, 0x6c, 0x75,
   0x65, 0x18, 0x03, 0x20, 0x01, 0x28, 0x01, 0x22, 0x83, 0x02, 0x0a, 0x0a, 0x4d, 0x6f, 0x74, 0x69,
   0x6f, 0x6e, 0x47, 0x61, 0x74, 0x65, 0x12, 0x0d, 0x0a, 0x05, 0x69, 0x6e, 0x64, 0x65, 0x78, 0x18,
   0x01, 0x20, 0x01, 0x28, 0x0d, 0x12, 0x0a, 0x0a, 0x02, 0x69, 0x64, 0x18, 0x02, 0x20, 0x01, 0x28,
   0x09, 0x12, 0x0b, 0x0a, 0x03, 0x69, 0x72, 0x69, 0x18, 0x03, 0x20, 0x01, 0x28, 0x09, 0x12, 0x11,
   0x0a, 0x09, 0x66, 0x73, 0x6d, 0x5f, 0x73, 0x74, 0x61, 0x74, 0x65, 0x18, 0x04, 0x20, 0x01, 0x28,
   0x05, 0x12, 0x12, 0x0a, 0x0a, 0x71, 0x75, 0x61, 0x6e, 0x74, 0x69, 0x74, 0x69, 0x65, 0x73, 0x18,
   0x05, 0x20, 0x03, 0x28, 0x0d, 0x12, 0x0d, 0x0a, 0x05, 0x70, 0x6f, 0x73, 0x65, 0x73, 0x18, 0x06,
   0x20, 0x03, 0x28, 0x0d, 0x12, 0x0e, 0x0a, 0x06, 0x74, 0x77, 0x69, 0x73, 0x74, 0x73, 0x18, 0x07,
   0x20, 0x03, 0x28, 0x0d, 0x12, 0x10, 0x0a, 0x08, 0x77, 0x72, 0x65, 0x6e, 0x63, 0x68, 0x65, 0x73,
   0x18, 0x08, 0x20, 0x03, 0x28, 0x0d, 0x12, 0x3b, 0x0a, 0x0b, 0x63, 0x6f, 0x6e, 0x74, 0x72, 0x6f,
   0x6c, 0x6c, 0x65, 0x72, 0x73, 0x18, 0x09, 0x20, 0x03, 0x28, 0x0b, 0x32, 0x26, 0x2e, 0x6d, 0x6f,
   0x74, 0x69, 0x6f, 0x6e, 0x5f, 0x73, 0x70, 0x65, 0x63, 0x2e, 0x69, 0x6e, 0x74, 0x72, 0x6f, 0x73,
   0x70, 0x65, 0x63, 0x74, 0x69, 0x6f, 0x6e, 0x2e, 0x6c, 0x6f, 0x67, 0x2e, 0x53, 0x6c, 0x6f, 0x74,
   0x49, 0x72, 0x69, 0x12, 0x38, 0x0a, 0x08, 0x6d, 0x6f, 0x6e, 0x69, 0x74, 0x6f, 0x72, 0x73, 0x18,
   0x0a, 0x20, 0x03, 0x28, 0x0b, 0x32, 0x26, 0x2e, 0x6d, 0x6f, 0x74, 0x69, 0x6f, 0x6e, 0x5f, 0x73,
   0x70, 0x65, 0x63, 0x2e, 0x69, 0x6e, 0x74, 0x72, 0x6f, 0x73, 0x70, 0x65, 0x63, 0x74, 0x69, 0x6f,
   0x6e, 0x2e, 0x6c, 0x6f, 0x67, 0x2e, 0x53, 0x6c, 0x6f, 0x74, 0x49, 0x72, 0x69, 0x22, 0xf7, 0x04,
   0x0a, 0x0e, 0x46, 0x72, 0x61, 0x6d, 0x65, 0x4c, 0x6f, 0x67, 0x48, 0x65, 0x61, 0x64, 0x65, 0x72,
   0x12, 0x13, 0x0a, 0x0b, 0x73, 0x63, 0x68, 0x65, 0x6d, 0x61, 0x5f, 0x68, 0x61, 0x73, 0x68, 0x18,
   0x01, 0x20, 0x01, 0x28, 0x09, 0x12, 0x19, 0x0a, 0x11, 0x70, 0x72, 0x6f, 0x64, 0x75, 0x63, 0x65,
   0x72, 0x5f, 0x61, 0x67, 0x65, 0x6e, 0x74, 0x5f, 0x69, 0x64, 0x18, 0x02, 0x20, 0x01, 0x28, 0x09,
   0x12, 0x13, 0x0a, 0x0b, 0x61, 0x63, 0x74, 0x69, 0x76, 0x69, 0x74, 0x79, 0x5f, 0x69, 0x64, 0x18,
   0x03, 0x20, 0x01, 0x28, 0x09, 0x12, 0x16, 0x0a, 0x0e, 0x64, 0x65, 0x73, 0x63, 0x72, 0x69, 0x70,
   0x74, 0x6f, 0x72, 0x5f, 0x73, 0x65, 0x74, 0x18, 0x04, 0x20, 0x01, 0x28, 0x0c, 0x12, 0x14, 0x0a,
   0x0c, 0x74, 0x72, 0x69, 0x67, 0x67, 0x65, 0x72, 0x5f, 0x70, 0x6f, 0x6f, 0x6c, 0x18, 0x07, 0x20,
   0x01, 0x28, 0x0d, 0x12, 0x18, 0x0a, 0x10, 0x72, 0x75, 0x6e, 0x74, 0x69, 0x6d, 0x65, 0x5f, 0x61,
   0x67, 0x65, 0x6e, 0x74, 0x5f, 0x69, 0x64, 0x18, 0x0c, 0x20, 0x01, 0x28, 0x09, 0x12, 0x15, 0x0a,
   0x0d, 0x70, 0x6c, 0x61, 0x74, 0x66, 0x6f, 0x72, 0x6d, 0x5f, 0x6e, 0x61, 0x6d, 0x65, 0x18, 0x0d,
   0x20, 0x01, 0x28, 0x09, 0x12, 0x11, 0x0a, 0x09, 0x73, 0x69, 0x6d, 0x75, 0x6c, 0x61, 0x74, 0x65,
   0x64, 0x18, 0x0e, 0x20, 0x01, 0x28, 0x08, 0x12, 0x11, 0x0a, 0x09, 0x65, 0x6e, 0x64, 0x5f, 0x73,
   0x74, 0x61, 0x74, 0x65, 0x18, 0x0f, 0x20, 0x01, 0x28, 0x05, 0x12, 0x19, 0x0a, 0x11, 0x6e, 0x6f,
   0x6d, 0x69, 0x6e, 0x61, 0x6c, 0x5f, 0x70, 0x65, 0x72, 0x69, 0x6f, 0x64, 0x5f, 0x6e, 0x73, 0x18,
   0x10, 0x20, 0x01, 0x28, 0x03, 0x12, 0x15, 0x0a, 0x0d, 0x66, 0x73, 0x6d, 0x5f, 0x6e, 0x61, 0x6d,
   0x65, 0x73, 0x70, 0x61, 0x63, 0x65, 0x18, 0x11, 0x20, 0x01, 0x28, 0x09, 0x12, 0x35, 0x0a, 0x05,
   0x73, 0x6c, 0x6f, 0x74, 0x73, 0x18, 0x05, 0x20, 0x03, 0x28, 0x0b, 0x32, 0x26, 0x2e, 0x6d, 0x6f,
   0x74, 0x69, 0x6f, 0x6e, 0x5f, 0x73, 0x70, 0x65, 0x63, 0x2e, 0x69, 0x6e, 0x74, 0x72, 0x6f, 0x73,
   0x70, 0x65, 0x63, 0x74, 0x69, 0x6f, 0x6e, 0x2e, 0x6c, 0x6f, 0x67, 0x2e, 0x53, 0x6c, 0x6f, 0x74,
   0x49, 0x72, 0x69, 0x12, 0x3a, 0x0a, 0x07, 0x6d, 0x6f, 0x74, 0x69, 0x6f, 0x6e, 0x73, 0x18, 0x06,
   0x20, 0x03, 0x28, 0x0b, 0x32, 0x29, 0x2e, 0x6d, 0x6f, 0x74, 0x69, 0x6f, 0x6e, 0x5f, 0x73, 0x70,
   0x65, 0x63, 0x2e, 0x69, 0x6e, 0x74, 0x72, 0x6f, 0x73, 0x70, 0x65, 0x63, 0x74, 0x69, 0x6f, 0x6e,
   0x2e, 0x6c, 0x6f, 0x67, 0x2e, 0x4d, 0x6f, 0x74, 0x69, 0x6f, 0x6e, 0x47, 0x61, 0x74, 0x65, 0x12,
   0x3a, 0x0a, 0x0a, 0x66, 0x73, 0x6d, 0x5f, 0x73, 0x74, 0x61, 0x74, 0x65, 0x73, 0x18, 0x08, 0x20,
   0x03, 0x28, 0x0b, 0x32, 0x26, 0x2e, 0x6d, 0x6f, 0x74, 0x69, 0x6f, 0x6e, 0x5f, 0x73, 0x70, 0x65,
   0x63, 0x2e, 0x69, 0x6e, 0x74, 0x72, 0x6f, 0x73, 0x70, 0x65, 0x63, 0x74, 0x69, 0x6f, 0x6e, 0x2e,
   0x6c, 0x6f, 0x67, 0x2e, 0x53, 0x6c, 0x6f, 0x74, 0x49, 0x72, 0x69, 0x12, 0x3a, 0x0a, 0x0a, 0x66,
   0x73, 0x6d, 0x5f, 0x65, 0x76, 0x65, 0x6e, 0x74, 0x73, 0x18, 0x09, 0x20, 0x03, 0x28, 0x0b, 0x32,
   0x26, 0x2e, 0x6d, 0x6f, 0x74, 0x69, 0x6f, 0x6e, 0x5f, 0x73, 0x70, 0x65, 0x63, 0x2e, 0x69, 0x6e,
   0x74, 0x72, 0x6f, 0x73, 0x70, 0x65, 0x63, 0x74, 0x69, 0x6f, 0x6e, 0x2e, 0x6c, 0x6f, 0x67, 0x2e,
   0x53, 0x6c, 0x6f, 0x74, 0x49, 0x72, 0x69, 0x12, 0x42, 0x0a, 0x0f, 0x66, 0x73, 0x6d, 0x5f, 0x74,
   0x72, 0x61, 0x6e, 0x73, 0x69, 0x74, 0x69, 0x6f, 0x6e, 0x73, 0x18, 0x0a, 0x20, 0x03, 0x28, 0x0b,
   0x32, 0x29, 0x2e, 0x6d, 0x6f, 0x74, 0x69, 0x6f, 0x6e, 0x5f, 0x73, 0x70, 0x65, 0x63, 0x2e, 0x69,
   0x6e, 0x74, 0x72, 0x6f, 0x73, 0x70, 0x65, 0x63, 0x74, 0x69, 0x6f, 0x6e, 0x2e, 0x6c, 0x6f, 0x67,
   0x2e, 0x54, 0x72, 0x61, 0x6e, 0x73, 0x69, 0x74, 0x69, 0x6f, 0x6e, 0x12, 0x3a, 0x0a, 0x09, 0x63,
   0x6f, 0x6e, 0x73, 0x74, 0x61, 0x6e, 0x74, 0x73, 0x18, 0x0b, 0x20, 0x03, 0x28, 0x0b, 0x32, 0x27,
   0x2e, 0x6d, 0x6f, 0x74, 0x69, 0x6f, 0x6e, 0x5f, 0x73, 0x70, 0x65, 0x63, 0x2e, 0x69, 0x6e, 0x74,
   0x72, 0x6f, 0x73, 0x70, 0x65, 0x63, 0x74, 0x69, 0x6f, 0x6e, 0x2e, 0x6c, 0x6f, 0x67, 0x2e, 0x43,
   0x6f, 0x6e, 0x73, 0x74, 0x61, 0x6e, 0x74, 0x22, 0x85, 0x01, 0x0a, 0x0e, 0x43, 0x6f, 0x6e, 0x73,
   0x74, 0x72, 0x61, 0x69, 0x6e, 0x74, 0x53, 0x6c, 0x6f, 0x74, 0x12, 0x0e, 0x0a, 0x06, 0x61, 0x63,
   0x74, 0x69, 0x76, 0x65, 0x18, 0x01, 0x20, 0x01, 0x28, 0x10, 0x12, 0x0d, 0x0a, 0x05, 0x65, 0x72,
   0x72, 0x6f, 0x72, 0x18, 0x02, 0x20, 0x01, 0x28, 0x01, 0x12, 0x0e, 0x0a, 0x06, 0x6f, 0x75, 0x74,
   0x70, 0x75, 0x74, 0x18, 0x03, 0x20, 0x01, 0x28, 0x01, 0x12, 0x11, 0x0a, 0x09, 0x73, 0x61, 0x74,
   0x69, 0x73, 0x66, 0x69, 0x65, 0x64, 0x18, 0x04, 0x20, 0x01, 0x28, 0x10, 0x12, 0x0d, 0x0a, 0x05,
   0x73, 0x61, 0x74, 0x5f, 0x74, 0x18, 0x05, 0x20, 0x01, 0x28, 0x01, 0x12, 0x10, 0x0a, 0x08, 0x6d,
   0x65, 0x61, 0x73, 0x75, 0x72, 0x65, 0x64, 0x18, 0x06, 0x20, 0x01, 0x28, 0x01, 0x12, 0x10, 0x0a,
   0x08, 0x73, 0x65, 0x74, 0x70, 0x6f, 0x69, 0x6e, 0x74, 0x18, 0x07, 0x20, 0x01, 0x28, 0x01, 0x22,
   0x4e, 0x0a, 0x0b, 0x4d, 0x6f, 0x6e, 0x69, 0x74, 0x6f, 0x72, 0x53, 0x6c, 0x6f, 0x74, 0x12, 0x0e,
   0x0a, 0x06, 0x61, 0x63, 0x74, 0x69, 0x76, 0x65, 0x18, 0x01, 0x20, 0x01, 0x28, 0x10, 0x12, 0x0d,
   0x0a, 0x05, 0x76, 0x61, 0x6c, 0x75, 0x65, 0x18, 0x02, 0x20, 0x01, 0x28, 0x01, 0x12, 0x11, 0x0a,
   0x09, 0x73, 0x61, 0x74, 0x69, 0x73, 0x66, 0x69, 0x65, 0x64, 0x18, 0x03, 0x20, 0x01, 0x28, 0x10,
   0x12, 0x0d, 0x0a, 0x05, 0x73, 0x61, 0x74, 0x5f, 0x74, 0x18, 0x04, 0x20, 0x01, 0x28, 0x01, 0x22,
   0x53, 0x0a, 0x07, 0x54, 0x72, 0x69, 0x67, 0x67, 0x65, 0x72, 0x12, 0x0c, 0x0a, 0x04, 0x6b, 0x69,
   0x6e, 0x64, 0x18, 0x01, 0x20, 0x01, 0x28, 0x10, 0x12, 0x0b, 0x0a, 0x03, 0x69, 0x64, 0x78, 0x18,
   0x02, 0x20, 0x01, 0x28, 0x10, 0x12, 0x11, 0x0a, 0x09, 0x66, 0x73, 0x6d, 0x5f, 0x73, 0x74, 0x61,
   0x74, 0x65, 0x18, 0x03, 0x20, 0x01, 0x28, 0x10, 0x12, 0x09, 0x0a, 0x01, 0x74, 0x18, 0x04, 0x20,
   0x01, 0x28, 0x01, 0x12, 0x0f, 0x0a, 0x07, 0x77, 0x61, 0x6c, 0x6c, 0x5f, 0x6e, 0x73, 0x18, 0x05,
   0x20, 0x01, 0x28, 0x10, 0x22, 0x5e, 0x0a, 0x08, 0x50, 0x6f, 0x73, 0x65, 0x53, 0x6c, 0x6f, 0x74,
   0x12, 0x0a, 0x0a, 0x02, 0x70, 0x78, 0x18, 0x01, 0x20, 0x01, 0x28, 0x01, 0x12, 0x0a, 0x0a, 0x02,
   0x70, 0x79, 0x18, 0x02, 0x20, 0x01, 0x28, 0x01, 0x12, 0x0a, 0x0a, 0x02, 0x70, 0x7a, 0x18, 0x03,
   0x20, 0x01, 0x28, 0x01, 0x12, 0x0a, 0x0a, 0x02, 0x71, 0x78, 0x18, 0x04, 0x20, 0x01, 0x28, 0x01,
   0x12, 0x0a, 0x0a, 0x02, 0x71, 0x79, 0x18, 0x05, 0x20, 0x01, 0x28, 0x01, 0x12, 0x0a, 0x0a, 0x02,
   0x71, 0x7a, 0x18, 0x06, 0x20, 0x01, 0x28, 0x01, 0x12, 0x0a, 0x0a, 0x02, 0x71, 0x77, 0x18, 0x07,
   0x20, 0x01, 0x28, 0x01, 0x22, 0x53, 0x0a, 0x09, 0x54, 0x77, 0x69, 0x73, 0x74, 0x53, 0x6c, 0x6f,
   0x74, 0x12, 0x0a, 0x0a, 0x02, 0x6c, 0x78, 0x18, 0x01, 0x20, 0x01, 0x28, 0x01, 0x12, 0x0a, 0x0a,
   0x02, 0x6c, 0x79, 0x18, 0x02, 0x20, 0x01, 0x28, 0x01, 0x12, 0x0a, 0x0a, 0x02, 0x6c, 0x7a, 0x18,
   0x03, 0x20, 0x01, 0x28, 0x01, 0x12, 0x0a, 0x0a, 0x02, 0x61, 0x78, 0x18, 0x04, 0x20, 0x01, 0x28,
   0x01, 0x12, 0x0a, 0x0a, 0x02, 0x61, 0x79, 0x18, 0x05, 0x20, 0x01, 0x28, 0x01, 0x12, 0x0a, 0x0a,
   0x02, 0x61, 0x7a, 0x18, 0x06, 0x20, 0x01, 0x28, 0x01, 0x22, 0x54, 0x0a, 0x0a, 0x57, 0x72, 0x65,
   0x6e, 0x63, 0x68, 0x53, 0x6c, 0x6f, 0x74, 0x12, 0x0a, 0x0a, 0x02, 0x66, 0x78, 0x18, 0x01, 0x20,
   0x01, 0x28, 0x01, 0x12, 0x0a, 0x0a, 0x02, 0x66, 0x79, 0x18, 0x02, 0x20, 0x01, 0x28, 0x01, 0x12,
   0x0a, 0x0a, 0x02, 0x66, 0x7a, 0x18, 0x03, 0x20, 0x01, 0x28, 0x01, 0x12, 0x0a, 0x0a, 0x02, 0x74,
   0x78, 0x18, 0x04, 0x20, 0x01, 0x28, 0x01, 0x12, 0x0a, 0x0a, 0x02, 0x74, 0x79, 0x18, 0x05, 0x20,
   0x01, 0x28, 0x01, 0x12, 0x0a, 0x0a, 0x02, 0x74, 0x7a, 0x18, 0x06, 0x20, 0x01, 0x28, 0x01, 0x22,
   0x92, 0x4b, 0x0a, 0x0c, 0x52, 0x75, 0x6e, 0x74, 0x69, 0x6d, 0x65, 0x46, 0x72, 0x61, 0x6d, 0x65,
   0x12, 0x09, 0x0a, 0x01, 0x74, 0x18, 0x01, 0x20, 0x01, 0x28, 0x01, 0x12, 0x0c, 0x0a, 0x04, 0x73,
   0x74, 0x65, 0x70, 0x18, 0x02, 0x20, 0x01, 0x28, 0x04, 0x12, 0x11, 0x0a, 0x09, 0x66, 0x73, 0x6d,
   0x5f, 0x73, 0x74, 0x61, 0x74, 0x65, 0x18, 0x03, 0x20, 0x01, 0x28, 0x10, 0x12, 0x15, 0x0a, 0x0d,
   0x61, 0x63, 0x74, 0x69, 0x76, 0x65, 0x5f, 0x6d, 0x6f, 0x74, 0x69, 0x6f, 0x6e, 0x18, 0x04, 0x20,
   0x01, 0x28, 0x10, 0x12, 0x12, 0x0a, 0x0a, 0x6c, 0x61, 0x73, 0x74, 0x5f, 0x65, 0x76, 0x65, 0x6e,
   0x74, 0x18, 0x05, 0x20, 0x01, 0x28, 0x10, 0x12, 0x15, 0x0a, 0x0d, 0x73, 0x74, 0x61, 0x74, 0x65,
   0x5f, 0x73, 0x69, 0x6e, 0x63, 0x65, 0x5f, 0x74, 0x18, 0x06, 0x20, 0x01, 0x28, 0x01, 0x12, 0x1b,
   0x0a, 0x13, 0x73, 0x74, 0x61, 0x74, 0x65, 0x5f, 0x73, 0x69, 0x6e, 0x63, 0x65, 0x5f, 0x77, 0x61,
   0x6c, 0x6c, 0x5f, 0x6e, 0x73, 0x18, 0x07, 0x20, 0x01, 0x28, 0x10, 0x12, 0x0f, 0x0a, 0x07, 0x65,
   0x76, 0x65, 0x6e, 0x74, 0x5f, 0x74, 0x18, 0x08, 0x20, 0x01, 0x28, 0x01, 0x12, 0x15, 0x0a, 0x0d,
   0x65, 0x76, 0x65, 0x6e, 0x74, 0x5f, 0x77, 0x61, 0x6c, 0x6c, 0x5f, 0x6e, 0x73, 0x18, 0x09, 0x20,
   0x01, 0x28, 0x10, 0x12, 0x0f, 0x0a, 0x07, 0x77, 0x61, 0x6c, 0x6c, 0x5f, 0x6e, 0x73, 0x18, 0x0a,
   0x20, 0x01, 0x28, 0x10, 0x12, 0x11, 0x0a, 0x09, 0x70, 0x65, 0x72, 0x69, 0x6f, 0x64, 0x5f, 0x6e,
   0x73, 0x18, 0x0b, 0x20, 0x01, 0x28, 0x10, 0x12, 0x12, 0x0a, 0x0a, 0x63, 0x6f, 0x6d, 0x70, 0x75,
   0x74, 0x65, 0x5f, 0x6e, 0x73, 0x18, 0x0c, 0x20, 0x01, 0x28, 0x10, 0x12, 0x15, 0x0a, 0x0d, 0x74,
   0x72, 0x69, 0x67, 0x67, 0x65, 0x72, 0x5f, 0x63, 0x6f, 0x75, 0x6e, 0x74, 0x18, 0x11, 0x20, 0x01,
   0x28, 0x10, 0x12, 0x44, 0x0a, 0x0c, 0x63, 0x6f, 0x6e, 0x73, 0x74, 0x72, 0x61, 0x69, 0x6e, 0x74,
   0x5f, 0x30, 0x18, 0xe8, 0x07, 0x20, 0x01, 0x28, 0x0b, 0x32, 0x2d, 0x2e, 0x6d, 0x6f, 0x74, 0x69,
   0x6f, 0x6e, 0x5f, 0x73, 0x70, 0x65, 0x63, 0x2e, 0x69, 0x6e, 0x74, 0x72, 0x6f, 0x73, 0x70, 0x65,
   0x63, 0x74, 0x69, 0x6f, 0x6e, 0x2e, 0x6c, 0x6f, 0x67, 0x2e, 0x43, 0x6f, 0x6e, 0x73, 0x74, 0x72,
   0x61, 0x69, 0x6e, 0x74, 0x53, 0x6c, 0x6f, 0x74, 0x12, 0x44, 0x0a, 0x0c, 0x63, 0x6f, 0x6e, 0x73,
   0x74, 0x72, 0x61, 0x69, 0x6e, 0x74, 0x5f, 0x31, 0x18, 0xe9, 0x07, 0x20, 0x01, 0x28, 0x0b, 0x32,
   0x2d, 0x2e, 0x6d, 0x6f, 0x74, 0x69, 0x6f, 0x6e, 0x5f, 0x73, 0x70, 0x65, 0x63, 0x2e, 0x69, 0x6e,
   0x74, 0x72, 0x6f, 0x73, 0x70, 0x65, 0x63, 0x74, 0x69, 0x6f, 0x6e, 0x2e, 0x6c, 0x6f, 0x67, 0x2e,
   0x43, 0x6f, 0x6e, 0x73, 0x74, 0x72, 0x61, 0x69, 0x6e, 0x74, 0x53, 0x6c, 0x6f, 0x74, 0x12, 0x44,
   0x0a, 0x0c, 0x63, 0x6f, 0x6e, 0x73, 0x74, 0x72, 0x61, 0x69, 0x6e, 0x74, 0x5f, 0x32, 0x18, 0xea,
   0x07, 0x20, 0x01, 0x28, 0x0b, 0x32, 0x2d, 0x2e, 0x6d, 0x6f, 0x74, 0x69, 0x6f, 0x6e, 0x5f, 0x73,
   0x70, 0x65, 0x63, 0x2e, 0x69, 0x6e, 0x74, 0x72, 0x6f, 0x73, 0x70, 0x65, 0x63, 0x74, 0x69, 0x6f,
   0x6e, 0x2e, 0x6c, 0x6f, 0x67, 0x2e, 0x43, 0x6f, 0x6e, 0x73, 0x74, 0x72, 0x61, 0x69, 0x6e, 0x74,
   0x53, 0x6c, 0x6f, 0x74, 0x12, 0x44, 0x0a, 0x0c, 0x63, 0x6f, 0x6e, 0x73, 0x74, 0x72, 0x61, 0x69,
   0x6e, 0x74, 0x5f, 0x33, 0x18, 0xeb, 0x07, 0x20, 0x01, 0x28, 0x0b, 0x32, 0x2d, 0x2e, 0x6d, 0x6f,
   0x74, 0x69, 0x6f, 0x6e, 0x5f, 0x73, 0x70, 0x65, 0x63, 0x2e, 0x69, 0x6e, 0x74, 0x72, 0x6f, 0x73,
   0x70, 0x65, 0x63, 0x74, 0x69, 0x6f, 0x6e, 0x2e, 0x6c, 0x6f, 0x67, 0x2e, 0x43, 0x6f, 0x6e, 0x73,
   0x74, 0x72, 0x61, 0x69, 0x6e, 0x74, 0x53, 0x6c, 0x6f, 0x74, 0x12, 0x44, 0x0a, 0x0c, 0x63, 0x6f,
   0x6e, 0x73, 0x74, 0x72, 0x61, 0x69, 0x6e, 0x74, 0x5f, 0x34, 0x18, 0xec, 0x07, 0x20, 0x01, 0x28,
   0x0b, 0x32, 0x2d, 0x2e, 0x6d, 0x6f, 0x74, 0x69, 0x6f, 0x6e, 0x5f, 0x73, 0x70, 0x65, 0x63, 0x2e,
   0x69, 0x6e, 0x74, 0x72, 0x6f, 0x73, 0x70, 0x65, 0x63, 0x74, 0x69, 0x6f, 0x6e, 0x2e, 0x6c, 0x6f,
   0x67, 0x2e, 0x43, 0x6f, 0x6e, 0x73, 0x74, 0x72, 0x61, 0x69, 0x6e, 0x74, 0x53, 0x6c, 0x6f, 0x74,
   0x12, 0x44, 0x0a, 0x0c, 0x63, 0x6f, 0x6e, 0x73, 0x74, 0x72, 0x61, 0x69, 0x6e, 0x74, 0x5f, 0x35,
   0x18, 0xed, 0x07, 0x20, 0x01, 0x28, 0x0b, 0x32, 0x2d, 0x2e, 0x6d, 0x6f, 0x74, 0x69, 0x6f, 0x6e,
   0x5f, 0x73, 0x70, 0x65, 0x63, 0x2e, 0x69, 0x6e, 0x74, 0x72, 0x6f, 0x73, 0x70, 0x65, 0x63, 0x74,
   0x69, 0x6f, 0x6e, 0x2e, 0x6c, 0x6f, 0x67, 0x2e, 0x43, 0x6f, 0x6e, 0x73, 0x74, 0x72, 0x61, 0x69,
   0x6e, 0x74, 0x53, 0x6c, 0x6f, 0x74, 0x12, 0x44, 0x0a, 0x0c, 0x63, 0x6f, 0x6e, 0x73, 0x74, 0x72,
   0x61, 0x69, 0x6e, 0x74, 0x5f, 0x36, 0x18, 0xee, 0x07, 0x20, 0x01, 0x28, 0x0b, 0x32, 0x2d, 0x2e,
   0x6d, 0x6f, 0x74, 0x69, 0x6f, 0x6e, 0x5f, 0x73, 0x70, 0x65, 0x63, 0x2e, 0x69, 0x6e, 0x74, 0x72,
   0x6f, 0x73, 0x70, 0x65, 0x63, 0x74, 0x69, 0x6f, 0x6e, 0x2e, 0x6c, 0x6f, 0x67, 0x2e, 0x43, 0x6f,
   0x6e, 0x73, 0x74, 0x72, 0x61, 0x69, 0x6e, 0x74, 0x53, 0x6c, 0x6f, 0x74, 0x12, 0x3e, 0x0a, 0x09,
   0x6d, 0x6f, 0x6e, 0x69, 0x74, 0x6f, 0x72, 0x5f, 0x30, 0x18, 0xd0, 0x0f, 0x20, 0x01, 0x28, 0x0b,
   0x32, 0x2a, 0x2e, 0x6d, 0x6f, 0x74, 0x69, 0x6f, 0x6e, 0x5f, 0x73, 0x70, 0x65, 0x63, 0x2e, 0x69,
   0x6e, 0x74, 0x72, 0x6f, 0x73, 0x70, 0x65, 0x63, 0x74, 0x69, 0x6f, 0x6e, 0x2e, 0x6c, 0x6f, 0x67,
   0x2e, 0x4d, 0x6f, 0x6e, 0x69, 0x74, 0x6f, 0x72, 0x53, 0x6c, 0x6f, 0x74, 0x12, 0x28, 0x0a, 0x1f,
   0x61, 0x72, 0x6d, 0x5f, 0x73, 0x6f, 0x6c, 0x76, 0x65, 0x72, 0x5f, 0x68, 0x6f, 0x6c, 0x64, 0x5f,
   0x63, 0x6c, 0x6f, 0x73, 0x65, 0x5f, 0x71, 0x5f, 0x6a, 0x6f, 0x69, 0x6e, 0x74, 0x5f, 0x31, 0x18,
   0xb8, 0x17, 0x20, 0x01, 0x28, 0x01, 0x12, 0x28, 0x0a, 0x1f, 0x61, 0x72, 0x6d, 0x5f, 0x73, 0x6f,
   0x6c, 0x76, 0x65, 0x72, 0x5f, 0x68, 0x6f, 0x6c, 0x64, 0x5f, 0x63, 0x6c, 0x6f, 0x73, 0x65, 0x5f,
   0x71, 0x5f, 0x6a, 0x6f, 0x69, 0x6e, 0x74, 0x5f, 0x32, 0x18, 0xb9, 0x17, 0x20, 0x01, 0x28, 0x01,
   0x12, 0x28, 0x0a, 0x1f, 0x61, 0x72, 0x6d, 0x5f, 0x73, 0x6f, 0x6c, 0x76, 0x65, 0x72, 0x5f, 0x68,
   0x6f, 0x6c, 0x64, 0x5f, 0x63, 0x6c, 0x6f, 0x73, 0x65, 0x5f, 0x71, 0x5f, 0x6a, 0x6f, 0x69, 0x6e,
   0x74, 0x5f, 0x33, 0x18, 0xba, 0x17, 0x20, 0x01, 0x28, 0x01, 0x12, 0x28, 0x0a, 0x1f, 0x61, 0x72,
   0x6d, 0x5f, 0x73, 0x6f, 0x6c, 0x76, 0x65, 0x72, 0x5f, 0x68, 0x6f, 0x6c, 0x64, 0x5f, 0x63, 0x6c,
   0x6f, 0x73, 0x65, 0x5f, 0x71, 0x5f, 0x6a, 0x6f, 0x69, 0x6e, 0x74, 0x5f, 0x34, 0x18, 0xbb, 0x17,
   0x20, 0x01, 0x28, 0x01, 0x12, 0x28, 0x0a, 0x1f, 0x61, 0x72, 0x6d, 0x5f, 0x73, 0x6f, 0x6c, 0x76,
   0x65, 0x72, 0x5f, 0x68, 0x6f, 0x6c, 0x64, 0x5f, 0x63, 0x6c, 0x6f, 0x73, 0x65, 0x5f, 0x71, 0x5f,
   0x6a, 0x6f, 0x69, 0x6e, 0x74, 0x5f, 0x35, 0x18, 0xbc, 0x17, 0x20, 0x01, 0x28, 0x01, 0x12, 0x28,
   0x0a, 0x1f, 0x61, 0x72, 0x6d, 0x5f, 0x73, 0x6f, 0x6c, 0x76, 0x65, 0x72, 0x5f, 0x68, 0x6f, 0x6c,
   0x64, 0x5f, 0x63, 0x6c, 0x6f, 0x73, 0x65, 0x5f, 0x71, 0x5f, 0x6a, 0x6f, 0x69, 0x6e, 0x74, 0x5f,
   0x36, 0x18, 0xbd, 0x17, 0x20, 0x01, 0x28, 0x01, 0x12, 0x28, 0x0a, 0x1f, 0x61, 0x72, 0x6d, 0x5f,
   0x73, 0x6f, 0x6c, 0x76, 0x65, 0x72, 0x5f, 0x68, 0x6f, 0x6c, 0x64, 0x5f, 0x63, 0x6c, 0x6f, 0x73,
   0x65, 0x5f, 0x71, 0x5f, 0x6a, 0x6f, 0x69, 0x6e, 0x74, 0x5f, 0x37, 0x18, 0xbe, 0x17, 0x20, 0x01,
   0x28, 0x01, 0x12, 0x29, 0x0a, 0x20, 0x61, 0x72, 0x6d, 0x5f, 0x73, 0x6f, 0x6c, 0x76, 0x65, 0x72,
   0x5f, 0x68, 0x6f, 0x6c, 0x64, 0x5f, 0x63, 0x6c, 0x6f, 0x73, 0x65, 0x5f, 0x71, 0x64, 0x5f, 0x6a,
   0x6f, 0x69, 0x6e, 0x74, 0x5f, 0x31, 0x18, 0xbf, 0x17, 0x20, 0x01, 0x28, 0x01, 0x12, 0x29, 0x0a,
   0x20, 0x61, 0x72, 0x6d, 0x5f, 0x73, 0x6f, 0x6c, 0x76, 0x65, 0x72, 0x5f, 0x68, 0x6f, 0x6c, 0x64,
   0x5f, 0x63, 0x6c, 0x6f, 0x73, 0x65, 0x5f, 0x71, 0x64, 0x5f, 0x6a, 0x6f, 0x69, 0x6e, 0x74, 0x5f,
   0x32, 0x18, 0xc0, 0x17, 0x20, 0x01, 0x28, 0x01, 0x12, 0x29, 0x0a, 0x20, 0x61, 0x72, 0x6d, 0x5f,
   0x73, 0x6f, 0x6c, 0x76, 0x65, 0x72, 0x5f, 0x68, 0x6f, 0x6c, 0x64, 0x5f, 0x63, 0x6c, 0x6f, 0x73,
   0x65, 0x5f, 0x71, 0x64, 0x5f, 0x6a, 0x6f, 0x69, 0x6e, 0x74, 0x5f, 0x33, 0x18, 0xc1, 0x17, 0x20,
   0x01, 0x28, 0x01, 0x12, 0x29, 0x0a, 0x20, 0x61, 0x72, 0x6d, 0x5f, 0x73, 0x6f, 0x6c, 0x76, 0x65,
   0x72, 0x5f, 0x68, 0x6f, 0x6c, 0x64, 0x5f, 0x63, 0x6c, 0x6f, 0x73, 0x65, 0x5f, 0x71, 0x64, 0x5f,
   0x6a, 0x6f, 0x69, 0x6e, 0x74, 0x5f, 0x34, 0x18, 0xc2, 0x17, 0x20, 0x01, 0x28, 0x01, 0x12, 0x29,
   0x0a, 0x20, 0x61, 0x72, 0x6d, 0x5f, 0x73, 0x6f, 0x6c, 0x76, 0x65, 0x72, 0x5f, 0x68, 0x6f, 0x6c,
   0x64, 0x5f, 0x63, 0x6c, 0x6f, 0x73, 0x65, 0x5f, 0x71, 0x64, 0x5f, 0x6a, 0x6f, 0x69, 0x6e, 0x74,
   0x5f, 0x35, 0x18, 0xc3, 0x17, 0x20, 0x01, 0x28, 0x01, 0x12, 0x29, 0x0a, 0x20, 0x61, 0x72, 0x6d,
   0x5f, 0x73, 0x6f, 0x6c, 0x76, 0x65, 0x72, 0x5f, 0x68, 0x6f, 0x6c, 0x64, 0x5f, 0x63, 0x6c, 0x6f,
   0x73, 0x65, 0x5f, 0x71, 0x64, 0x5f, 0x6a, 0x6f, 0x69, 0x6e, 0x74, 0x5f, 0x36, 0x18, 0xc4, 0x17,
   0x20, 0x01, 0x28, 0x01, 0x12, 0x29, 0x0a, 0x20, 0x61, 0x72, 0x6d, 0x5f, 0x73, 0x6f, 0x6c, 0x76,
   0x65, 0x72, 0x5f, 0x68, 0x6f, 0x6c, 0x64, 0x5f, 0x63, 0x6c, 0x6f, 0x73, 0x65, 0x5f, 0x71, 0x64,
   0x5f, 0x6a, 0x6f, 0x69, 0x6e, 0x74, 0x5f, 0x37, 0x18, 0xc5, 0x17, 0x20, 0x01, 0x28, 0x01, 0x12,
   0x2a, 0x0a, 0x21, 0x61, 0x72, 0x6d, 0x5f, 0x73, 0x6f, 0x6c, 0x76, 0x65, 0x72, 0x5f, 0x68, 0x6f,
   0x6c, 0x64, 0x5f, 0x63, 0x6c, 0x6f, 0x73, 0x65, 0x5f, 0x71, 0x64, 0x64, 0x5f, 0x6a, 0x6f, 0x69,
   0x6e, 0x74, 0x5f, 0x31, 0x18, 0xc6, 0x17, 0x20, 0x01, 0x28, 0x01, 0x12, 0x2a, 0x0a, 0x21, 0x61,
   0x72, 0x6d, 0x5f, 0x73, 0x6f, 0x6c, 0x76, 0x65, 0x72, 0x5f, 0x68, 0x6f, 0x6c, 0x64, 0x5f, 0x63,
   0x6c, 0x6f, 0x73, 0x65, 0x5f, 0x71, 0x64, 0x64, 0x5f, 0x6a, 0x6f, 0x69, 0x6e, 0x74, 0x5f, 0x32,
   0x18, 0xc7, 0x17, 0x20, 0x01, 0x28, 0x01, 0x12, 0x2a, 0x0a, 0x21, 0x61, 0x72, 0x6d, 0x5f, 0x73,
   0x6f, 0x6c, 0x76, 0x65, 0x72, 0x5f, 0x68, 0x6f, 0x6c, 0x64, 0x5f, 0x63, 0x6c, 0x6f, 0x73, 0x65,
   0x5f, 0x71, 0x64, 0x64, 0x5f, 0x6a, 0x6f, 0x69, 0x6e, 0x74, 0x5f, 0x33, 0x18, 0xc8, 0x17, 0x20,
   0x01, 0x28, 0x01, 0x12, 0x2a, 0x0a, 0x21, 0x61, 0x72, 0x6d, 0x5f, 0x73, 0x6f, 0x6c, 0x76, 0x65,
   0x72, 0x5f, 0x68, 0x6f, 0x6c, 0x64, 0x5f, 0x63, 0x6c, 0x6f, 0x73, 0x65, 0x5f, 0x71, 0x64, 0x64,
   0x5f, 0x6a, 0x6f, 0x69, 0x6e, 0x74, 0x5f, 0x34, 0x18, 0xc9, 0x17, 0x20, 0x01, 0x28, 0x01, 0x12,
   0x2a, 0x0a, 0x21, 0x61, 0x72, 0x6d, 0x5f, 0x73, 0x6f, 0x6c, 0x76, 0x65, 0x72, 0x5f, 0x68, 0x6f,
   0x6c, 0x64, 0x5f, 0x63, 0x6c, 0x6f, 0x73, 0x65, 0x5f, 0x71, 0x64, 0x64, 0x5f, 0x6a, 0x6f, 0x69,
   0x6e, 0x74, 0x5f, 0x35, 0x18, 0xca, 0x17, 0x20, 0x01, 0x28, 0x01, 0x12, 0x2a, 0x0a, 0x21, 0x61,
   0x72, 0x6d, 0x5f, 0x73, 0x6f, 0x6c, 0x76, 0x65, 0x72, 0x5f, 0x68, 0x6f, 0x6c, 0x64, 0x5f, 0x63,
   0x6c, 0x6f, 0x73, 0x65, 0x5f, 0x71, 0x64, 0x64, 0x5f, 0x6a, 0x6f, 0x69, 0x6e, 0x74, 0x5f, 0x36,
   0x18, 0xcb, 0x17, 0x20, 0x01, 0x28, 0x01, 0x12, 0x2a, 0x0a, 0x21, 0x61, 0x72, 0x6d, 0x5f, 0x73,
   0x6f, 0x6c, 0x76, 0x65, 0x72, 0x5f, 0x68, 0x6f, 0x6c, 0x64, 0x5f, 0x63, 0x6c, 0x6f, 0x73, 0x65,
   0x5f, 0x71, 0x64, 0x64, 0x5f, 0x6a, 0x6f, 0x69, 0x6e, 0x74, 0x5f, 0x37, 0x18, 0xcc, 0x17, 0x20,
   0x01, 0x28, 0x01, 0x12, 0x2f, 0x0a, 0x26, 0x61, 0x72, 0x6d, 0x5f, 0x73, 0x6f, 0x6c, 0x76, 0x65,
   0x72, 0x5f, 0x68, 0x6f, 0x6c, 0x64, 0x5f, 0x63, 0x6c, 0x6f, 0x73, 0x65, 0x5f, 0x74, 0x61, 0x75,
   0x5f, 0x63, 0x74, 0x72, 0x6c, 0x5f, 0x6a, 0x6f, 0x69, 0x6e, 0x74, 0x5f, 0x31, 0x18, 0xcd, 0x17,
   0x20, 0x01, 0x28, 0x01, 0x12, 0x2f, 0x0a, 0x26, 0x61, 0x72, 0x6d, 0x5f, 0x73, 0x6f, 0x6c, 0x76,
   0x65, 0x72, 0x5f, 0x68, 0x6f, 0x6c, 0x64, 0x5f, 0x63, 0x6c, 0x6f, 0x73, 0x65, 0x5f, 0x74, 0x61,
   0x75, 0x5f, 0x63, 0x74, 0x72, 0x6c, 0x5f, 0x6a, 0x6f, 0x69, 0x6e, 0x74, 0x5f, 0x32, 0x18, 0xce,
   0x17, 0x20, 0x01, 0x28, 0x01, 0x12, 0x2f, 0x0a, 0x26, 0x61, 0x72, 0x6d, 0x5f, 0x73, 0x6f, 0x6c,
   0x76, 0x65, 0x72, 0x5f, 0x68, 0x6f, 0x6c, 0x64, 0x5f, 0x63, 0x6c, 0x6f, 0x73, 0x65, 0x5f, 0x74,
   0x61, 0x75, 0x5f, 0x63, 0x74, 0x72, 0x6c, 0x5f, 0x6a, 0x6f, 0x69, 0x6e, 0x74, 0x5f, 0x33, 0x18,
   0xcf, 0x17, 0x20, 0x01, 0x28, 0x01, 0x12, 0x2f, 0x0a, 0x26, 0x61, 0x72, 0x6d, 0x5f, 0x73, 0x6f,
   0x6c, 0x76, 0x65, 0x72, 0x5f, 0x68, 0x6f, 0x6c, 0x64, 0x5f, 0x63, 0x6c, 0x6f, 0x73, 0x65, 0x5f,
   0x74, 0x61, 0x75, 0x5f, 0x63, 0x74, 0x72, 0x6c, 0x5f, 0x6a, 0x6f, 0x69, 0x6e, 0x74, 0x5f, 0x34,
   0x18, 0xd0, 0x17, 0x20, 0x01, 0x28, 0x01, 0x12, 0x2f, 0x0a, 0x26, 0x61, 0x72, 0x6d, 0x5f, 0x73,
   0x6f, 0x6c, 0x76, 0x65, 0x72, 0x5f, 0x68, 0x6f, 0x6c, 0x64, 0x5f, 0x63, 0x6c, 0x6f, 0x73, 0x65,
   0x5f, 0x74, 0x61, 0x75, 0x5f, 0x63, 0x74, 0x72, 0x6c, 0x5f, 0x6a, 0x6f, 0x69, 0x6e, 0x74, 0x5f,
   0x35, 0x18, 0xd1, 0x17, 0x20, 0x01, 0x28, 0x01, 0x12, 0x2f, 0x0a, 0x26, 0x61, 0x72, 0x6d, 0x5f,
   0x73, 0x6f, 0x6c, 0x76, 0x65, 0x72, 0x5f, 0x68, 0x6f, 0x6c, 0x64, 0x5f, 0x63, 0x6c, 0x6f, 0x73,
   0x65, 0x5f, 0x74, 0x61, 0x75, 0x5f, 0x63, 0x74, 0x72, 0x6c, 0x5f, 0x6a, 0x6f, 0x69, 0x6e, 0x74,
   0x5f, 0x36, 0x18, 0xd2, 0x17, 0x20, 0x01, 0x28, 0x01, 0x12, 0x2f, 0x0a, 0x26, 0x61, 0x72, 0x6d,
   0x5f, 0x73, 0x6f, 0x6c, 0x76, 0x65, 0x72, 0x5f, 0x68, 0x6f, 0x6c, 0x64, 0x5f, 0x63, 0x6c, 0x6f,
   0x73, 0x65, 0x5f, 0x74, 0x61, 0x75, 0x5f, 0x63, 0x74, 0x72, 0x6c, 0x5f, 0x6a, 0x6f, 0x69, 0x6e,
   0x74, 0x5f, 0x37, 0x18, 0xd3, 0x17, 0x20, 0x01, 0x28, 0x01, 0x12, 0x2e, 0x0a, 0x25, 0x61, 0x72,
   0x6d, 0x5f, 0x73, 0x6f, 0x6c, 0x76, 0x65, 0x72, 0x5f, 0x68, 0x6f, 0x6c, 0x64, 0x5f, 0x63, 0x6c,
   0x6f, 0x73, 0x65, 0x5f, 0x74, 0x61, 0x75, 0x5f, 0x6d, 0x73, 0x72, 0x5f, 0x6a, 0x6f, 0x69, 0x6e,
   0x74, 0x5f, 0x31, 0x18, 0xd4, 0x17, 0x20, 0x01, 0x28, 0x01, 0x12, 0x2e, 0x0a, 0x25, 0x61, 0x72,
   0x6d, 0x5f, 0x73, 0x6f, 0x6c, 0x76, 0x65, 0x72, 0x5f, 0x68, 0x6f, 0x6c, 0x64, 0x5f, 0x63, 0x6c,
   0x6f, 0x73, 0x65, 0x5f, 0x74, 0x61, 0x75, 0x5f, 0x6d, 0x73, 0x72, 0x5f, 0x6a, 0x6f, 0x69, 0x6e,
   0x74, 0x5f, 0x32, 0x18, 0xd5, 0x17, 0x20, 0x01, 0x28, 0x01, 0x12, 0x2e, 0x0a, 0x25, 0x61, 0x72,
   0x6d, 0x5f, 0x73, 0x6f, 0x6c, 0x76, 0x65, 0x72, 0x5f, 0x68, 0x6f, 0x6c, 0x64, 0x5f, 0x63, 0x6c,
   0x6f, 0x73, 0x65, 0x5f, 0x74, 0x61, 0x75, 0x5f, 0x6d, 0x73, 0x72, 0x5f, 0x6a, 0x6f, 0x69, 0x6e,
   0x74, 0x5f, 0x33, 0x18, 0xd6, 0x17, 0x20, 0x01, 0x28, 0x01, 0x12, 0x2e, 0x0a, 0x25, 0x61, 0x72,
   0x6d, 0x5f, 0x73, 0x6f, 0x6c, 0x76, 0x65, 0x72, 0x5f, 0x68, 0x6f, 0x6c, 0x64, 0x5f, 0x63, 0x6c,
   0x6f, 0x73, 0x65, 0x5f, 0x74, 0x61, 0x75, 0x5f, 0x6d, 0x73, 0x72, 0x5f, 0x6a, 0x6f, 0x69, 0x6e,
   0x74, 0x5f, 0x34, 0x18, 0xd7, 0x17, 0x20, 0x01, 0x28, 0x01, 0x12, 0x2e, 0x0a, 0x25, 0x61, 0x72,
   0x6d, 0x5f, 0x73, 0x6f, 0x6c, 0x76, 0x65, 0x72, 0x5f, 0x68, 0x6f, 0x6c, 0x64, 0x5f, 0x63, 0x6c,
   0x6f, 0x73, 0x65, 0x5f, 0x74, 0x61, 0x75, 0x5f, 0x6d, 0x73, 0x72, 0x5f, 0x6a, 0x6f, 0x69, 0x6e,
   0x74, 0x5f, 0x35, 0x18, 0xd8, 0x17, 0x20, 0x01, 0x28, 0x01, 0x12, 0x2e, 0x0a, 0x25, 0x61, 0x72,
   0x6d, 0x5f, 0x73, 0x6f, 0x6c, 0x76, 0x65, 0x72, 0x5f, 0x68, 0x6f, 0x6c, 0x64, 0x5f, 0x63, 0x6c,
   0x6f, 0x73, 0x65, 0x5f, 0x74, 0x61, 0x75, 0x5f, 0x6d, 0x73, 0x72, 0x5f, 0x6a, 0x6f, 0x69, 0x6e,
   0x74, 0x5f, 0x36, 0x18, 0xd9, 0x17, 0x20, 0x01, 0x28, 0x01, 0x12, 0x2e, 0x0a, 0x25, 0x61, 0x72,
   0x6d, 0x5f, 0x73, 0x6f, 0x6c, 0x76, 0x65, 0x72, 0x5f, 0x68, 0x6f, 0x6c, 0x64, 0x5f, 0x63, 0x6c,
   0x6f, 0x73, 0x65, 0x5f, 0x74, 0x61, 0x75, 0x5f, 0x6d, 0x73, 0x72, 0x5f, 0x6a, 0x6f, 0x69, 0x6e,
   0x74, 0x5f, 0x37, 0x18, 0xda, 0x17, 0x20, 0x01, 0x28, 0x01, 0x12, 0x1f, 0x0a, 0x16, 0x63, 0x6d,
   0x64, 0x5f, 0x63, 0x74, 0x72, 0x6c, 0x5f, 0x63, 0x6c, 0x6f, 0x73, 0x65, 0x5f, 0x67, 0x72, 0x69,
   0x70, 0x70, 0x65, 0x72, 0x18, 0xdb, 0x17, 0x20, 0x01, 0x28, 0x01, 0x12, 0x1e, 0x0a, 0x15, 0x63,
   0x6d, 0x64, 0x5f, 0x63, 0x74, 0x72, 0x6c, 0x5f, 0x6f, 0x70, 0x65, 0x6e, 0x5f, 0x67, 0x72, 0x69,
   0x70, 0x70, 0x65, 0x72, 0x18, 0xdc, 0x17, 0x20, 0x01, 0x28, 0x01, 0x12, 0x33, 0x0a, 0x2a, 0x63,
   0x74, 0x72, 0x6c, 0x5f, 0x68, 0x6f, 0x6c, 0x64, 0x5f, 0x6f, 0x72, 0x69, 0x65, 0x6e, 0x74, 0x61,
   0x74, 0x69, 0x6f, 0x6e, 0x5f, 0x61, 0x6e, 0x67, 0x5f, 0x78, 0x5f, 0x65, 0x72, 0x72, 0x6f, 0x72,
   0x5f, 0x69, 0x6e, 0x74, 0x65, 0x67, 0x72, 0x61, 0x6c, 0x18, 0xdd, 0x17, 0x20, 0x01, 0x28, 0x01,
   0x12, 0x33, 0x0a, 0x2a, 0x63, 0x74, 0x72, 0x6c, 0x5f, 0x68, 0x6f, 0x6c, 0x64, 0x5f, 0x6f, 0x72,
   0x69, 0x65, 0x6e, 0x74, 0x61, 0x74, 0x69, 0x6f, 0x6e, 0x5f, 0x61, 0x6e, 0x67, 0x5f, 0x78, 0x5f,
   0x70, 0x72, 0x65, 0x76, 0x69, 0x6f, 0x75, 0x73, 0x5f, 0x65, 0x72, 0x72, 0x6f, 0x72, 0x18, 0xde,
   0x17, 0x20, 0x01, 0x28, 0x01, 0x12, 0x33, 0x0a, 0x2a, 0x63, 0x74, 0x72, 0x6c, 0x5f, 0x68, 0x6f,
   0x6c, 0x64, 0x5f, 0x6f, 0x72, 0x69, 0x65, 0x6e, 0x74, 0x61, 0x74, 0x69, 0x6f, 0x6e, 0x5f, 0x61,
   0x6e, 0x67, 0x5f, 0x79, 0x5f, 0x65, 0x72, 0x72, 0x6f, 0x72, 0x5f, 0x69, 0x6e, 0x74, 0x65, 0x67,
   0x72, 0x61, 0x6c, 0x18, 0xdf, 0x17, 0x20, 0x01, 0x28, 0x01, 0x12, 0x33, 0x0a, 0x2a, 0x63, 0x74,
   0x72, 0x6c, 0x5f, 0x68, 0x6f, 0x6c, 0x64, 0x5f, 0x6f, 0x72, 0x69, 0x65, 0x6e, 0x74, 0x61, 0x74,
   0x69, 0x6f, 0x6e, 0x5f, 0x61, 0x6e, 0x67, 0x5f, 0x79, 0x5f, 0x70, 0x72, 0x65, 0x76, 0x69, 0x6f,
   0x75, 0x73, 0x5f, 0x65, 0x72, 0x72, 0x6f, 0x72, 0x18, 0xe0, 0x17, 0x20, 0x01, 0x28, 0x01, 0x12,
   0x33, 0x0a, 0x2a, 0x63, 0x74, 0x72, 0x6c, 0x5f, 0x68, 0x6f, 0x6c, 0x64, 0x5f, 0x6f, 0x72, 0x69,
   0x65, 0x6e, 0x74, 0x61, 0x74, 0x69, 0x6f, 0x6e, 0x5f, 0x61, 0x6e, 0x67, 0x5f, 0x7a, 0x5f, 0x65,
   0x72, 0x72, 0x6f, 0x72, 0x5f, 0x69, 0x6e, 0x74, 0x65, 0x67, 0x72, 0x61, 0x6c, 0x18, 0xe1, 0x17,
   0x20, 0x01, 0x28, 0x01, 0x12, 0x33, 0x0a, 0x2a, 0x63, 0x74, 0x72, 0x6c, 0x5f, 0x68, 0x6f, 0x6c,
   0x64, 0x5f, 0x6f, 0x72, 0x69, 0x65, 0x6e, 0x74, 0x61, 0x74, 0x69, 0x6f, 0x6e, 0x5f, 0x61, 0x6e,
   0x67, 0x5f, 0x7a, 0x5f, 0x70, 0x72, 0x65, 0x76, 0x69, 0x6f, 0x75, 0x73, 0x5f, 0x65, 0x72, 0x72,
   0x6f, 0x72, 0x18, 0xe2, 0x17, 0x20, 0x01, 0x28, 0x01, 0x12, 0x28, 0x0a, 0x1f, 0x63, 0x74, 0x72,
   0x6c, 0x5f, 0x68, 0x6f, 0x6c, 0x64, 0x5f, 0x6f, 0x72, 0x69, 0x65, 0x6e, 0x74, 0x61, 0x74, 0x69,
   0x6f, 0x6e, 0x5f, 0x65, 0x72, 0x72, 0x5f, 0x61, 0x6e, 0x67, 0x5f, 0x78, 0x18, 0xe3, 0x17, 0x20,
   0x01, 0x28, 0x01, 0x12, 0x28, 0x0a, 0x1f, 0x63, 0x74, 0x72, 0x6c, 0x5f, 0x68, 0x6f, 0x6c, 0x64,
   0x5f, 0x6f, 0x72, 0x69, 0x65, 0x6e, 0x74, 0x61, 0x74, 0x69, 0x6f, 0x6e, 0x5f, 0x65, 0x72, 0x72,
   0x5f, 0x61, 0x6e, 0x67, 0x5f, 0x79, 0x18, 0xe4, 0x17, 0x20, 0x01, 0x28, 0x01, 0x12, 0x28, 0x0a,
   0x1f, 0x63, 0x74, 0x72, 0x6c, 0x5f, 0x68, 0x6f, 0x6c, 0x64, 0x5f, 0x6f, 0x72, 0x69, 0x65, 0x6e,
   0x74, 0x61, 0x74, 0x69, 0x6f, 0x6e, 0x5f, 0x65, 0x72, 0x72, 0x5f, 0x61, 0x6e, 0x67, 0x5f, 0x7a,
   0x18, 0xe5, 0x17, 0x20, 0x01, 0x28, 0x01, 0x12, 0x25, 0x0a, 0x1c, 0x63, 0x74, 0x72, 0x6c, 0x5f,
   0x68, 0x6f, 0x6c, 0x64, 0x5f, 0x70, 0x6f, 0x73, 0x69, 0x74, 0x69, 0x6f, 0x6e, 0x5f, 0x65, 0x72,
   0x72, 0x5f, 0x6c, 0x69, 0x6e, 0x5f, 0x78, 0x18, 0xe6, 0x17, 0x20, 0x01, 0x28, 0x01, 0x12, 0x25,
   0x0a, 0x1c, 0x63, 0x74, 0x72, 0x6c, 0x5f, 0x68, 0x6f, 0x6c, 0x64, 0x5f, 0x70, 0x6f, 0x73, 0x69,
   0x74, 0x69, 0x6f, 0x6e, 0x5f, 0x65, 0x72, 0x72, 0x5f, 0x6c, 0x69, 0x6e, 0x5f, 0x79, 0x18, 0xe7,
   0x17, 0x20, 0x01, 0x28, 0x01, 0x12, 0x25, 0x0a, 0x1c, 0x63, 0x74, 0x72, 0x6c, 0x5f, 0x68, 0x6f,
   0x6c, 0x64, 0x5f, 0x70, 0x6f, 0x73, 0x69, 0x74, 0x69, 0x6f, 0x6e, 0x5f, 0x65, 0x72, 0x72, 0x5f,
   0x6c, 0x69, 0x6e, 0x5f, 0x7a, 0x18, 0xe8, 0x17, 0x20, 0x01, 0x28, 0x01, 0x12, 0x30, 0x0a, 0x27,
   0x63, 0x74, 0x72, 0x6c, 0x5f, 0x68, 0x6f, 0x6c, 0x64, 0x5f, 0x70, 0x6f, 0x73, 0x69, 0x74, 0x69,
   0x6f, 0x6e, 0x5f, 0x6c, 0x69, 0x6e, 0x5f, 0x78, 0x5f, 0x65, 0x72, 0x72, 0x6f, 0x72, 0x5f, 0x69,
   0x6e, 0x74, 0x65, 0x67, 0x72, 0x61, 0x6c, 0x18, 0xe9, 0x17, 0x20, 0x01, 0x28, 0x01, 0x12, 0x30,
   0x0a, 0x27, 0x63, 0x74, 0x72, 0x6c, 0x5f, 0x68, 0x6f, 0x6c, 0x64, 0x5f, 0x70, 0x6f, 0x73, 0x69,
   0x74, 0x69, 0x6f, 0x6e, 0x5f, 0x6c, 0x69, 0x6e, 0x5f, 0x78, 0x5f, 0x70, 0x72, 0x65, 0x76, 0x69,
   0x6f, 0x75, 0x73, 0x5f, 0x65, 0x72, 0x72, 0x6f, 0x72, 0x18, 0xea, 0x17, 0x20, 0x01, 0x28, 0x01,
   0x12, 0x30, 0x0a, 0x27, 0x63, 0x74, 0x72, 0x6c, 0x5f, 0x68, 0x6f, 0x6c, 0x64, 0x5f, 0x70, 0x6f,
   0x73, 0x69, 0x74, 0x69, 0x6f, 0x6e, 0x5f, 0x6c, 0x69, 0x6e, 0x5f, 0x79, 0x5f, 0x65, 0x72, 0x72,
   0x6f, 0x72, 0x5f, 0x69, 0x6e, 0x74, 0x65, 0x67, 0x72, 0x61, 0x6c, 0x18, 0xeb, 0x17, 0x20, 0x01,
   0x28, 0x01, 0x12, 0x30, 0x0a, 0x27, 0x63, 0x74, 0x72, 0x6c, 0x5f, 0x68, 0x6f, 0x6c, 0x64, 0x5f,
   0x70, 0x6f, 0x73, 0x69, 0x74, 0x69, 0x6f, 0x6e, 0x5f, 0x6c, 0x69, 0x6e, 0x5f, 0x79, 0x5f, 0x70,
   0x72, 0x65, 0x76, 0x69, 0x6f, 0x75, 0x73, 0x5f, 0x65, 0x72, 0x72, 0x6f, 0x72, 0x18, 0xec, 0x17,
   0x20, 0x01, 0x28, 0x01, 0x12, 0x30, 0x0a, 0x27, 0x63, 0x74, 0x72, 0x6c, 0x5f, 0x68, 0x6f, 0x6c,
   0x64, 0x5f, 0x70, 0x6f, 0x73, 0x69, 0x74, 0x69, 0x6f, 0x6e, 0x5f, 0x6c, 0x69, 0x6e, 0x5f, 0x7a,
   0x5f, 0x65, 0x72, 0x72, 0x6f, 0x72, 0x5f, 0x69, 0x6e, 0x74, 0x65, 0x67, 0x72, 0x61, 0x6c, 0x18,
   0xed, 0x17, 0x20, 0x01, 0x28, 0x01, 0x12, 0x30, 0x0a, 0x27, 0x63, 0x74, 0x72, 0x6c, 0x5f, 0x68,
   0x6f, 0x6c, 0x64, 0x5f, 0x70, 0x6f, 0x73, 0x69, 0x74, 0x69, 0x6f, 0x6e, 0x5f, 0x6c, 0x69, 0x6e,
   0x5f, 0x7a, 0x5f, 0x70, 0x72, 0x65, 0x76, 0x69, 0x6f, 0x75, 0x73, 0x5f, 0x65, 0x72, 0x72, 0x6f,
   0x72, 0x18, 0xee, 0x17, 0x20, 0x01, 0x28, 0x01, 0x12, 0x38, 0x0a, 0x2f, 0x63, 0x74, 0x72, 0x6c,
   0x5f, 0x6f, 0x70, 0x65, 0x6e, 0x5f, 0x68, 0x6f, 0x6c, 0x64, 0x5f, 0x6f, 0x72, 0x69, 0x65, 0x6e,
   0x74, 0x61, 0x74, 0x69, 0x6f, 0x6e, 0x5f, 0x61, 0x6e, 0x67, 0x5f, 0x78, 0x5f, 0x65, 0x72, 0x72,
   0x6f, 0x72, 0x5f, 0x69, 0x6e, 0x74, 0x65, 0x67, 0x72, 0x61, 0x6c, 0x18, 0xef, 0x17, 0x20, 0x01,
   0x28, 0x01, 0x12, 0x38, 0x0a, 0x2f, 0x63, 0x74, 0x72, 0x6c, 0x5f, 0x6f, 0x70, 0x65, 0x6e, 0x5f,
   0x68, 0x6f, 0x6c, 0x64, 0x5f, 0x6f, 0x72, 0x69, 0x65, 0x6e, 0x74, 0x61, 0x74, 0x69, 0x6f, 0x6e,
   0x5f, 0x61, 0x6e, 0x67, 0x5f, 0x78, 0x5f, 0x70, 0x72, 0x65, 0x76, 0x69, 0x6f, 0x75, 0x73, 0x5f,
   0x65, 0x72, 0x72, 0x6f, 0x72, 0x18, 0xf0, 0x17, 0x20, 0x01, 0x28, 0x01, 0x12, 0x38, 0x0a, 0x2f,
   0x63, 0x74, 0x72, 0x6c, 0x5f, 0x6f, 0x70, 0x65, 0x6e, 0x5f, 0x68, 0x6f, 0x6c, 0x64, 0x5f, 0x6f,
   0x72, 0x69, 0x65, 0x6e, 0x74, 0x61, 0x74, 0x69, 0x6f, 0x6e, 0x5f, 0x61, 0x6e, 0x67, 0x5f, 0x79,
   0x5f, 0x65, 0x72, 0x72, 0x6f, 0x72, 0x5f, 0x69, 0x6e, 0x74, 0x65, 0x67, 0x72, 0x61, 0x6c, 0x18,
   0xf1, 0x17, 0x20, 0x01, 0x28, 0x01, 0x12, 0x38, 0x0a, 0x2f, 0x63, 0x74, 0x72, 0x6c, 0x5f, 0x6f,
   0x70, 0x65, 0x6e, 0x5f, 0x68, 0x6f, 0x6c, 0x64, 0x5f, 0x6f, 0x72, 0x69, 0x65, 0x6e, 0x74, 0x61,
   0x74, 0x69, 0x6f, 0x6e, 0x5f, 0x61, 0x6e, 0x67, 0x5f, 0x79, 0x5f, 0x70, 0x72, 0x65, 0x76, 0x69,
   0x6f, 0x75, 0x73, 0x5f, 0x65, 0x72, 0x72, 0x6f, 0x72, 0x18, 0xf2, 0x17, 0x20, 0x01, 0x28, 0x01,
   0x12, 0x38, 0x0a, 0x2f, 0x63, 0x74, 0x72, 0x6c, 0x5f, 0x6f, 0x70, 0x65, 0x6e, 0x5f, 0x68, 0x6f,
   0x6c, 0x64, 0x5f, 0x6f, 0x72, 0x69, 0x65, 0x6e, 0x74, 0x61, 0x74, 0x69, 0x6f, 0x6e, 0x5f, 0x61,
   0x6e, 0x67, 0x5f, 0x7a, 0x5f, 0x65, 0x72, 0x72, 0x6f, 0x72, 0x5f, 0x69, 0x6e, 0x74, 0x65, 0x67,
   0x72, 0x61, 0x6c, 0x18, 0xf3, 0x17, 0x20, 0x01, 0x28, 0x01, 0x12, 0x38, 0x0a, 0x2f, 0x63, 0x74,
   0x72, 0x6c, 0x5f, 0x6f, 0x70, 0x65, 0x6e, 0x5f, 0x68, 0x6f, 0x6c, 0x64, 0x5f, 0x6f, 0x72, 0x69,
   0x65, 0x6e, 0x74, 0x61, 0x74, 0x69, 0x6f, 0x6e, 0x5f, 0x61, 0x6e, 0x67, 0x5f, 0x7a, 0x5f, 0x70,
   0x72, 0x65, 0x76, 0x69, 0x6f, 0x75, 0x73, 0x5f, 0x65, 0x72, 0x72, 0x6f, 0x72, 0x18, 0xf4, 0x17,
   0x20, 0x01, 0x28, 0x01, 0x12, 0x2d, 0x0a, 0x24, 0x63, 0x74, 0x72, 0x6c, 0x5f, 0x6f, 0x70, 0x65,
   0x6e, 0x5f, 0x68, 0x6f, 0x6c, 0x64, 0x5f, 0x6f, 0x72, 0x69, 0x65, 0x6e, 0x74, 0x61, 0x74, 0x69,
   0x6f, 0x6e, 0x5f, 0x65, 0x72, 0x72, 0x5f, 0x61, 0x6e, 0x67, 0x5f, 0x78, 0x18, 0xf5, 0x17, 0x20,
   0x01, 0x28, 0x01, 0x12, 0x2d, 0x0a, 0x24, 0x63, 0x74, 0x72, 0x6c, 0x5f, 0x6f, 0x70, 0x65, 0x6e,
   0x5f, 0x68, 0x6f, 0x6c, 0x64, 0x5f, 0x6f, 0x72, 0x69, 0x65, 0x6e, 0x74, 0x61, 0x74, 0x69, 0x6f,
   0x6e, 0x5f, 0x65, 0x72, 0x72, 0x5f, 0x61, 0x6e, 0x67, 0x5f, 0x79, 0x18, 0xf6, 0x17, 0x20, 0x01,
   0x28, 0x01, 0x12, 0x2d, 0x0a, 0x24, 0x63, 0x74, 0x72, 0x6c, 0x5f, 0x6f, 0x70, 0x65, 0x6e, 0x5f,
   0x68, 0x6f, 0x6c, 0x64, 0x5f, 0x6f, 0x72, 0x69, 0x65, 0x6e, 0x74, 0x61, 0x74, 0x69, 0x6f, 0x6e,
   0x5f, 0x65, 0x72, 0x72, 0x5f, 0x61, 0x6e, 0x67, 0x5f, 0x7a, 0x18, 0xf7, 0x17, 0x20, 0x01, 0x28,
   0x01, 0x12, 0x2a, 0x0a, 0x21, 0x63, 0x74, 0x72, 0x6c, 0x5f, 0x6f, 0x70, 0x65, 0x6e, 0x5f, 0x68,
   0x6f, 0x6c, 0x64, 0x5f, 0x70, 0x6f, 0x73, 0x69, 0x74, 0x69, 0x6f, 0x6e, 0x5f, 0x65, 0x72, 0x72,
   0x5f, 0x6c, 0x69, 0x6e, 0x5f, 0x78, 0x18, 0xf8, 0x17, 0x20, 0x01, 0x28, 0x01, 0x12, 0x2a, 0x0a,
   0x21, 0x63, 0x74, 0x72, 0x6c, 0x5f, 0x6f, 0x70, 0x65, 0x6e, 0x5f, 0x68, 0x6f, 0x6c, 0x64, 0x5f,
   0x70, 0x6f, 0x73, 0x69, 0x74, 0x69, 0x6f, 0x6e, 0x5f, 0x65, 0x72, 0x72, 0x5f, 0x6c, 0x69, 0x6e,
   0x5f, 0x79, 0x18, 0xf9, 0x17, 0x20, 0x01, 0x28, 0x01, 0x12, 0x2a, 0x0a, 0x21, 0x63, 0x74, 0x72,
   0x6c, 0x5f, 0x6f, 0x70, 0x65, 0x6e, 0x5f, 0x68, 0x6f, 0x6c, 0x64, 0x5f, 0x70, 0x6f, 0x73, 0x69,
   0x74, 0x69, 0x6f, 0x6e, 0x5f, 0x65, 0x72, 0x72, 0x5f, 0x6c, 0x69, 0x6e, 0x5f, 0x7a, 0x18, 0xfa,
   0x17, 0x20, 0x01, 0x28, 0x01, 0x12, 0x35, 0x0a, 0x2c, 0x63, 0x74, 0x72, 0x6c, 0x5f, 0x6f, 0x70,
   0x65, 0x6e, 0x5f, 0x68, 0x6f, 0x6c, 0x64, 0x5f, 0x70, 0x6f, 0x73, 0x69, 0x74, 0x69, 0x6f, 0x6e,
   0x5f, 0x6c, 0x69, 0x6e, 0x5f, 0x78, 0x5f, 0x65, 0x72, 0x72, 0x6f, 0x72, 0x5f, 0x69, 0x6e, 0x74,
   0x65, 0x67, 0x72, 0x61, 0x6c, 0x18, 0xfb, 0x17, 0x20, 0x01, 0x28, 0x01, 0x12, 0x35, 0x0a, 0x2c,
   0x63, 0x74, 0x72, 0x6c, 0x5f, 0x6f, 0x70, 0x65, 0x6e, 0x5f, 0x68, 0x6f, 0x6c, 0x64, 0x5f, 0x70,
   0x6f, 0x73, 0x69, 0x74, 0x69, 0x6f, 0x6e, 0x5f, 0x6c, 0x69, 0x6e, 0x5f, 0x78, 0x5f, 0x70, 0x72,
   0x65, 0x76, 0x69, 0x6f, 0x75, 0x73, 0x5f, 0x65, 0x72, 0x72, 0x6f, 0x72, 0x18, 0xfc, 0x17, 0x20,
   0x01, 0x28, 0x01, 0x12, 0x35, 0x0a, 0x2c, 0x63, 0x74, 0x72, 0x6c, 0x5f, 0x6f, 0x70, 0x65, 0x6e,
   0x5f, 0x68, 0x6f, 0x6c, 0x64, 0x5f, 0x70, 0x6f, 0x73, 0x69, 0x74, 0x69, 0x6f, 0x6e, 0x5f, 0x6c,
   0x69, 0x6e, 0x5f, 0x79, 0x5f, 0x65, 0x72, 0x72, 0x6f, 0x72, 0x5f, 0x69, 0x6e, 0x74, 0x65, 0x67,
   0x72, 0x61, 0x6c, 0x18, 0xfd, 0x17, 0x20, 0x01, 0x28, 0x01, 0x12, 0x35, 0x0a, 0x2c, 0x63, 0x74,
   0x72, 0x6c, 0x5f, 0x6f, 0x70, 0x65, 0x6e, 0x5f, 0x68, 0x6f, 0x6c, 0x64, 0x5f, 0x70, 0x6f, 0x73,
   0x69, 0x74, 0x69, 0x6f, 0x6e, 0x5f, 0x6c, 0x69, 0x6e, 0x5f, 0x79, 0x5f, 0x70, 0x72, 0x65, 0x76,
   0x69, 0x6f, 0x75, 0x73, 0x5f, 0x65, 0x72, 0x72, 0x6f, 0x72, 0x18, 0xfe, 0x17, 0x20, 0x01, 0x28,
   0x01, 0x12, 0x35, 0x0a, 0x2c, 0x63, 0x74, 0x72, 0x6c, 0x5f, 0x6f, 0x70, 0x65, 0x6e, 0x5f, 0x68,
   0x6f, 0x6c, 0x64, 0x5f, 0x70, 0x6f, 0x73, 0x69, 0x74, 0x69, 0x6f, 0x6e, 0x5f, 0x6c, 0x69, 0x6e,
   0x5f, 0x7a, 0x5f, 0x65, 0x72, 0x72, 0x6f, 0x72, 0x5f, 0x69, 0x6e, 0x74, 0x65, 0x67, 0x72, 0x61,
   0x6c, 0x18, 0xff, 0x17, 0x20, 0x01, 0x28, 0x01, 0x12, 0x35, 0x0a, 0x2c, 0x63, 0x74, 0x72, 0x6c,
   0x5f, 0x6f, 0x70, 0x65, 0x6e, 0x5f, 0x68, 0x6f, 0x6c, 0x64, 0x5f, 0x70, 0x6f, 0x73, 0x69, 0x74,
   0x69, 0x6f, 0x6e, 0x5f, 0x6c, 0x69, 0x6e, 0x5f, 0x7a, 0x5f, 0x70, 0x72, 0x65, 0x76, 0x69, 0x6f,
   0x75, 0x73, 0x5f, 0x65, 0x72, 0x72, 0x6f, 0x72, 0x18, 0x80, 0x18, 0x20, 0x01, 0x28, 0x01, 0x12,
   0x29, 0x0a, 0x20, 0x65, 0x61, 0x63, 0x63, 0x5f, 0x63, 0x74, 0x72, 0x6c, 0x5f, 0x68, 0x6f, 0x6c,
   0x64, 0x5f, 0x6f, 0x72, 0x69, 0x65, 0x6e, 0x74, 0x61, 0x74, 0x69, 0x6f, 0x6e, 0x5f, 0x61, 0x6e,
   0x67, 0x5f, 0x78, 0x18, 0x81, 0x18, 0x20, 0x01, 0x28, 0x01, 0x12, 0x29, 0x0a, 0x20, 0x65, 0x61,
   0x63, 0x63, 0x5f, 0x63, 0x74, 0x72, 0x6c, 0x5f, 0x68, 0x6f, 0x6c, 0x64, 0x5f, 0x6f, 0x72, 0x69,
   0x65, 0x6e, 0x74, 0x61, 0x74, 0x69, 0x6f, 0x6e, 0x5f, 0x61, 0x6e, 0x67, 0x5f, 0x79, 0x18, 0x82,
   0x18, 0x20, 0x01, 0x28, 0x01, 0x12, 0x29, 0x0a, 0x20, 0x65, 0x61, 0x63, 0x63, 0x5f, 0x63, 0x74,
   0x72, 0x6c, 0x5f, 0x68, 0x6f, 0x6c, 0x64, 0x5f, 0x6f, 0x72, 0x69, 0x65, 0x6e, 0x74, 0x61, 0x74,
   0x69, 0x6f, 0x6e, 0x5f, 0x61, 0x6e, 0x67, 0x5f, 0x7a, 0x18, 0x83, 0x18, 0x20, 0x01, 0x28, 0x01,
   0x12, 0x26, 0x0a, 0x1d, 0x65, 0x61, 0x63, 0x63, 0x5f, 0x63, 0x74, 0x72, 0x6c, 0x5f, 0x68, 0x6f,
   0x6c, 0x64, 0x5f, 0x70, 0x6f, 0x73, 0x69, 0x74, 0x69, 0x6f, 0x6e, 0x5f, 0x6c, 0x69, 0x6e, 0x5f,
   0x78, 0x18, 0x84, 0x18, 0x20, 0x01, 0x28, 0x01, 0x12, 0x26, 0x0a, 0x1d, 0x65, 0x61, 0x63, 0x63,
   0x5f, 0x63, 0x74, 0x72, 0x6c, 0x5f, 0x68, 0x6f, 0x6c, 0x64, 0x5f, 0x70, 0x6f, 0x73, 0x69, 0x74,
   0x69, 0x6f, 0x6e, 0x5f, 0x6c, 0x69, 0x6e, 0x5f, 0x79, 0x18, 0x85, 0x18, 0x20, 0x01, 0x28, 0x01,
   0x12, 0x26, 0x0a, 0x1d, 0x65, 0x61, 0x63, 0x63, 0x5f, 0x63, 0x74, 0x72, 0x6c, 0x5f, 0x68, 0x6f,
   0x6c, 0x64, 0x5f, 0x70, 0x6f, 0x73, 0x69, 0x74, 0x69, 0x6f, 0x6e, 0x5f, 0x6c, 0x69, 0x6e, 0x5f,
   0x7a, 0x18, 0x86, 0x18, 0x20, 0x01, 0x28, 0x01, 0x12, 0x2e, 0x0a, 0x25, 0x65, 0x61, 0x63, 0x63,
   0x5f, 0x63, 0x74, 0x72, 0x6c, 0x5f, 0x6f, 0x70, 0x65, 0x6e, 0x5f, 0x68, 0x6f, 0x6c, 0x64, 0x5f,
   0x6f, 0x72, 0x69, 0x65, 0x6e, 0x74, 0x61, 0x74, 0x69, 0x6f, 0x6e, 0x5f, 0x61, 0x6e, 0x67, 0x5f,
   0x78, 0x18, 0x87, 0x18, 0x20, 0x01, 0x28, 0x01, 0x12, 0x2e, 0x0a, 0x25, 0x65, 0x61, 0x63, 0x63,
   0x5f, 0x63, 0x74, 0x72, 0x6c, 0x5f, 0x6f, 0x70, 0x65, 0x6e, 0x5f, 0x68, 0x6f, 0x6c, 0x64, 0x5f,
   0x6f, 0x72, 0x69, 0x65, 0x6e, 0x74, 0x61, 0x74, 0x69, 0x6f, 0x6e, 0x5f, 0x61, 0x6e, 0x67, 0x5f,
   0x79, 0x18, 0x88, 0x18, 0x20, 0x01, 0x28, 0x01, 0x12, 0x2e, 0x0a, 0x25, 0x65, 0x61, 0x63, 0x63,
   0x5f, 0x63, 0x74, 0x72, 0x6c, 0x5f, 0x6f, 0x70, 0x65, 0x6e, 0x5f, 0x68, 0x6f, 0x6c, 0x64, 0x5f,
   0x6f, 0x72, 0x69, 0x65, 0x6e, 0x74, 0x61, 0x74, 0x69, 0x6f, 0x6e, 0x5f, 0x61, 0x6e, 0x67, 0x5f,
   0x7a, 0x18, 0x89, 0x18, 0x20, 0x01, 0x28, 0x01, 0x12, 0x2b, 0x0a, 0x22, 0x65, 0x61, 0x63, 0x63,
   0x5f, 0x63, 0x74, 0x72, 0x6c, 0x5f, 0x6f, 0x70, 0x65, 0x6e, 0x5f, 0x68, 0x6f, 0x6c, 0x64, 0x5f,
   0x70, 0x6f, 0x73, 0x69, 0x74, 0x69, 0x6f, 0x6e, 0x5f, 0x6c, 0x69, 0x6e, 0x5f, 0x78, 0x18, 0x8a,
   0x18, 0x20, 0x01, 0x28, 0x01, 0x12, 0x2b, 0x0a, 0x22, 0x65, 0x61, 0x63, 0x63, 0x5f, 0x63, 0x74,
   0x72, 0x6c, 0x5f, 0x6f, 0x70, 0x65, 0x6e, 0x5f, 0x68, 0x6f, 0x6c, 0x64, 0x5f, 0x70, 0x6f, 0x73,
   0x69, 0x74, 0x69, 0x6f, 0x6e, 0x5f, 0x6c, 0x69, 0x6e, 0x5f, 0x79, 0x18, 0x8b, 0x18, 0x20, 0x01,
   0x28, 0x01, 0x12, 0x2b, 0x0a, 0x22, 0x65, 0x61, 0x63, 0x63, 0x5f, 0x63, 0x74, 0x72, 0x6c, 0x5f,
   0x6f, 0x70, 0x65, 0x6e, 0x5f, 0x68, 0x6f, 0x6c, 0x64, 0x5f, 0x70, 0x6f, 0x73, 0x69, 0x74, 0x69,
   0x6f, 0x6e, 0x5f, 0x6c, 0x69, 0x6e, 0x5f, 0x7a, 0x18, 0x8c, 0x18, 0x20, 0x01, 0x28, 0x01, 0x12,
   0x29, 0x0a, 0x20, 0x65, 0x76, 0x61, 0x6c, 0x5f, 0x68, 0x6f, 0x6c, 0x64, 0x5f, 0x63, 0x6c, 0x6f,
   0x73, 0x65, 0x5f, 0x75, 0x6e, 0x74, 0x69, 0x6c, 0x5f, 0x63, 0x6c, 0x6f, 0x73, 0x65, 0x64, 0x5f,
   0x65, 0x72, 0x72, 0x18, 0x8d, 0x18, 0x20, 0x01, 0x28, 0x01, 0x12, 0x28, 0x0a, 0x1f, 0x65, 0x76,
   0x61, 0x6c, 0x5f, 0x68, 0x6f, 0x6c, 0x64, 0x5f, 0x6f, 0x70, 0x65, 0x6e, 0x5f, 0x75, 0x6e, 0x74,
   0x69, 0x6c, 0x5f, 0x6f, 0x70, 0x65, 0x6e, 0x65, 0x64, 0x5f, 0x65, 0x72, 0x72, 0x18, 0x8e, 0x18,
   0x20, 0x01, 0x28, 0x01, 0x12, 0x14, 0x0a, 0x0b, 0x67, 0x72, 0x69, 0x70, 0x70, 0x65, 0x72, 0x5f,
   0x70, 0x6f, 0x73, 0x18, 0x8f, 0x18, 0x20, 0x01, 0x28, 0x01, 0x12, 0x23, 0x0a, 0x1a, 0x67, 0x72,
   0x69, 0x70, 0x70, 0x65, 0x72, 0x5f, 0x70, 0x6f, 0x73, 0x5f, 0x65, 0x72, 0x72, 0x5f, 0x68, 0x6f,
   0x6c, 0x64, 0x5f, 0x63, 0x6c, 0x6f, 0x73, 0x65, 0x18, 0x90, 0x18, 0x20, 0x01, 0x28, 0x01, 0x12,
   0x22, 0x0a, 0x19, 0x67, 0x72, 0x69, 0x70, 0x70, 0x65, 0x72, 0x5f, 0x70, 0x6f, 0x73, 0x5f, 0x65,
   0x72, 0x72, 0x5f, 0x68, 0x6f, 0x6c, 0x64, 0x5f, 0x6f, 0x70, 0x65, 0x6e, 0x18, 0x91, 0x18, 0x20,
   0x01, 0x28, 0x01, 0x12, 0x32, 0x0a, 0x29, 0x70, 0x6f, 0x73, 0x65, 0x5f, 0x64, 0x69, 0x66, 0x66,
   0x5f, 0x63, 0x74, 0x72, 0x6c, 0x5f, 0x68, 0x6f, 0x6c, 0x64, 0x5f, 0x6f, 0x72, 0x69, 0x65, 0x6e,
   0x74, 0x61, 0x74, 0x69, 0x6f, 0x6e, 0x5f, 0x61, 0x6e, 0x67, 0x75, 0x6c, 0x61, 0x72, 0x5f, 0x78,
   0x18, 0x92, 0x18, 0x20, 0x01, 0x28, 0x01, 0x12, 0x32, 0x0a, 0x29, 0x70, 0x6f, 0x73, 0x65, 0x5f,
   0x64, 0x69, 0x66, 0x66, 0x5f, 0x63, 0x74, 0x72, 0x6c, 0x5f, 0x68, 0x6f, 0x6c, 0x64, 0x5f, 0x6f,
   0x72, 0x69, 0x65, 0x6e, 0x74, 0x61, 0x74, 0x69, 0x6f, 0x6e, 0x5f, 0x61, 0x6e, 0x67, 0x75, 0x6c,
   0x61, 0x72, 0x5f, 0x79, 0x18, 0x93, 0x18, 0x20, 0x01, 0x28, 0x01, 0x12, 0x32, 0x0a, 0x29, 0x70,
   0x6f, 0x73, 0x65, 0x5f, 0x64, 0x69, 0x66, 0x66, 0x5f, 0x63, 0x74, 0x72, 0x6c, 0x5f, 0x68, 0x6f,
   0x6c, 0x64, 0x5f, 0x6f, 0x72, 0x69, 0x65, 0x6e, 0x74, 0x61, 0x74, 0x69, 0x6f, 0x6e, 0x5f, 0x61,
   0x6e, 0x67, 0x75, 0x6c, 0x61, 0x72, 0x5f, 0x7a, 0x18, 0x94, 0x18, 0x20, 0x01, 0x28, 0x01, 0x12,
   0x31, 0x0a, 0x28, 0x70, 0x6f, 0x73, 0x65, 0x5f, 0x64, 0x69, 0x66, 0x66, 0x5f, 0x63, 0x74, 0x72,
   0x6c, 0x5f, 0x68, 0x6f, 0x6c, 0x64, 0x5f, 0x6f, 0x72, 0x69, 0x65, 0x6e, 0x74, 0x61, 0x74, 0x69,
   0x6f, 0x6e, 0x5f, 0x6c, 0x69, 0x6e, 0x65, 0x61, 0x72, 0x5f, 0x78, 0x18, 0x95, 0x18, 0x20, 0x01,
   0x28, 0x01, 0x12, 0x31, 0x0a, 0x28, 0x70, 0x6f, 0x73, 0x65, 0x5f, 0x64, 0x69, 0x66, 0x66, 0x5f,
   0x63, 0x74, 0x72, 0x6c, 0x5f, 0x68, 0x6f, 0x6c, 0x64, 0x5f, 0x6f, 0x72, 0x69, 0x65, 0x6e, 0x74,
   0x61, 0x74, 0x69, 0x6f, 0x6e, 0x5f, 0x6c, 0x69, 0x6e, 0x65, 0x61, 0x72, 0x5f, 0x79, 0x18, 0x96,
   0x18, 0x20, 0x01, 0x28, 0x01, 0x12, 0x31, 0x0a, 0x28, 0x70, 0x6f, 0x73, 0x65, 0x5f, 0x64, 0x69,
   0x66, 0x66, 0x5f, 0x63, 0x74, 0x72, 0x6c, 0x5f, 0x68, 0x6f, 0x6c, 0x64, 0x5f, 0x6f, 0x72, 0x69,
   0x65, 0x6e, 0x74, 0x61, 0x74, 0x69, 0x6f, 0x6e, 0x5f, 0x6c, 0x69, 0x6e, 0x65, 0x61, 0x72, 0x5f,
   0x7a, 0x18, 0x97, 0x18, 0x20, 0x01, 0x28, 0x01, 0x12, 0x2f, 0x0a, 0x26, 0x70, 0x6f, 0x73, 0x65,
   0x5f, 0x64, 0x69, 0x66, 0x66, 0x5f, 0x63, 0x74, 0x72, 0x6c, 0x5f, 0x68, 0x6f, 0x6c, 0x64, 0x5f,
   0x70, 0x6f, 0x73, 0x69, 0x74, 0x69, 0x6f, 0x6e, 0x5f, 0x61, 0x6e, 0x67, 0x75, 0x6c, 0x61, 0x72,
   0x5f, 0x78, 0x18, 0x98, 0x18, 0x20, 0x01, 0x28, 0x01, 0x12, 0x2f, 0x0a, 0x26, 0x70, 0x6f, 0x73,
   0x65, 0x5f, 0x64, 0x69, 0x66, 0x66, 0x5f, 0x63, 0x74, 0x72, 0x6c, 0x5f, 0x68, 0x6f, 0x6c, 0x64,
   0x5f, 0x70, 0x6f, 0x73, 0x69, 0x74, 0x69, 0x6f, 0x6e, 0x5f, 0x61, 0x6e, 0x67, 0x75, 0x6c, 0x61,
   0x72, 0x5f, 0x79, 0x18, 0x99, 0x18, 0x20, 0x01, 0x28, 0x01, 0x12, 0x2f, 0x0a, 0x26, 0x70, 0x6f,
   0x73, 0x65, 0x5f, 0x64, 0x69, 0x66, 0x66, 0x5f, 0x63, 0x74, 0x72, 0x6c, 0x5f, 0x68, 0x6f, 0x6c,
   0x64, 0x5f, 0x70, 0x6f, 0x73, 0x69, 0x74, 0x69, 0x6f, 0x6e, 0x5f, 0x61, 0x6e, 0x67, 0x75, 0x6c,
   0x61, 0x72, 0x5f, 0x7a, 0x18, 0x9a, 0x18, 0x20, 0x01, 0x28, 0x01, 0x12, 0x2e, 0x0a, 0x25, 0x70,
   0x6f, 0x73, 0x65, 0x5f, 0x64, 0x69, 0x66, 0x66, 0x5f, 0x63, 0x74, 0x72, 0x6c, 0x5f, 0x68, 0x6f,
   0x6c, 0x64, 0x5f, 0x70, 0x6f, 0x73, 0x69, 0x74, 0x69, 0x6f, 0x6e, 0x5f, 0x6c, 0x69, 0x6e, 0x65,
   0x61, 0x72, 0x5f, 0x78, 0x18, 0x9b, 0x18, 0x20, 0x01, 0x28, 0x01, 0x12, 0x2e, 0x0a, 0x25, 0x70,
   0x6f, 0x73, 0x65, 0x5f, 0x64, 0x69, 0x66, 0x66, 0x5f, 0x63, 0x74, 0x72, 0x6c, 0x5f, 0x68, 0x6f,
   0x6c, 0x64, 0x5f, 0x70, 0x6f, 0x73, 0x69, 0x74, 0x69, 0x6f, 0x6e, 0x5f, 0x6c, 0x69, 0x6e, 0x65,
   0x61, 0x72, 0x5f, 0x79, 0x18, 0x9c, 0x18, 0x20, 0x01, 0x28, 0x01, 0x12, 0x2e, 0x0a, 0x25, 0x70,
   0x6f, 0x73, 0x65, 0x5f, 0x64, 0x69, 0x66, 0x66, 0x5f, 0x63, 0x74, 0x72, 0x6c, 0x5f, 0x68, 0x6f,
   0x6c, 0x64, 0x5f, 0x70, 0x6f, 0x73, 0x69, 0x74, 0x69, 0x6f, 0x6e, 0x5f, 0x6c, 0x69, 0x6e, 0x65,
   0x61, 0x72, 0x5f, 0x7a, 0x18, 0x9d, 0x18, 0x20, 0x01, 0x28, 0x01, 0x12, 0x37, 0x0a, 0x2e, 0x70,
   0x6f, 0x73, 0x65, 0x5f, 0x64, 0x69, 0x66, 0x66, 0x5f, 0x63, 0x74, 0x72, 0x6c, 0x5f, 0x6f, 0x70,
   0x65, 0x6e, 0x5f, 0x68, 0x6f, 0x6c, 0x64, 0x5f, 0x6f, 0x72, 0x69, 0x65, 0x6e, 0x74, 0x61, 0x74,
   0x69, 0x6f, 0x6e, 0x5f, 0x61, 0x6e, 0x67, 0x75, 0x6c, 0x61, 0x72, 0x5f, 0x78, 0x18, 0x9e, 0x18,
   0x20, 0x01, 0x28, 0x01, 0x12, 0x37, 0x0a, 0x2e, 0x70, 0x6f, 0x73, 0x65, 0x5f, 0x64, 0x69, 0x66,
   0x66, 0x5f, 0x63, 0x74, 0x72, 0x6c, 0x5f, 0x6f, 0x70, 0x65, 0x6e, 0x5f, 0x68, 0x6f, 0x6c, 0x64,
   0x5f, 0x6f, 0x72, 0x69, 0x65, 0x6e, 0x74, 0x61, 0x74, 0x69, 0x6f, 0x6e, 0x5f, 0x61, 0x6e, 0x67,
   0x75, 0x6c, 0x61, 0x72, 0x5f, 0x79, 0x18, 0x9f, 0x18, 0x20, 0x01, 0x28, 0x01, 0x12, 0x37, 0x0a,
   0x2e, 0x70, 0x6f, 0x73, 0x65, 0x5f, 0x64, 0x69, 0x66, 0x66, 0x5f, 0x63, 0x74, 0x72, 0x6c, 0x5f,
   0x6f, 0x70, 0x65, 0x6e, 0x5f, 0x68, 0x6f, 0x6c, 0x64, 0x5f, 0x6f, 0x72, 0x69, 0x65, 0x6e, 0x74,
   0x61, 0x74, 0x69, 0x6f, 0x6e, 0x5f, 0x61, 0x6e, 0x67, 0x75, 0x6c, 0x61, 0x72, 0x5f, 0x7a, 0x18,
   0xa0, 0x18, 0x20, 0x01, 0x28, 0x01, 0x12, 0x36, 0x0a, 0x2d, 0x70, 0x6f, 0x73, 0x65, 0x5f, 0x64,
   0x69, 0x66, 0x66, 0x5f, 0x63, 0x74, 0x72, 0x6c, 0x5f, 0x6f, 0x70, 0x65, 0x6e, 0x5f, 0x68, 0x6f,
   0x6c, 0x64, 0x5f, 0x6f, 0x72, 0x69, 0x65, 0x6e, 0x74, 0x61, 0x74, 0x69, 0x6f, 0x6e, 0x5f, 0x6c,
   0x69, 0x6e, 0x65, 0x61, 0x72, 0x5f, 0x78, 0x18, 0xa1, 0x18, 0x20, 0x01, 0x28, 0x01, 0x12, 0x36,
   0x0a, 0x2d, 0x70, 0x6f, 0x73, 0x65, 0x5f, 0x64, 0x69, 0x66, 0x66, 0x5f, 0x63, 0x74, 0x72, 0x6c,
   0x5f, 0x6f, 0x70, 0x65, 0x6e, 0x5f, 0x68, 0x6f, 0x6c, 0x64, 0x5f, 0x6f, 0x72, 0x69, 0x65, 0x6e,
   0x74, 0x61, 0x74, 0x69, 0x6f, 0x6e, 0x5f, 0x6c, 0x69, 0x6e, 0x65, 0x61, 0x72, 0x5f, 0x79, 0x18,
   0xa2, 0x18, 0x20, 0x01, 0x28, 0x01, 0x12, 0x36, 0x0a, 0x2d, 0x70, 0x6f, 0x73, 0x65, 0x5f, 0x64,
   0x69, 0x66, 0x66, 0x5f, 0x63, 0x74, 0x72, 0x6c, 0x5f, 0x6f, 0x70, 0x65, 0x6e, 0x5f, 0x68, 0x6f,
   0x6c, 0x64, 0x5f, 0x6f, 0x72, 0x69, 0x65, 0x6e, 0x74, 0x61, 0x74, 0x69, 0x6f, 0x6e, 0x5f, 0x6c,
   0x69, 0x6e, 0x65, 0x61, 0x72, 0x5f, 0x7a, 0x18, 0xa3, 0x18, 0x20, 0x01, 0x28, 0x01, 0x12, 0x34,
   0x0a, 0x2b, 0x70, 0x6f, 0x73, 0x65, 0x5f, 0x64, 0x69, 0x66, 0x66, 0x5f, 0x63, 0x74, 0x72, 0x6c,
   0x5f, 0x6f, 0x70, 0x65, 0x6e, 0x5f, 0x68, 0x6f, 0x6c, 0x64, 0x5f, 0x70, 0x6f, 0x73, 0x69, 0x74,
   0x69, 0x6f, 0x6e, 0x5f, 0x61, 0x6e, 0x67, 0x75, 0x6c, 0x61, 0x72, 0x5f, 0x78, 0x18, 0xa4, 0x18,
   0x20, 0x01, 0x28, 0x01, 0x12, 0x34, 0x0a, 0x2b, 0x70, 0x6f, 0x73, 0x65, 0x5f, 0x64, 0x69, 0x66,
   0x66, 0x5f, 0x63, 0x74, 0x72, 0x6c, 0x5f, 0x6f, 0x70, 0x65, 0x6e, 0x5f, 0x68, 0x6f, 0x6c, 0x64,
   0x5f, 0x70, 0x6f, 0x73, 0x69, 0x74, 0x69, 0x6f, 0x6e, 0x5f, 0x61, 0x6e, 0x67, 0x75, 0x6c, 0x61,
   0x72, 0x5f, 0x79, 0x18, 0xa5, 0x18, 0x20, 0x01, 0x28, 0x01, 0x12, 0x34, 0x0a, 0x2b, 0x70, 0x6f,
   0x73, 0x65, 0x5f, 0x64, 0x69, 0x66, 0x66, 0x5f, 0x63, 0x74, 0x72, 0x6c, 0x5f, 0x6f, 0x70, 0x65,
   0x6e, 0x5f, 0x68, 0x6f, 0x6c, 0x64, 0x5f, 0x70, 0x6f, 0x73, 0x69, 0x74, 0x69, 0x6f, 0x6e, 0x5f,
   0x61, 0x6e, 0x67, 0x75, 0x6c, 0x61, 0x72, 0x5f, 0x7a, 0x18, 0xa6, 0x18, 0x20, 0x01, 0x28, 0x01,
   0x12, 0x33, 0x0a, 0x2a, 0x70, 0x6f, 0x73, 0x65, 0x5f, 0x64, 0x69, 0x66, 0x66, 0x5f, 0x63, 0x74,
   0x72, 0x6c, 0x5f, 0x6f, 0x70, 0x65, 0x6e, 0x5f, 0x68, 0x6f, 0x6c, 0x64, 0x5f, 0x70, 0x6f, 0x73,
   0x69, 0x74, 0x69, 0x6f, 0x6e, 0x5f, 0x6c, 0x69, 0x6e, 0x65, 0x61, 0x72, 0x5f, 0x78, 0x18, 0xa7,
   0x18, 0x20, 0x01, 0x28, 0x01, 0x12, 0x33, 0x0a, 0x2a, 0x70, 0x6f, 0x73, 0x65, 0x5f, 0x64, 0x69,
   0x66, 0x66, 0x5f, 0x63, 0x74, 0x72, 0x6c, 0x5f, 0x6f, 0x70, 0x65, 0x6e, 0x5f, 0x68, 0x6f, 0x6c,
   0x64, 0x5f, 0x70, 0x6f, 0x73, 0x69, 0x74, 0x69, 0x6f, 0x6e, 0x5f, 0x6c, 0x69, 0x6e, 0x65, 0x61,
   0x72, 0x5f, 0x79, 0x18, 0xa8, 0x18, 0x20, 0x01, 0x28, 0x01, 0x12, 0x33, 0x0a, 0x2a, 0x70, 0x6f,
   0x73, 0x65, 0x5f, 0x64, 0x69, 0x66, 0x66, 0x5f, 0x63, 0x74, 0x72, 0x6c, 0x5f, 0x6f, 0x70, 0x65,
   0x6e, 0x5f, 0x68, 0x6f, 0x6c, 0x64, 0x5f, 0x70, 0x6f, 0x73, 0x69, 0x74, 0x69, 0x6f, 0x6e, 0x5f,
   0x6c, 0x69, 0x6e, 0x65, 0x61, 0x72, 0x5f, 0x7a, 0x18, 0xa9, 0x18, 0x20, 0x01, 0x28, 0x01, 0x12,
   0x27, 0x0a, 0x1e, 0x70, 0x6f, 0x73, 0x65, 0x5f, 0x65, 0x65, 0x5f, 0x62, 0x61, 0x73, 0x65, 0x5f,
   0x6f, 0x72, 0x69, 0x65, 0x6e, 0x74, 0x61, 0x74, 0x69, 0x6f, 0x6e, 0x5f, 0x72, 0x65, 0x6c, 0x5f,
   0x78, 0x18, 0xaa, 0x18, 0x20, 0x01, 0x28, 0x01, 0x12, 0x27, 0x0a, 0x1e, 0x70, 0x6f, 0x73, 0x65,
   0x5f, 0x65, 0x65, 0x5f, 0x62, 0x61, 0x73, 0x65, 0x5f, 0x6f, 0x72, 0x69, 0x65, 0x6e, 0x74, 0x61,
   0x74, 0x69, 0x6f, 0x6e, 0x5f, 0x72, 0x65, 0x6c, 0x5f, 0x79, 0x18, 0xab, 0x18, 0x20, 0x01, 0x28,
   0x01, 0x12, 0x27, 0x0a, 0x1e, 0x70, 0x6f, 0x73, 0x65, 0x5f, 0x65, 0x65, 0x5f, 0x62, 0x61, 0x73,
   0x65, 0x5f, 0x6f, 0x72, 0x69, 0x65, 0x6e, 0x74, 0x61, 0x74, 0x69, 0x6f, 0x6e, 0x5f, 0x72, 0x65,
   0x6c, 0x5f, 0x7a, 0x18, 0xac, 0x18, 0x20, 0x01, 0x28, 0x01, 0x12, 0x24, 0x0a, 0x1b, 0x70, 0x6f,
   0x73, 0x65, 0x5f, 0x65, 0x65, 0x5f, 0x62, 0x61, 0x73, 0x65, 0x5f, 0x70, 0x6f, 0x73, 0x69, 0x74,
   0x69, 0x6f, 0x6e, 0x5f, 0x72, 0x65, 0x6c, 0x5f, 0x78, 0x18, 0xad, 0x18, 0x20, 0x01, 0x28, 0x01,
   0x12, 0x24, 0x0a, 0x1b, 0x70, 0x6f, 0x73, 0x65, 0x5f, 0x65, 0x65, 0x5f, 0x62, 0x61, 0x73, 0x65,
   0x5f, 0x70, 0x6f, 0x73, 0x69, 0x74, 0x69, 0x6f, 0x6e, 0x5f, 0x72, 0x65, 0x6c, 0x5f, 0x79, 0x18,
   0xae, 0x18, 0x20, 0x01, 0x28, 0x01, 0x12, 0x24, 0x0a, 0x1b, 0x70, 0x6f, 0x73, 0x65, 0x5f, 0x65,
   0x65, 0x5f, 0x62, 0x61, 0x73, 0x65, 0x5f, 0x70, 0x6f, 0x73, 0x69, 0x74, 0x69, 0x6f, 0x6e, 0x5f,
   0x72, 0x65, 0x6c, 0x5f, 0x7a, 0x18, 0xaf, 0x18, 0x20, 0x01, 0x28, 0x01, 0x12, 0x25, 0x0a, 0x1c,
   0x73, 0x74, 0x61, 0x72, 0x74, 0x5f, 0x70, 0x6f, 0x73, 0x65, 0x5f, 0x6f, 0x72, 0x69, 0x65, 0x6e,
   0x74, 0x61, 0x74, 0x69, 0x6f, 0x6e, 0x5f, 0x72, 0x65, 0x6c, 0x5f, 0x78, 0x18, 0xb0, 0x18, 0x20,
   0x01, 0x28, 0x01, 0x12, 0x25, 0x0a, 0x1c, 0x73, 0x74, 0x61, 0x72, 0x74, 0x5f, 0x70, 0x6f, 0x73,
   0x65, 0x5f, 0x6f, 0x72, 0x69, 0x65, 0x6e, 0x74, 0x61, 0x74, 0x69, 0x6f, 0x6e, 0x5f, 0x72, 0x65,
   0x6c, 0x5f, 0x79, 0x18, 0xb1, 0x18, 0x20, 0x01, 0x28, 0x01, 0x12, 0x25, 0x0a, 0x1c, 0x73, 0x74,
   0x61, 0x72, 0x74, 0x5f, 0x70, 0x6f, 0x73, 0x65, 0x5f, 0x6f, 0x72, 0x69, 0x65, 0x6e, 0x74, 0x61,
   0x74, 0x69, 0x6f, 0x6e, 0x5f, 0x72, 0x65, 0x6c, 0x5f, 0x7a, 0x18, 0xb2, 0x18, 0x20, 0x01, 0x28,
   0x01, 0x12, 0x22, 0x0a, 0x19, 0x73, 0x74, 0x61, 0x72, 0x74, 0x5f, 0x70, 0x6f, 0x73, 0x65, 0x5f,
   0x70, 0x6f, 0x73, 0x69, 0x74, 0x69, 0x6f, 0x6e, 0x5f, 0x72, 0x65, 0x6c, 0x5f, 0x78, 0x18, 0xb3,
   0x18, 0x20, 0x01, 0x28, 0x01, 0x12, 0x22, 0x0a, 0x19, 0x73, 0x74, 0x61, 0x72, 0x74, 0x5f, 0x70,
   0x6f, 0x73, 0x65, 0x5f, 0x70, 0x6f, 0x73, 0x69, 0x74, 0x69, 0x6f, 0x6e, 0x5f, 0x72, 0x65, 0x6c,
   0x5f, 0x79, 0x18, 0xb4, 0x18, 0x20, 0x01, 0x28, 0x01, 0x12, 0x22, 0x0a, 0x19, 0x73, 0x74, 0x61,
   0x72, 0x74, 0x5f, 0x70, 0x6f, 0x73, 0x65, 0x5f, 0x70, 0x6f, 0x73, 0x69, 0x74, 0x69, 0x6f, 0x6e,
   0x5f, 0x72, 0x65, 0x6c, 0x5f, 0x7a, 0x18, 0xb5, 0x18, 0x20, 0x01, 0x28, 0x01, 0x12, 0x15, 0x0a,
   0x0c, 0x63, 0x6c, 0x6f, 0x63, 0x6b, 0x5f, 0x74, 0x69, 0x6d, 0x65, 0x5f, 0x73, 0x18, 0xb6, 0x18,
   0x20, 0x01, 0x28, 0x01, 0x12, 0x31, 0x0a, 0x28, 0x63, 0x74, 0x72, 0x6c, 0x5f, 0x68, 0x6f, 0x6c,
   0x64, 0x5f, 0x6f, 0x72, 0x69, 0x65, 0x6e, 0x74, 0x61, 0x74, 0x69, 0x6f, 0x6e, 0x5f, 0x61, 0x6e,
   0x67, 0x5f, 0x78, 0x5f, 0x66, 0x69, 0x72, 0x73, 0x74, 0x5f, 0x73, 0x61, 0x6d, 0x70, 0x6c, 0x65,
   0x18, 0xb7, 0x18, 0x20, 0x01, 0x28, 0x08, 0x12, 0x31, 0x0a, 0x28, 0x63, 0x74, 0x72, 0x6c, 0x5f,
   0x68, 0x6f, 0x6c, 0x64, 0x5f, 0x6f, 0x72, 0x69, 0x65, 0x6e, 0x74, 0x61, 0x74, 0x69, 0x6f, 0x6e,
   0x5f, 0x61, 0x6e, 0x67, 0x5f, 0x79, 0x5f, 0x66, 0x69, 0x72, 0x73, 0x74, 0x5f, 0x73, 0x61, 0x6d,
   0x70, 0x6c, 0x65, 0x18, 0xb8, 0x18, 0x20, 0x01, 0x28, 0x08, 0x12, 0x31, 0x0a, 0x28, 0x63, 0x74,
   0x72, 0x6c, 0x5f, 0x68, 0x6f, 0x6c, 0x64, 0x5f, 0x6f, 0x72, 0x69, 0x65, 0x6e, 0x74, 0x61, 0x74,
   0x69, 0x6f, 0x6e, 0x5f, 0x61, 0x6e, 0x67, 0x5f, 0x7a, 0x5f, 0x66, 0x69, 0x72, 0x73, 0x74, 0x5f,
   0x73, 0x61, 0x6d, 0x70, 0x6c, 0x65, 0x18, 0xb9, 0x18, 0x20, 0x01, 0x28, 0x08, 0x12, 0x2e, 0x0a,
   0x25, 0x63, 0x74, 0x72, 0x6c, 0x5f, 0x68, 0x6f, 0x6c, 0x64, 0x5f, 0x70, 0x6f, 0x73, 0x69, 0x74,
   0x69, 0x6f, 0x6e, 0x5f, 0x6c, 0x69, 0x6e, 0x5f, 0x78, 0x5f, 0x66, 0x69, 0x72, 0x73, 0x74, 0x5f,
   0x73, 0x61, 0x6d, 0x70, 0x6c, 0x65, 0x18, 0xba, 0x18, 0x20, 0x01, 0x28, 0x08, 0x12, 0x2e, 0x0a,
   0x25, 0x63, 0x74, 0x72, 0x6c, 0x5f, 0x68, 0x6f, 0x6c, 0x64, 0x5f, 0x70, 0x6f, 0x73, 0x69, 0x74,
   0x69, 0x6f, 0x6e, 0x5f, 0x6c, 0x69, 0x6e, 0x5f, 0x79, 0x5f, 0x66, 0x69, 0x72, 0x73, 0x74, 0x5f,
   0x73, 0x61, 0x6d, 0x70, 0x6c, 0x65, 0x18, 0xbb, 0x18, 0x20, 0x01, 0x28, 0x08, 0x12, 0x2e, 0x0a,
   0x25, 0x63, 0x74, 0x72, 0x6c, 0x5f, 0x68, 0x6f, 0x6c, 0x64, 0x5f, 0x70, 0x6f, 0x73, 0x69, 0x74,
   0x69, 0x6f, 0x6e, 0x5f, 0x6c, 0x69, 0x6e, 0x5f, 0x7a, 0x5f, 0x66, 0x69, 0x72, 0x73, 0x74, 0x5f,
   0x73, 0x61, 0x6d, 0x70, 0x6c, 0x65, 0x18, 0xbc, 0x18, 0x20, 0x01, 0x28, 0x08, 0x12, 0x36, 0x0a,
   0x2d, 0x63, 0x74, 0x72, 0x6c, 0x5f, 0x6f, 0x70, 0x65, 0x6e, 0x5f, 0x68, 0x6f, 0x6c, 0x64, 0x5f,
   0x6f, 0x72, 0x69, 0x65, 0x6e, 0x74, 0x61, 0x74, 0x69, 0x6f, 0x6e, 0x5f, 0x61, 0x6e, 0x67, 0x5f,
   0x78, 0x5f, 0x66, 0x69, 0x72, 0x73, 0x74, 0x5f, 0x73, 0x61, 0x6d, 0x70, 0x6c, 0x65, 0x18, 0xbd,
   0x18, 0x20, 0x01, 0x28, 0x08, 0x12, 0x36, 0x0a, 0x2d, 0x63, 0x74, 0x72, 0x6c, 0x5f, 0x6f, 0x70,
   0x65, 0x6e, 0x5f, 0x68, 0x6f, 0x6c, 0x64, 0x5f, 0x6f, 0x72, 0x69, 0x65, 0x6e, 0x74, 0x61, 0x74,
   0x69, 0x6f, 0x6e, 0x5f, 0x61, 0x6e, 0x67, 0x5f, 0x79, 0x5f, 0x66, 0x69, 0x72, 0x73, 0x74, 0x5f,
   0x73, 0x61, 0x6d, 0x70, 0x6c, 0x65, 0x18, 0xbe, 0x18, 0x20, 0x01, 0x28, 0x08, 0x12, 0x36, 0x0a,
   0x2d, 0x63, 0x74, 0x72, 0x6c, 0x5f, 0x6f, 0x70, 0x65, 0x6e, 0x5f, 0x68, 0x6f, 0x6c, 0x64, 0x5f,
   0x6f, 0x72, 0x69, 0x65, 0x6e, 0x74, 0x61, 0x74, 0x69, 0x6f, 0x6e, 0x5f, 0x61, 0x6e, 0x67, 0x5f,
   0x7a, 0x5f, 0x66, 0x69, 0x72, 0x73, 0x74, 0x5f, 0x73, 0x61, 0x6d, 0x70, 0x6c, 0x65, 0x18, 0xbf,
   0x18, 0x20, 0x01, 0x28, 0x08, 0x12, 0x33, 0x0a, 0x2a, 0x63, 0x74, 0x72, 0x6c, 0x5f, 0x6f, 0x70,
   0x65, 0x6e, 0x5f, 0x68, 0x6f, 0x6c, 0x64, 0x5f, 0x70, 0x6f, 0x73, 0x69, 0x74, 0x69, 0x6f, 0x6e,
   0x5f, 0x6c, 0x69, 0x6e, 0x5f, 0x78, 0x5f, 0x66, 0x69, 0x72, 0x73, 0x74, 0x5f, 0x73, 0x61, 0x6d,
   0x70, 0x6c, 0x65, 0x18, 0xc0, 0x18, 0x20, 0x01, 0x28, 0x08, 0x12, 0x33, 0x0a, 0x2a, 0x63, 0x74,
   0x72, 0x6c, 0x5f, 0x6f, 0x70, 0x65, 0x6e, 0x5f, 0x68, 0x6f, 0x6c, 0x64, 0x5f, 0x70, 0x6f, 0x73,
   0x69, 0x74, 0x69, 0x6f, 0x6e, 0x5f, 0x6c, 0x69, 0x6e, 0x5f, 0x79, 0x5f, 0x66, 0x69, 0x72, 0x73,
   0x74, 0x5f, 0x73, 0x61, 0x6d, 0x70, 0x6c, 0x65, 0x18, 0xc1, 0x18, 0x20, 0x01, 0x28, 0x08, 0x12,
   0x33, 0x0a, 0x2a, 0x63, 0x74, 0x72, 0x6c, 0x5f, 0x6f, 0x70, 0x65, 0x6e, 0x5f, 0x68, 0x6f, 0x6c,
   0x64, 0x5f, 0x70, 0x6f, 0x73, 0x69, 0x74, 0x69, 0x6f, 0x6e, 0x5f, 0x6c, 0x69, 0x6e, 0x5f, 0x7a,
   0x5f, 0x66, 0x69, 0x72, 0x73, 0x74, 0x5f, 0x73, 0x61, 0x6d, 0x70, 0x6c, 0x65, 0x18, 0xc2, 0x18,
   0x20, 0x01, 0x28, 0x08, 0x12, 0x16, 0x0a, 0x0d, 0x64, 0x74, 0x5f, 0x6d, 0x65, 0x61, 0x73, 0x75,
   0x72, 0x65, 0x64, 0x5f, 0x73, 0x18, 0xc3, 0x18, 0x20, 0x01, 0x28, 0x01, 0x12, 0x1c, 0x0a, 0x13,
   0x65, 0x78, 0x74, 0x5f, 0x66, 0x6f, 0x72, 0x63, 0x65, 0x5f, 0x66, 0x74, 0x5f, 0x73, 0x65, 0x74,
   0x74, 0x6c, 0x65, 0x18, 0xc4, 0x18, 0x20, 0x01, 0x28, 0x01, 0x12, 0x3a, 0x0a, 0x09, 0x74, 0x72,
   0x69, 0x67, 0x67, 0x65, 0x72, 0x5f, 0x30, 0x18, 0xa0, 0x1f, 0x20, 0x01, 0x28, 0x0b, 0x32, 0x26,
   0x2e, 0x6d, 0x6f, 0x74, 0x69, 0x6f, 0x6e, 0x5f, 0x73, 0x70, 0x65, 0x63, 0x2e, 0x69, 0x6e, 0x74,
   0x72, 0x6f, 0x73, 0x70, 0x65, 0x63, 0x74, 0x69, 0x6f, 0x6e, 0x2e, 0x6c, 0x6f, 0x67, 0x2e, 0x54,
   0x72, 0x69, 0x67, 0x67, 0x65, 0x72, 0x12, 0x3a, 0x0a, 0x09, 0x74, 0x72, 0x69, 0x67, 0x67, 0x65,
   0x72, 0x5f, 0x31, 0x18, 0xa1, 0x1f, 0x20, 0x01, 0x28, 0x0b, 0x32, 0x26, 0x2e, 0x6d, 0x6f, 0x74,
   0x69, 0x6f, 0x6e, 0x5f, 0x73, 0x70, 0x65, 0x63, 0x2e, 0x69, 0x6e, 0x74, 0x72, 0x6f, 0x73, 0x70,
   0x65, 0x63, 0x74, 0x69, 0x6f, 0x6e, 0x2e, 0x6c, 0x6f, 0x67, 0x2e, 0x54, 0x72, 0x69, 0x67, 0x67,
   0x65, 0x72, 0x12, 0x3a, 0x0a, 0x09, 0x74, 0x72, 0x69, 0x67, 0x67, 0x65, 0x72, 0x5f, 0x32, 0x18,
   0xa2, 0x1f, 0x20, 0x01, 0x28, 0x0b, 0x32, 0x26, 0x2e, 0x6d, 0x6f, 0x74, 0x69, 0x6f, 0x6e, 0x5f,
   0x73, 0x70, 0x65, 0x63, 0x2e, 0x69, 0x6e, 0x74, 0x72, 0x6f, 0x73, 0x70, 0x65, 0x63, 0x74, 0x69,
   0x6f, 0x6e, 0x2e, 0x6c, 0x6f, 0x67, 0x2e, 0x54, 0x72, 0x69, 0x67, 0x67, 0x65, 0x72, 0x12, 0x3a,
   0x0a, 0x09, 0x74, 0x72, 0x69, 0x67, 0x67, 0x65, 0x72, 0x5f, 0x33, 0x18, 0xa3, 0x1f, 0x20, 0x01,
   0x28, 0x0b, 0x32, 0x26, 0x2e, 0x6d, 0x6f, 0x74, 0x69, 0x6f, 0x6e, 0x5f, 0x73, 0x70, 0x65, 0x63,
   0x2e, 0x69, 0x6e, 0x74, 0x72, 0x6f, 0x73, 0x70, 0x65, 0x63, 0x74, 0x69, 0x6f, 0x6e, 0x2e, 0x6c,
   0x6f, 0x67, 0x2e, 0x54, 0x72, 0x69, 0x67, 0x67, 0x65, 0x72, 0x12, 0x3a, 0x0a, 0x09, 0x74, 0x72,
   0x69, 0x67, 0x67, 0x65, 0x72, 0x5f, 0x34, 0x18, 0xa4, 0x1f, 0x20, 0x01, 0x28, 0x0b, 0x32, 0x26,
   0x2e, 0x6d, 0x6f, 0x74, 0x69, 0x6f, 0x6e, 0x5f, 0x73, 0x70, 0x65, 0x63, 0x2e, 0x69, 0x6e, 0x74,
   0x72, 0x6f, 0x73, 0x70, 0x65, 0x63, 0x74, 0x69, 0x6f, 0x6e, 0x2e, 0x6c, 0x6f, 0x67, 0x2e, 0x54,
   0x72, 0x69, 0x67, 0x67, 0x65, 0x72, 0x12, 0x3a, 0x0a, 0x09, 0x74, 0x72, 0x69, 0x67, 0x67, 0x65,
   0x72, 0x5f, 0x35, 0x18, 0xa5, 0x1f, 0x20, 0x01, 0x28, 0x0b, 0x32, 0x26, 0x2e, 0x6d, 0x6f, 0x74,
   0x69, 0x6f, 0x6e, 0x5f, 0x73, 0x70, 0x65, 0x63, 0x2e, 0x69, 0x6e, 0x74, 0x72, 0x6f, 0x73, 0x70,
   0x65, 0x63, 0x74, 0x69, 0x6f, 0x6e, 0x2e, 0x6c, 0x6f, 0x67, 0x2e, 0x54, 0x72, 0x69, 0x67, 0x67,
   0x65, 0x72, 0x12, 0x3a, 0x0a, 0x09, 0x74, 0x72, 0x69, 0x67, 0x67, 0x65, 0x72, 0x5f, 0x36, 0x18,
   0xa6, 0x1f, 0x20, 0x01, 0x28, 0x0b, 0x32, 0x26, 0x2e, 0x6d, 0x6f, 0x74, 0x69, 0x6f, 0x6e, 0x5f,
   0x73, 0x70, 0x65, 0x63, 0x2e, 0x69, 0x6e, 0x74, 0x72, 0x6f, 0x73, 0x70, 0x65, 0x63, 0x74, 0x69,
   0x6f, 0x6e, 0x2e, 0x6c, 0x6f, 0x67, 0x2e, 0x54, 0x72, 0x69, 0x67, 0x67, 0x65, 0x72, 0x12, 0x3a,
   0x0a, 0x09, 0x74, 0x72, 0x69, 0x67, 0x67, 0x65, 0x72, 0x5f, 0x37, 0x18, 0xa7, 0x1f, 0x20, 0x01,
   0x28, 0x0b, 0x32, 0x26, 0x2e, 0x6d, 0x6f, 0x74, 0x69, 0x6f, 0x6e, 0x5f, 0x73, 0x70, 0x65, 0x63,
   0x2e, 0x69, 0x6e, 0x74, 0x72, 0x6f, 0x73, 0x70, 0x65, 0x63, 0x74, 0x69, 0x6f, 0x6e, 0x2e, 0x6c,
   0x6f, 0x67, 0x2e, 0x54, 0x72, 0x69, 0x67, 0x67, 0x65, 0x72, 0x12, 0x3a, 0x0a, 0x09, 0x74, 0x72,
   0x69, 0x67, 0x67, 0x65, 0x72, 0x5f, 0x38, 0x18, 0xa8, 0x1f, 0x20, 0x01, 0x28, 0x0b, 0x32, 0x26,
   0x2e, 0x6d, 0x6f, 0x74, 0x69, 0x6f, 0x6e, 0x5f, 0x73, 0x70, 0x65, 0x63, 0x2e, 0x69, 0x6e, 0x74,
   0x72, 0x6f, 0x73, 0x70, 0x65, 0x63, 0x74, 0x69, 0x6f, 0x6e, 0x2e, 0x6c, 0x6f, 0x67, 0x2e, 0x54,
   0x72, 0x69, 0x67, 0x67, 0x65, 0x72, 0x12, 0x3a, 0x0a, 0x09, 0x74, 0x72, 0x69, 0x67, 0x67, 0x65,
   0x72, 0x5f, 0x39, 0x18, 0xa9, 0x1f, 0x20, 0x01, 0x28, 0x0b, 0x32, 0x26, 0x2e, 0x6d, 0x6f, 0x74,
   0x69, 0x6f, 0x6e, 0x5f, 0x73, 0x70, 0x65, 0x63, 0x2e, 0x69, 0x6e, 0x74, 0x72, 0x6f, 0x73, 0x70,
   0x65, 0x63, 0x74, 0x69, 0x6f, 0x6e, 0x2e, 0x6c, 0x6f, 0x67, 0x2e, 0x54, 0x72, 0x69, 0x67, 0x67,
   0x65, 0x72, 0x12, 0x3b, 0x0a, 0x0a, 0x74, 0x72, 0x69, 0x67, 0x67, 0x65, 0x72, 0x5f, 0x31, 0x30,
   0x18, 0xaa, 0x1f, 0x20, 0x01, 0x28, 0x0b, 0x32, 0x26, 0x2e, 0x6d, 0x6f, 0x74, 0x69, 0x6f, 0x6e,
   0x5f, 0x73, 0x70, 0x65, 0x63, 0x2e, 0x69, 0x6e, 0x74, 0x72, 0x6f, 0x73, 0x70, 0x65, 0x63, 0x74,
   0x69, 0x6f, 0x6e, 0x2e, 0x6c, 0x6f, 0x67, 0x2e, 0x54, 0x72, 0x69, 0x67, 0x67, 0x65, 0x72, 0x12,
   0x3b, 0x0a, 0x0a, 0x74, 0x72, 0x69, 0x67, 0x67, 0x65, 0x72, 0x5f, 0x31, 0x31, 0x18, 0xab, 0x1f,
   0x20, 0x01, 0x28, 0x0b, 0x32, 0x26, 0x2e, 0x6d, 0x6f, 0x74, 0x69, 0x6f, 0x6e, 0x5f, 0x73, 0x70,
   0x65, 0x63, 0x2e, 0x69, 0x6e, 0x74, 0x72, 0x6f, 0x73, 0x70, 0x65, 0x63, 0x74, 0x69, 0x6f, 0x6e,
   0x2e, 0x6c, 0x6f, 0x67, 0x2e, 0x54, 0x72, 0x69, 0x67, 0x67, 0x65, 0x72, 0x12, 0x3b, 0x0a, 0x0a,
   0x74, 0x72, 0x69, 0x67, 0x67, 0x65, 0x72, 0x5f, 0x31, 0x32, 0x18, 0xac, 0x1f, 0x20, 0x01, 0x28,
   0x0b, 0x32, 0x26, 0x2e, 0x6d, 0x6f, 0x74, 0x69, 0x6f, 0x6e, 0x5f, 0x73, 0x70, 0x65, 0x63, 0x2e,
   0x69, 0x6e, 0x74, 0x72, 0x6f, 0x73, 0x70, 0x65, 0x63, 0x74, 0x69, 0x6f, 0x6e, 0x2e, 0x6c, 0x6f,
   0x67, 0x2e, 0x54, 0x72, 0x69, 0x67, 0x67, 0x65, 0x72, 0x12, 0x3b, 0x0a, 0x0a, 0x74, 0x72, 0x69,
   0x67, 0x67, 0x65, 0x72, 0x5f, 0x31, 0x33, 0x18, 0xad, 0x1f, 0x20, 0x01, 0x28, 0x0b, 0x32, 0x26,
   0x2e, 0x6d, 0x6f, 0x74, 0x69, 0x6f, 0x6e, 0x5f, 0x73, 0x70, 0x65, 0x63, 0x2e, 0x69, 0x6e, 0x74,
   0x72, 0x6f, 0x73, 0x70, 0x65, 0x63, 0x74, 0x69, 0x6f, 0x6e, 0x2e, 0x6c, 0x6f, 0x67, 0x2e, 0x54,
   0x72, 0x69, 0x67, 0x67, 0x65, 0x72, 0x12, 0x3b, 0x0a, 0x0a, 0x74, 0x72, 0x69, 0x67, 0x67, 0x65,
   0x72, 0x5f, 0x31, 0x34, 0x18, 0xae, 0x1f, 0x20, 0x01, 0x28, 0x0b, 0x32, 0x26, 0x2e, 0x6d, 0x6f,
   0x74, 0x69, 0x6f, 0x6e, 0x5f, 0x73, 0x70, 0x65, 0x63, 0x2e, 0x69, 0x6e, 0x74, 0x72, 0x6f, 0x73,
   0x70, 0x65, 0x63, 0x74, 0x69, 0x6f, 0x6e, 0x2e, 0x6c, 0x6f, 0x67, 0x2e, 0x54, 0x72, 0x69, 0x67,
   0x67, 0x65, 0x72, 0x12, 0x3b, 0x0a, 0x0a, 0x74, 0x72, 0x69, 0x67, 0x67, 0x65, 0x72, 0x5f, 0x31,
   0x35, 0x18, 0xaf, 0x1f, 0x20, 0x01, 0x28, 0x0b, 0x32, 0x26, 0x2e, 0x6d, 0x6f, 0x74, 0x69, 0x6f,
   0x6e, 0x5f, 0x73, 0x70, 0x65, 0x63, 0x2e, 0x69, 0x6e, 0x74, 0x72, 0x6f, 0x73, 0x70, 0x65, 0x63,
   0x74, 0x69, 0x6f, 0x6e, 0x2e, 0x6c, 0x6f, 0x67, 0x2e, 0x54, 0x72, 0x69, 0x67, 0x67, 0x65, 0x72,
   0x12, 0x3b, 0x0a, 0x0a, 0x74, 0x72, 0x69, 0x67, 0x67, 0x65, 0x72, 0x5f, 0x31, 0x36, 0x18, 0xb0,
   0x1f, 0x20, 0x01, 0x28, 0x0b, 0x32, 0x26, 0x2e, 0x6d, 0x6f, 0x74, 0x69, 0x6f, 0x6e, 0x5f, 0x73,
   0x70, 0x65, 0x63, 0x2e, 0x69, 0x6e, 0x74, 0x72, 0x6f, 0x73, 0x70, 0x65, 0x63, 0x74, 0x69, 0x6f,
   0x6e, 0x2e, 0x6c, 0x6f, 0x67, 0x2e, 0x54, 0x72, 0x69, 0x67, 0x67, 0x65, 0x72, 0x12, 0x3b, 0x0a,
   0x0a, 0x74, 0x72, 0x69, 0x67, 0x67, 0x65, 0x72, 0x5f, 0x31, 0x37, 0x18, 0xb1, 0x1f, 0x20, 0x01,
   0x28, 0x0b, 0x32, 0x26, 0x2e, 0x6d, 0x6f, 0x74, 0x69, 0x6f, 0x6e, 0x5f, 0x73, 0x70, 0x65, 0x63,
   0x2e, 0x69, 0x6e, 0x74, 0x72, 0x6f, 0x73, 0x70, 0x65, 0x63, 0x74, 0x69, 0x6f, 0x6e, 0x2e, 0x6c,
   0x6f, 0x67, 0x2e, 0x54, 0x72, 0x69, 0x67, 0x67, 0x65, 0x72, 0x12, 0x3b, 0x0a, 0x0a, 0x74, 0x72,
   0x69, 0x67, 0x67, 0x65, 0x72, 0x5f, 0x31, 0x38, 0x18, 0xb2, 0x1f, 0x20, 0x01, 0x28, 0x0b, 0x32,
   0x26, 0x2e, 0x6d, 0x6f, 0x74, 0x69, 0x6f, 0x6e, 0x5f, 0x73, 0x70, 0x65, 0x63, 0x2e, 0x69, 0x6e,
   0x74, 0x72, 0x6f, 0x73, 0x70, 0x65, 0x63, 0x74, 0x69, 0x6f, 0x6e, 0x2e, 0x6c, 0x6f, 0x67, 0x2e,
   0x54, 0x72, 0x69, 0x67, 0x67, 0x65, 0x72, 0x12, 0x3b, 0x0a, 0x0a, 0x74, 0x72, 0x69, 0x67, 0x67,
   0x65, 0x72, 0x5f, 0x31, 0x39, 0x18, 0xb3, 0x1f, 0x20, 0x01, 0x28, 0x0b, 0x32, 0x26, 0x2e, 0x6d,
   0x6f, 0x74, 0x69, 0x6f, 0x6e, 0x5f, 0x73, 0x70, 0x65, 0x63, 0x2e, 0x69, 0x6e, 0x74, 0x72, 0x6f,
   0x73, 0x70, 0x65, 0x63, 0x74, 0x69, 0x6f, 0x6e, 0x2e, 0x6c, 0x6f, 0x67, 0x2e, 0x54, 0x72, 0x69,
   0x67, 0x67, 0x65, 0x72, 0x12, 0x3b, 0x0a, 0x0a, 0x74, 0x72, 0x69, 0x67, 0x67, 0x65, 0x72, 0x5f,
   0x32, 0x30, 0x18, 0xb4, 0x1f, 0x20, 0x01, 0x28, 0x0b, 0x32, 0x26, 0x2e, 0x6d, 0x6f, 0x74, 0x69,
   0x6f, 0x6e, 0x5f, 0x73, 0x70, 0x65, 0x63, 0x2e, 0x69, 0x6e, 0x74, 0x72, 0x6f, 0x73, 0x70, 0x65,
   0x63, 0x74, 0x69, 0x6f, 0x6e, 0x2e, 0x6c, 0x6f, 0x67, 0x2e, 0x54, 0x72, 0x69, 0x67, 0x67, 0x65,
   0x72, 0x12, 0x3b, 0x0a, 0x0a, 0x74, 0x72, 0x69, 0x67, 0x67, 0x65, 0x72, 0x5f, 0x32, 0x31, 0x18,
   0xb5, 0x1f, 0x20, 0x01, 0x28, 0x0b, 0x32, 0x26, 0x2e, 0x6d, 0x6f, 0x74, 0x69, 0x6f, 0x6e, 0x5f,
   0x73, 0x70, 0x65, 0x63, 0x2e, 0x69, 0x6e, 0x74, 0x72, 0x6f, 0x73, 0x70, 0x65, 0x63, 0x74, 0x69,
   0x6f, 0x6e, 0x2e, 0x6c, 0x6f, 0x67, 0x2e, 0x54, 0x72, 0x69, 0x67, 0x67, 0x65, 0x72, 0x12, 0x3b,
   0x0a, 0x0a, 0x74, 0x72, 0x69, 0x67, 0x67, 0x65, 0x72, 0x5f, 0x32, 0x32, 0x18, 0xb6, 0x1f, 0x20,
   0x01, 0x28, 0x0b, 0x32, 0x26, 0x2e, 0x6d, 0x6f, 0x74, 0x69, 0x6f, 0x6e, 0x5f, 0x73, 0x70, 0x65,
   0x63, 0x2e, 0x69, 0x6e, 0x74, 0x72, 0x6f, 0x73, 0x70, 0x65, 0x63, 0x74, 0x69, 0x6f, 0x6e, 0x2e,
   0x6c, 0x6f, 0x67, 0x2e, 0x54, 0x72, 0x69, 0x67, 0x67, 0x65, 0x72, 0x12, 0x3b, 0x0a, 0x0a, 0x74,
   0x72, 0x69, 0x67, 0x67, 0x65, 0x72, 0x5f, 0x32, 0x33, 0x18, 0xb7, 0x1f, 0x20, 0x01, 0x28, 0x0b,
   0x32, 0x26, 0x2e, 0x6d, 0x6f, 0x74, 0x69, 0x6f, 0x6e, 0x5f, 0x73, 0x70, 0x65, 0x63, 0x2e, 0x69,
   0x6e, 0x74, 0x72, 0x6f, 0x73, 0x70, 0x65, 0x63, 0x74, 0x69, 0x6f, 0x6e, 0x2e, 0x6c, 0x6f, 0x67,
   0x2e, 0x54, 0x72, 0x69, 0x67, 0x67, 0x65, 0x72, 0x12, 0x3b, 0x0a, 0x0a, 0x74, 0x72, 0x69, 0x67,
   0x67, 0x65, 0x72, 0x5f, 0x32, 0x34, 0x18, 0xb8, 0x1f, 0x20, 0x01, 0x28, 0x0b, 0x32, 0x26, 0x2e,
   0x6d, 0x6f, 0x74, 0x69, 0x6f, 0x6e, 0x5f, 0x73, 0x70, 0x65, 0x63, 0x2e, 0x69, 0x6e, 0x74, 0x72,
   0x6f, 0x73, 0x70, 0x65, 0x63, 0x74, 0x69, 0x6f, 0x6e, 0x2e, 0x6c, 0x6f, 0x67, 0x2e, 0x54, 0x72,
   0x69, 0x67, 0x67, 0x65, 0x72, 0x12, 0x3b, 0x0a, 0x0a, 0x74, 0x72, 0x69, 0x67, 0x67, 0x65, 0x72,
   0x5f, 0x32, 0x35, 0x18, 0xb9, 0x1f, 0x20, 0x01, 0x28, 0x0b, 0x32, 0x26, 0x2e, 0x6d, 0x6f, 0x74,
   0x69, 0x6f, 0x6e, 0x5f, 0x73, 0x70, 0x65, 0x63, 0x2e, 0x69, 0x6e, 0x74, 0x72, 0x6f, 0x73, 0x70,
   0x65, 0x63, 0x74, 0x69, 0x6f, 0x6e, 0x2e, 0x6c, 0x6f, 0x67, 0x2e, 0x54, 0x72, 0x69, 0x67, 0x67,
   0x65, 0x72, 0x12, 0x3b, 0x0a, 0x0a, 0x74, 0x72, 0x69, 0x67, 0x67, 0x65, 0x72, 0x5f, 0x32, 0x36,
   0x18, 0xba, 0x1f, 0x20, 0x01, 0x28, 0x0b, 0x32, 0x26, 0x2e, 0x6d, 0x6f, 0x74, 0x69, 0x6f, 0x6e,
   0x5f, 0x73, 0x70, 0x65, 0x63, 0x2e, 0x69, 0x6e, 0x74, 0x72, 0x6f, 0x73, 0x70, 0x65, 0x63, 0x74,
   0x69, 0x6f, 0x6e, 0x2e, 0x6c, 0x6f, 0x67, 0x2e, 0x54, 0x72, 0x69, 0x67, 0x67, 0x65, 0x72, 0x12,
   0x3b, 0x0a, 0x0a, 0x74, 0x72, 0x69, 0x67, 0x67, 0x65, 0x72, 0x5f, 0x32, 0x37, 0x18, 0xbb, 0x1f,
   0x20, 0x01, 0x28, 0x0b, 0x32, 0x26, 0x2e, 0x6d, 0x6f, 0x74, 0x69, 0x6f, 0x6e, 0x5f, 0x73, 0x70,
   0x65, 0x63, 0x2e, 0x69, 0x6e, 0x74, 0x72, 0x6f, 0x73, 0x70, 0x65, 0x63, 0x74, 0x69, 0x6f, 0x6e,
   0x2e, 0x6c, 0x6f, 0x67, 0x2e, 0x54, 0x72, 0x69, 0x67, 0x67, 0x65, 0x72, 0x12, 0x3b, 0x0a, 0x0a,
   0x74, 0x72, 0x69, 0x67, 0x67, 0x65, 0x72, 0x5f, 0x32, 0x38, 0x18, 0xbc, 0x1f, 0x20, 0x01, 0x28,
   0x0b, 0x32, 0x26, 0x2e, 0x6d, 0x6f, 0x74, 0x69, 0x6f, 0x6e, 0x5f, 0x73, 0x70, 0x65, 0x63, 0x2e,
   0x69, 0x6e, 0x74, 0x72, 0x6f, 0x73, 0x70, 0x65, 0x63, 0x74, 0x69, 0x6f, 0x6e, 0x2e, 0x6c, 0x6f,
   0x67, 0x2e, 0x54, 0x72, 0x69, 0x67, 0x67, 0x65, 0x72, 0x12, 0x3b, 0x0a, 0x0a, 0x74, 0x72, 0x69,
   0x67, 0x67, 0x65, 0x72, 0x5f, 0x32, 0x39, 0x18, 0xbd, 0x1f, 0x20, 0x01, 0x28, 0x0b, 0x32, 0x26,
   0x2e, 0x6d, 0x6f, 0x74, 0x69, 0x6f, 0x6e, 0x5f, 0x73, 0x70, 0x65, 0x63, 0x2e, 0x69, 0x6e, 0x74,
   0x72, 0x6f, 0x73, 0x70, 0x65, 0x63, 0x74, 0x69, 0x6f, 0x6e, 0x2e, 0x6c, 0x6f, 0x67, 0x2e, 0x54,
   0x72, 0x69, 0x67, 0x67, 0x65, 0x72, 0x12, 0x3b, 0x0a, 0x0a, 0x74, 0x72, 0x69, 0x67, 0x67, 0x65,
   0x72, 0x5f, 0x33, 0x30, 0x18, 0xbe, 0x1f, 0x20, 0x01, 0x28, 0x0b, 0x32, 0x26, 0x2e, 0x6d, 0x6f,
   0x74, 0x69, 0x6f, 0x6e, 0x5f, 0x73, 0x70, 0x65, 0x63, 0x2e, 0x69, 0x6e, 0x74, 0x72, 0x6f, 0x73,
   0x70, 0x65, 0x63, 0x74, 0x69, 0x6f, 0x6e, 0x2e, 0x6c, 0x6f, 0x67, 0x2e, 0x54, 0x72, 0x69, 0x67,
   0x67, 0x65, 0x72, 0x12, 0x3b, 0x0a, 0x0a, 0x74, 0x72, 0x69, 0x67, 0x67, 0x65, 0x72, 0x5f, 0x33,
   0x31, 0x18, 0xbf, 0x1f, 0x20, 0x01, 0x28, 0x0b, 0x32, 0x26, 0x2e, 0x6d, 0x6f, 0x74, 0x69, 0x6f,
   0x6e, 0x5f, 0x73, 0x70, 0x65, 0x63, 0x2e, 0x69, 0x6e, 0x74, 0x72, 0x6f, 0x73, 0x70, 0x65, 0x63,
   0x74, 0x69, 0x6f, 0x6e, 0x2e, 0x6c, 0x6f, 0x67, 0x2e, 0x54, 0x72, 0x69, 0x67, 0x67, 0x65, 0x72,
   0x12, 0x3e, 0x0a, 0x0c, 0x70, 0x6f, 0x73, 0x65, 0x5f, 0x65, 0x65, 0x5f, 0x62, 0x61, 0x73, 0x65,
   0x18, 0x88, 0x27, 0x20, 0x01, 0x28, 0x0b, 0x32, 0x27, 0x2e, 0x6d, 0x6f, 0x74, 0x69, 0x6f, 0x6e,
   0x5f, 0x73, 0x70, 0x65, 0x63, 0x2e, 0x69, 0x6e, 0x74, 0x72, 0x6f, 0x73, 0x70, 0x65, 0x63, 0x74,
   0x69, 0x6f, 0x6e, 0x2e, 0x6c, 0x6f, 0x67, 0x2e, 0x50, 0x6f, 0x73, 0x65, 0x53, 0x6c, 0x6f, 0x74,
   0x12, 0x3c, 0x0a, 0x0a, 0x73, 0x74, 0x61, 0x72, 0x74, 0x5f, 0x70, 0x6f, 0x73, 0x65, 0x18, 0x89,
   0x27, 0x20, 0x01, 0x28, 0x0b, 0x32, 0x27, 0x2e, 0x6d, 0x6f, 0x74, 0x69, 0x6f, 0x6e, 0x5f, 0x73,
   0x70, 0x65, 0x63, 0x2e, 0x69, 0x6e, 0x74, 0x72, 0x6f, 0x73, 0x70, 0x65, 0x63, 0x74, 0x69, 0x6f,
   0x6e, 0x2e, 0x6c, 0x6f, 0x67, 0x2e, 0x50, 0x6f, 0x73, 0x65, 0x53, 0x6c, 0x6f, 0x74, 0x12, 0x3d,
   0x0a, 0x09, 0x65, 0x78, 0x74, 0x5f, 0x66, 0x6f, 0x72, 0x63, 0x65, 0x18, 0xd8, 0x36, 0x20, 0x01,
   0x28, 0x0b, 0x32, 0x29, 0x2e, 0x6d, 0x6f, 0x74, 0x69, 0x6f, 0x6e, 0x5f, 0x73, 0x70, 0x65, 0x63,
   0x2e, 0x69, 0x6e, 0x74, 0x72, 0x6f, 0x73, 0x70, 0x65, 0x63, 0x74, 0x69, 0x6f, 0x6e, 0x2e, 0x6c,
   0x6f, 0x67, 0x2e, 0x57, 0x72, 0x65, 0x6e, 0x63, 0x68, 0x53, 0x6c, 0x6f, 0x74, 0x12, 0x45, 0x0a,
   0x11, 0x65, 0x78, 0x74, 0x5f, 0x66, 0x6f, 0x72, 0x63, 0x65, 0x5f, 0x66, 0x74, 0x5f, 0x62, 0x69,
   0x61, 0x73, 0x18, 0xd9, 0x36, 0x20, 0x01, 0x28, 0x0b, 0x32, 0x29, 0x2e, 0x6d, 0x6f, 0x74, 0x69,
   0x6f, 0x6e, 0x5f, 0x73, 0x70, 0x65, 0x63, 0x2e, 0x69, 0x6e, 0x74, 0x72, 0x6f, 0x73, 0x70, 0x65,
   0x63, 0x74, 0x69, 0x6f, 0x6e, 0x2e, 0x6c, 0x6f, 0x67, 0x2e, 0x57, 0x72, 0x65, 0x6e, 0x63, 0x68,
   0x53, 0x6c, 0x6f, 0x74, 0x22, 0x99, 0x01, 0x0a, 0x0e, 0x46, 0x72, 0x61, 0x6d, 0x65, 0x4c, 0x6f,
   0x67, 0x52, 0x65, 0x63, 0x6f, 0x72, 0x64, 0x12, 0x3f, 0x0a, 0x06, 0x68, 0x65, 0x61, 0x64, 0x65,
   0x72, 0x18, 0x01, 0x20, 0x01, 0x28, 0x0b, 0x32, 0x2d, 0x2e, 0x6d, 0x6f, 0x74, 0x69, 0x6f, 0x6e,
   0x5f, 0x73, 0x70, 0x65, 0x63, 0x2e, 0x69, 0x6e, 0x74, 0x72, 0x6f, 0x73, 0x70, 0x65, 0x63, 0x74,
   0x69, 0x6f, 0x6e, 0x2e, 0x6c, 0x6f, 0x67, 0x2e, 0x46, 0x72, 0x61, 0x6d, 0x65, 0x4c, 0x6f, 0x67,
   0x48, 0x65, 0x61, 0x64, 0x65, 0x72, 0x48, 0x00, 0x12, 0x3c, 0x0a, 0x05, 0x66, 0x72, 0x61, 0x6d,
   0x65, 0x18, 0x02, 0x20, 0x01, 0x28, 0x0b, 0x32, 0x2b, 0x2e, 0x6d, 0x6f, 0x74, 0x69, 0x6f, 0x6e,
   0x5f, 0x73, 0x70, 0x65, 0x63, 0x2e, 0x69, 0x6e, 0x74, 0x72, 0x6f, 0x73, 0x70, 0x65, 0x63, 0x74,
   0x69, 0x6f, 0x6e, 0x2e, 0x6c, 0x6f, 0x67, 0x2e, 0x52, 0x75, 0x6e, 0x74, 0x69, 0x6d, 0x65, 0x46,
   0x72, 0x61, 0x6d, 0x65, 0x48, 0x00, 0x42, 0x08, 0x0a, 0x06, 0x72, 0x65, 0x63, 0x6f, 0x72, 0x64,
   0x62, 0x06, 0x70, 0x72, 0x6f, 0x74, 0x6f, 0x33, 0x2a, 0x77, 0x08, 0xb8, 0x17, 0x12, 0x1f, 0x61,
   0x72, 0x6d, 0x5f, 0x73, 0x6f, 0x6c, 0x76, 0x65, 0x72, 0x5f, 0x68, 0x6f, 0x6c, 0x64, 0x5f, 0x63,
   0x6c, 0x6f, 0x73, 0x65, 0x5f, 0x71, 0x5f, 0x6a, 0x6f, 0x69, 0x6e, 0x74, 0x5f, 0x31, 0x1a, 0x51,
   0x68, 0x74, 0x74, 0x70, 0x73, 0x3a, 0x2f, 0x2f, 0x73, 0x65, 0x63, 0x6f, 0x72, 0x6f, 0x6c, 0x61,
   0x62, 0x2e, 0x67, 0x69, 0x74, 0x68, 0x75, 0x62, 0x2e, 0x69, 0x6f, 0x2f, 0x6d, 0x6f, 0x64, 0x65,
   0x6c, 0x73, 0x2f, 0x72, 0x65, 0x61, 0x6c, 0x2d, 0x64, 0x65, 0x6d, 0x6f, 0x2d, 0x68, 0x6f, 0x6c,
   0x64, 0x2f, 0x61, 0x72, 0x6d, 0x2d, 0x73, 0x6f, 0x6c, 0x76, 0x65, 0x72, 0x2d, 0x68, 0x6f, 0x6c,
   0x64, 0x2d, 0x63, 0x6c, 0x6f, 0x73, 0x65, 0x2f, 0x71, 0x2d, 0x6a, 0x6f, 0x69, 0x6e, 0x74, 0x2d,
   0x31, 0x2a, 0x77, 0x08, 0xb9, 0x17, 0x12, 0x1f, 0x61, 0x72, 0x6d, 0x5f, 0x73, 0x6f, 0x6c, 0x76,
   0x65, 0x72, 0x5f, 0x68, 0x6f, 0x6c, 0x64, 0x5f, 0x63, 0x6c, 0x6f, 0x73, 0x65, 0x5f, 0x71, 0x5f,
   0x6a, 0x6f, 0x69, 0x6e, 0x74, 0x5f, 0x32, 0x1a, 0x51, 0x68, 0x74, 0x74, 0x70, 0x73, 0x3a, 0x2f,
   0x2f, 0x73, 0x65, 0x63, 0x6f, 0x72, 0x6f, 0x6c, 0x61, 0x62, 0x2e, 0x67, 0x69, 0x74, 0x68, 0x75,
   0x62, 0x2e, 0x69, 0x6f, 0x2f, 0x6d, 0x6f, 0x64, 0x65, 0x6c, 0x73, 0x2f, 0x72, 0x65, 0x61, 0x6c,
   0x2d, 0x64, 0x65, 0x6d, 0x6f, 0x2d, 0x68, 0x6f, 0x6c, 0x64, 0x2f, 0x61, 0x72, 0x6d, 0x2d, 0x73,
   0x6f, 0x6c, 0x76, 0x65, 0x72, 0x2d, 0x68, 0x6f, 0x6c, 0x64, 0x2d, 0x63, 0x6c, 0x6f, 0x73, 0x65,
   0x2f, 0x71, 0x2d, 0x6a, 0x6f, 0x69, 0x6e, 0x74, 0x2d, 0x32, 0x2a, 0x77, 0x08, 0xba, 0x17, 0x12,
   0x1f, 0x61, 0x72, 0x6d, 0x5f, 0x73, 0x6f, 0x6c, 0x76, 0x65, 0x72, 0x5f, 0x68, 0x6f, 0x6c, 0x64,
   0x5f, 0x63, 0x6c, 0x6f, 0x73, 0x65, 0x5f, 0x71, 0x5f, 0x6a, 0x6f, 0x69, 0x6e, 0x74, 0x5f, 0x33,
   0x1a, 0x51, 0x68, 0x74, 0x74, 0x70, 0x73, 0x3a, 0x2f, 0x2f, 0x73, 0x65, 0x63, 0x6f, 0x72, 0x6f,
   0x6c, 0x61, 0x62, 0x2e, 0x67, 0x69, 0x74, 0x68, 0x75, 0x62, 0x2e, 0x69, 0x6f, 0x2f, 0x6d, 0x6f,
   0x64, 0x65, 0x6c, 0x73, 0x2f, 0x72, 0x65, 0x61, 0x6c, 0x2d, 0x64, 0x65, 0x6d, 0x6f, 0x2d, 0x68,
   0x6f, 0x6c, 0x64, 0x2f, 0x61, 0x72, 0x6d, 0x2d, 0x73, 0x6f, 0x6c, 0x76, 0x65, 0x72, 0x2d, 0x68,
   0x6f, 0x6c, 0x64, 0x2d, 0x63, 0x6c, 0x6f, 0x73, 0x65, 0x2f, 0x71, 0x2d, 0x6a, 0x6f, 0x69, 0x6e,
   0x74, 0x2d, 0x33, 0x2a, 0x77, 0x08, 0xbb, 0x17, 0x12, 0x1f, 0x61, 0x72, 0x6d, 0x5f, 0x73, 0x6f,
   0x6c, 0x76, 0x65, 0x72, 0x5f, 0x68, 0x6f, 0x6c, 0x64, 0x5f, 0x63, 0x6c, 0x6f, 0x73, 0x65, 0x5f,
   0x71, 0x5f, 0x6a, 0x6f, 0x69, 0x6e, 0x74, 0x5f, 0x34, 0x1a, 0x51, 0x68, 0x74, 0x74, 0x70, 0x73,
   0x3a, 0x2f, 0x2f, 0x73, 0x65, 0x63, 0x6f, 0x72, 0x6f, 0x6c, 0x61, 0x62, 0x2e, 0x67, 0x69, 0x74,
   0x68, 0x75, 0x62, 0x2e, 0x69, 0x6f, 0x2f, 0x6d, 0x6f, 0x64, 0x65, 0x6c, 0x73, 0x2f, 0x72, 0x65,
   0x61, 0x6c, 0x2d, 0x64, 0x65, 0x6d, 0x6f, 0x2d, 0x68, 0x6f, 0x6c, 0x64, 0x2f, 0x61, 0x72, 0x6d,
   0x2d, 0x73, 0x6f, 0x6c, 0x76, 0x65, 0x72, 0x2d, 0x68, 0x6f, 0x6c, 0x64, 0x2d, 0x63, 0x6c, 0x6f,
   0x73, 0x65, 0x2f, 0x71, 0x2d, 0x6a, 0x6f, 0x69, 0x6e, 0x74, 0x2d, 0x34, 0x2a, 0x77, 0x08, 0xbc,
   0x17, 0x12, 0x1f, 0x61, 0x72, 0x6d, 0x5f, 0x73, 0x6f, 0x6c, 0x76, 0x65, 0x72, 0x5f, 0x68, 0x6f,
   0x6c, 0x64, 0x5f, 0x63, 0x6c, 0x6f, 0x73, 0x65, 0x5f, 0x71, 0x5f, 0x6a, 0x6f, 0x69, 0x6e, 0x74,
   0x5f, 0x35, 0x1a, 0x51, 0x68, 0x74, 0x74, 0x70, 0x73, 0x3a, 0x2f, 0x2f, 0x73, 0x65, 0x63, 0x6f,
   0x72, 0x6f, 0x6c, 0x61, 0x62, 0x2e, 0x67, 0x69, 0x74, 0x68, 0x75, 0x62, 0x2e, 0x69, 0x6f, 0x2f,
   0x6d, 0x6f, 0x64, 0x65, 0x6c, 0x73, 0x2f, 0x72, 0x65, 0x61, 0x6c, 0x2d, 0x64, 0x65, 0x6d, 0x6f,
   0x2d, 0x68, 0x6f, 0x6c, 0x64, 0x2f, 0x61, 0x72, 0x6d, 0x2d, 0x73, 0x6f, 0x6c, 0x76, 0x65, 0x72,
   0x2d, 0x68, 0x6f, 0x6c, 0x64, 0x2d, 0x63, 0x6c, 0x6f, 0x73, 0x65, 0x2f, 0x71, 0x2d, 0x6a, 0x6f,
   0x69, 0x6e, 0x74, 0x2d, 0x35, 0x2a, 0x77, 0x08, 0xbd, 0x17, 0x12, 0x1f, 0x61, 0x72, 0x6d, 0x5f,
   0x73, 0x6f, 0x6c, 0x76, 0x65, 0x72, 0x5f, 0x68, 0x6f, 0x6c, 0x64, 0x5f, 0x63, 0x6c, 0x6f, 0x73,
   0x65, 0x5f, 0x71, 0x5f, 0x6a, 0x6f, 0x69, 0x6e, 0x74, 0x5f, 0x36, 0x1a, 0x51, 0x68, 0x74, 0x74,
   0x70, 0x73, 0x3a, 0x2f, 0x2f, 0x73, 0x65, 0x63, 0x6f, 0x72, 0x6f, 0x6c, 0x61, 0x62, 0x2e, 0x67,
   0x69, 0x74, 0x68, 0x75, 0x62, 0x2e, 0x69, 0x6f, 0x2f, 0x6d, 0x6f, 0x64, 0x65, 0x6c, 0x73, 0x2f,
   0x72, 0x65, 0x61, 0x6c, 0x2d, 0x64, 0x65, 0x6d, 0x6f, 0x2d, 0x68, 0x6f, 0x6c, 0x64, 0x2f, 0x61,
   0x72, 0x6d, 0x2d, 0x73, 0x6f, 0x6c, 0x76, 0x65, 0x72, 0x2d, 0x68, 0x6f, 0x6c, 0x64, 0x2d, 0x63,
   0x6c, 0x6f, 0x73, 0x65, 0x2f, 0x71, 0x2d, 0x6a, 0x6f, 0x69, 0x6e, 0x74, 0x2d, 0x36, 0x2a, 0x77,
   0x08, 0xbe, 0x17, 0x12, 0x1f, 0x61, 0x72, 0x6d, 0x5f, 0x73, 0x6f, 0x6c, 0x76, 0x65, 0x72, 0x5f,
   0x68, 0x6f, 0x6c, 0x64, 0x5f, 0x63, 0x6c, 0x6f, 0x73, 0x65, 0x5f, 0x71, 0x5f, 0x6a, 0x6f, 0x69,
   0x6e, 0x74, 0x5f, 0x37, 0x1a, 0x51, 0x68, 0x74, 0x74, 0x70, 0x73, 0x3a, 0x2f, 0x2f, 0x73, 0x65,
   0x63, 0x6f, 0x72, 0x6f, 0x6c, 0x61, 0x62, 0x2e, 0x67, 0x69, 0x74, 0x68, 0x75, 0x62, 0x2e, 0x69,
   0x6f, 0x2f, 0x6d, 0x6f, 0x64, 0x65, 0x6c, 0x73, 0x2f, 0x72, 0x65, 0x61, 0x6c, 0x2d, 0x64, 0x65,
   0x6d, 0x6f, 0x2d, 0x68, 0x6f, 0x6c, 0x64, 0x2f, 0x61, 0x72, 0x6d, 0x2d, 0x73, 0x6f, 0x6c, 0x76,
   0x65, 0x72, 0x2d, 0x68, 0x6f, 0x6c, 0x64, 0x2d, 0x63, 0x6c, 0x6f, 0x73, 0x65, 0x2f, 0x71, 0x2d,
   0x6a, 0x6f, 0x69, 0x6e, 0x74, 0x2d, 0x37, 0x2a, 0x79, 0x08, 0xbf, 0x17, 0x12, 0x20, 0x61, 0x72,
   0x6d, 0x5f, 0x73, 0x6f, 0x6c, 0x76, 0x65, 0x72, 0x5f, 0x68, 0x6f, 0x6c, 0x64, 0x5f, 0x63, 0x6c,
   0x6f, 0x73, 0x65, 0x5f, 0x71, 0x64, 0x5f, 0x6a, 0x6f, 0x69, 0x6e, 0x74, 0x5f, 0x31, 0x1a, 0x52,
   0x68, 0x74, 0x74, 0x70, 0x73, 0x3a, 0x2f, 0x2f, 0x73, 0x65, 0x63, 0x6f, 0x72, 0x6f, 0x6c, 0x61,
   0x62, 0x2e, 0x67, 0x69, 0x74, 0x68, 0x75, 0x62, 0x2e, 0x69, 0x6f, 0x2f, 0x6d, 0x6f, 0x64, 0x65,
   0x6c, 0x73, 0x2f, 0x72, 0x65, 0x61, 0x6c, 0x2d, 0x64, 0x65, 0x6d, 0x6f, 0x2d, 0x68, 0x6f, 0x6c,
   0x64, 0x2f, 0x61, 0x72, 0x6d, 0x2d, 0x73, 0x6f, 0x6c, 0x76, 0x65, 0x72, 0x2d, 0x68, 0x6f, 0x6c,
   0x64, 0x2d, 0x63, 0x6c, 0x6f, 0x73, 0x65, 0x2f, 0x71, 0x64, 0x2d, 0x6a, 0x6f, 0x69, 0x6e, 0x74,
   0x2d, 0x31, 0x2a, 0x79, 0x08, 0xc0, 0x17, 0x12, 0x20, 0x61, 0x72, 0x6d, 0x5f, 0x73, 0x6f, 0x6c,
   0x76, 0x65, 0x72, 0x5f, 0x68, 0x6f, 0x6c, 0x64, 0x5f, 0x63, 0x6c, 0x6f, 0x73, 0x65, 0x5f, 0x71,
   0x64, 0x5f, 0x6a, 0x6f, 0x69, 0x6e, 0x74, 0x5f, 0x32, 0x1a, 0x52, 0x68, 0x74, 0x74, 0x70, 0x73,
   0x3a, 0x2f, 0x2f, 0x73, 0x65, 0x63, 0x6f, 0x72, 0x6f, 0x6c, 0x61, 0x62, 0x2e, 0x67, 0x69, 0x74,
   0x68, 0x75, 0x62, 0x2e, 0x69, 0x6f, 0x2f, 0x6d, 0x6f, 0x64, 0x65, 0x6c, 0x73, 0x2f, 0x72, 0x65,
   0x61, 0x6c, 0x2d, 0x64, 0x65, 0x6d, 0x6f, 0x2d, 0x68, 0x6f, 0x6c, 0x64, 0x2f, 0x61, 0x72, 0x6d,
   0x2d, 0x73, 0x6f, 0x6c, 0x76, 0x65, 0x72, 0x2d, 0x68, 0x6f, 0x6c, 0x64, 0x2d, 0x63, 0x6c, 0x6f,
   0x73, 0x65, 0x2f, 0x71, 0x64, 0x2d, 0x6a, 0x6f, 0x69, 0x6e, 0x74, 0x2d, 0x32, 0x2a, 0x79, 0x08,
   0xc1, 0x17, 0x12, 0x20, 0x61, 0x72, 0x6d, 0x5f, 0x73, 0x6f, 0x6c, 0x76, 0x65, 0x72, 0x5f, 0x68,
   0x6f, 0x6c, 0x64, 0x5f, 0x63, 0x6c, 0x6f, 0x73, 0x65, 0x5f, 0x71, 0x64, 0x5f, 0x6a, 0x6f, 0x69,
   0x6e, 0x74, 0x5f, 0x33, 0x1a, 0x52, 0x68, 0x74, 0x74, 0x70, 0x73, 0x3a, 0x2f, 0x2f, 0x73, 0x65,
   0x63, 0x6f, 0x72, 0x6f, 0x6c, 0x61, 0x62, 0x2e, 0x67, 0x69, 0x74, 0x68, 0x75, 0x62, 0x2e, 0x69,
   0x6f, 0x2f, 0x6d, 0x6f, 0x64, 0x65, 0x6c, 0x73, 0x2f, 0x72, 0x65, 0x61, 0x6c, 0x2d, 0x64, 0x65,
   0x6d, 0x6f, 0x2d, 0x68, 0x6f, 0x6c, 0x64, 0x2f, 0x61, 0x72, 0x6d, 0x2d, 0x73, 0x6f, 0x6c, 0x76,
   0x65, 0x72, 0x2d, 0x68, 0x6f, 0x6c, 0x64, 0x2d, 0x63, 0x6c, 0x6f, 0x73, 0x65, 0x2f, 0x71, 0x64,
   0x2d, 0x6a, 0x6f, 0x69, 0x6e, 0x74, 0x2d, 0x33, 0x2a, 0x79, 0x08, 0xc2, 0x17, 0x12, 0x20, 0x61,
   0x72, 0x6d, 0x5f, 0x73, 0x6f, 0x6c, 0x76, 0x65, 0x72, 0x5f, 0x68, 0x6f, 0x6c, 0x64, 0x5f, 0x63,
   0x6c, 0x6f, 0x73, 0x65, 0x5f, 0x71, 0x64, 0x5f, 0x6a, 0x6f, 0x69, 0x6e, 0x74, 0x5f, 0x34, 0x1a,
   0x52, 0x68, 0x74, 0x74, 0x70, 0x73, 0x3a, 0x2f, 0x2f, 0x73, 0x65, 0x63, 0x6f, 0x72, 0x6f, 0x6c,
   0x61, 0x62, 0x2e, 0x67, 0x69, 0x74, 0x68, 0x75, 0x62, 0x2e, 0x69, 0x6f, 0x2f, 0x6d, 0x6f, 0x64,
   0x65, 0x6c, 0x73, 0x2f, 0x72, 0x65, 0x61, 0x6c, 0x2d, 0x64, 0x65, 0x6d, 0x6f, 0x2d, 0x68, 0x6f,
   0x6c, 0x64, 0x2f, 0x61, 0x72, 0x6d, 0x2d, 0x73, 0x6f, 0x6c, 0x76, 0x65, 0x72, 0x2d, 0x68, 0x6f,
   0x6c, 0x64, 0x2d, 0x63, 0x6c, 0x6f, 0x73, 0x65, 0x2f, 0x71, 0x64, 0x2d, 0x6a, 0x6f, 0x69, 0x6e,
   0x74, 0x2d, 0x34, 0x2a, 0x79, 0x08, 0xc3, 0x17, 0x12, 0x20, 0x61, 0x72, 0x6d, 0x5f, 0x73, 0x6f,
   0x6c, 0x76, 0x65, 0x72, 0x5f, 0x68, 0x6f, 0x6c, 0x64, 0x5f, 0x63, 0x6c, 0x6f, 0x73, 0x65, 0x5f,
   0x71, 0x64, 0x5f, 0x6a, 0x6f, 0x69, 0x6e, 0x74, 0x5f, 0x35, 0x1a, 0x52, 0x68, 0x74, 0x74, 0x70,
   0x73, 0x3a, 0x2f, 0x2f, 0x73, 0x65, 0x63, 0x6f, 0x72, 0x6f, 0x6c, 0x61, 0x62, 0x2e, 0x67, 0x69,
   0x74, 0x68, 0x75, 0x62, 0x2e, 0x69, 0x6f, 0x2f, 0x6d, 0x6f, 0x64, 0x65, 0x6c, 0x73, 0x2f, 0x72,
   0x65, 0x61, 0x6c, 0x2d, 0x64, 0x65, 0x6d, 0x6f, 0x2d, 0x68, 0x6f, 0x6c, 0x64, 0x2f, 0x61, 0x72,
   0x6d, 0x2d, 0x73, 0x6f, 0x6c, 0x76, 0x65, 0x72, 0x2d, 0x68, 0x6f, 0x6c, 0x64, 0x2d, 0x63, 0x6c,
   0x6f, 0x73, 0x65, 0x2f, 0x71, 0x64, 0x2d, 0x6a, 0x6f, 0x69, 0x6e, 0x74, 0x2d, 0x35, 0x2a, 0x79,
   0x08, 0xc4, 0x17, 0x12, 0x20, 0x61, 0x72, 0x6d, 0x5f, 0x73, 0x6f, 0x6c, 0x76, 0x65, 0x72, 0x5f,
   0x68, 0x6f, 0x6c, 0x64, 0x5f, 0x63, 0x6c, 0x6f, 0x73, 0x65, 0x5f, 0x71, 0x64, 0x5f, 0x6a, 0x6f,
   0x69, 0x6e, 0x74, 0x5f, 0x36, 0x1a, 0x52, 0x68, 0x74, 0x74, 0x70, 0x73, 0x3a, 0x2f, 0x2f, 0x73,
   0x65, 0x63, 0x6f, 0x72, 0x6f, 0x6c, 0x61, 0x62, 0x2e, 0x67, 0x69, 0x74, 0x68, 0x75, 0x62, 0x2e,
   0x69, 0x6f, 0x2f, 0x6d, 0x6f, 0x64, 0x65, 0x6c, 0x73, 0x2f, 0x72, 0x65, 0x61, 0x6c, 0x2d, 0x64,
   0x65, 0x6d, 0x6f, 0x2d, 0x68, 0x6f, 0x6c, 0x64, 0x2f, 0x61, 0x72, 0x6d, 0x2d, 0x73, 0x6f, 0x6c,
   0x76, 0x65, 0x72, 0x2d, 0x68, 0x6f, 0x6c, 0x64, 0x2d, 0x63, 0x6c, 0x6f, 0x73, 0x65, 0x2f, 0x71,
   0x64, 0x2d, 0x6a, 0x6f, 0x69, 0x6e, 0x74, 0x2d, 0x36, 0x2a, 0x79, 0x08, 0xc5, 0x17, 0x12, 0x20,
   0x61, 0x72, 0x6d, 0x5f, 0x73, 0x6f, 0x6c, 0x76, 0x65, 0x72, 0x5f, 0x68, 0x6f, 0x6c, 0x64, 0x5f,
   0x63, 0x6c, 0x6f, 0x73, 0x65, 0x5f, 0x71, 0x64, 0x5f, 0x6a, 0x6f, 0x69, 0x6e, 0x74, 0x5f, 0x37,
   0x1a, 0x52, 0x68, 0x74, 0x74, 0x70, 0x73, 0x3a, 0x2f, 0x2f, 0x73, 0x65, 0x63, 0x6f, 0x72, 0x6f,
   0x6c, 0x61, 0x62, 0x2e, 0x67, 0x69, 0x74, 0x68, 0x75, 0x62, 0x2e, 0x69, 0x6f, 0x2f, 0x6d, 0x6f,
   0x64, 0x65, 0x6c, 0x73, 0x2f, 0x72, 0x65, 0x61, 0x6c, 0x2d, 0x64, 0x65, 0x6d, 0x6f, 0x2d, 0x68,
   0x6f, 0x6c, 0x64, 0x2f, 0x61, 0x72, 0x6d, 0x2d, 0x73, 0x6f, 0x6c, 0x76, 0x65, 0x72, 0x2d, 0x68,
   0x6f, 0x6c, 0x64, 0x2d, 0x63, 0x6c, 0x6f, 0x73, 0x65, 0x2f, 0x71, 0x64, 0x2d, 0x6a, 0x6f, 0x69,
   0x6e, 0x74, 0x2d, 0x37, 0x2a, 0x7b, 0x08, 0xc6, 0x17, 0x12, 0x21, 0x61, 0x72, 0x6d, 0x5f, 0x73,
   0x6f, 0x6c, 0x76, 0x65, 0x72, 0x5f, 0x68, 0x6f, 0x6c, 0x64, 0x5f, 0x63, 0x6c, 0x6f, 0x73, 0x65,
   0x5f, 0x71, 0x64, 0x64, 0x5f, 0x6a, 0x6f, 0x69, 0x6e, 0x74, 0x5f, 0x31, 0x1a, 0x53, 0x68, 0x74,
   0x74, 0x70, 0x73, 0x3a, 0x2f, 0x2f, 0x73, 0x65, 0x63, 0x6f, 0x72, 0x6f, 0x6c, 0x61, 0x62, 0x2e,
   0x67, 0x69, 0x74, 0x68, 0x75, 0x62, 0x2e, 0x69, 0x6f, 0x2f, 0x6d, 0x6f, 0x64, 0x65, 0x6c, 0x73,
   0x2f, 0x72, 0x65, 0x61, 0x6c, 0x2d, 0x64, 0x65, 0x6d, 0x6f, 0x2d, 0x68, 0x6f, 0x6c, 0x64, 0x2f,
   0x61, 0x72, 0x6d, 0x2d, 0x73, 0x6f, 0x6c, 0x76, 0x65, 0x72, 0x2d, 0x68, 0x6f, 0x6c, 0x64, 0x2d,
   0x63, 0x6c, 0x6f, 0x73, 0x65, 0x2f, 0x71, 0x64, 0x64, 0x2d, 0x6a, 0x6f, 0x69, 0x6e, 0x74, 0x2d,
   0x31, 0x2a, 0x7b, 0x08, 0xc7, 0x17, 0x12, 0x21, 0x61, 0x72, 0x6d, 0x5f, 0x73, 0x6f, 0x6c, 0x76,
   0x65, 0x72, 0x5f, 0x68, 0x6f, 0x6c, 0x64, 0x5f, 0x63, 0x6c, 0x6f, 0x73, 0x65, 0x5f, 0x71, 0x64,
   0x64, 0x5f, 0x6a, 0x6f, 0x69, 0x6e, 0x74, 0x5f, 0x32, 0x1a, 0x53, 0x68, 0x74, 0x74, 0x70, 0x73,
   0x3a, 0x2f, 0x2f, 0x73, 0x65, 0x63, 0x6f, 0x72, 0x6f, 0x6c, 0x61, 0x62, 0x2e, 0x67, 0x69, 0x74,
   0x68, 0x75, 0x62, 0x2e, 0x69, 0x6f, 0x2f, 0x6d, 0x6f, 0x64, 0x65, 0x6c, 0x73, 0x2f, 0x72, 0x65,
   0x61, 0x6c, 0x2d, 0x64, 0x65, 0x6d, 0x6f, 0x2d, 0x68, 0x6f, 0x6c, 0x64, 0x2f, 0x61, 0x72, 0x6d,
   0x2d, 0x73, 0x6f, 0x6c, 0x76, 0x65, 0x72, 0x2d, 0x68, 0x6f, 0x6c, 0x64, 0x2d, 0x63, 0x6c, 0x6f,
   0x73, 0x65, 0x2f, 0x71, 0x64, 0x64, 0x2d, 0x6a, 0x6f, 0x69, 0x6e, 0x74, 0x2d, 0x32, 0x2a, 0x7b,
   0x08, 0xc8, 0x17, 0x12, 0x21, 0x61, 0x72, 0x6d, 0x5f, 0x73, 0x6f, 0x6c, 0x76, 0x65, 0x72, 0x5f,
   0x68, 0x6f, 0x6c, 0x64, 0x5f, 0x63, 0x6c, 0x6f, 0x73, 0x65, 0x5f, 0x71, 0x64, 0x64, 0x5f, 0x6a,
   0x6f, 0x69, 0x6e, 0x74, 0x5f, 0x33, 0x1a, 0x53, 0x68, 0x74, 0x74, 0x70, 0x73, 0x3a, 0x2f, 0x2f,
   0x73, 0x65, 0x63, 0x6f, 0x72, 0x6f, 0x6c, 0x61, 0x62, 0x2e, 0x67, 0x69, 0x74, 0x68, 0x75, 0x62,
   0x2e, 0x69, 0x6f, 0x2f, 0x6d, 0x6f, 0x64, 0x65, 0x6c, 0x73, 0x2f, 0x72, 0x65, 0x61, 0x6c, 0x2d,
   0x64, 0x65, 0x6d, 0x6f, 0x2d, 0x68, 0x6f, 0x6c, 0x64, 0x2f, 0x61, 0x72, 0x6d, 0x2d, 0x73, 0x6f,
   0x6c, 0x76, 0x65, 0x72, 0x2d, 0x68, 0x6f, 0x6c, 0x64, 0x2d, 0x63, 0x6c, 0x6f, 0x73, 0x65, 0x2f,
   0x71, 0x64, 0x64, 0x2d, 0x6a, 0x6f, 0x69, 0x6e, 0x74, 0x2d, 0x33, 0x2a, 0x7b, 0x08, 0xc9, 0x17,
   0x12, 0x21, 0x61, 0x72, 0x6d, 0x5f, 0x73, 0x6f, 0x6c, 0x76, 0x65, 0x72, 0x5f, 0x68, 0x6f, 0x6c,
   0x64, 0x5f, 0x63, 0x6c, 0x6f, 0x73, 0x65, 0x5f, 0x71, 0x64, 0x64, 0x5f, 0x6a, 0x6f, 0x69, 0x6e,
   0x74, 0x5f, 0x34, 0x1a, 0x53, 0x68, 0x74, 0x74, 0x70, 0x73, 0x3a, 0x2f, 0x2f, 0x73, 0x65, 0x63,
   0x6f, 0x72, 0x6f, 0x6c, 0x61, 0x62, 0x2e, 0x67, 0x69, 0x74, 0x68, 0x75, 0x62, 0x2e, 0x69, 0x6f,
   0x2f, 0x6d, 0x6f, 0x64, 0x65, 0x6c, 0x73, 0x2f, 0x72, 0x65, 0x61, 0x6c, 0x2d, 0x64, 0x65, 0x6d,
   0x6f, 0x2d, 0x68, 0x6f, 0x6c, 0x64, 0x2f, 0x61, 0x72, 0x6d, 0x2d, 0x73, 0x6f, 0x6c, 0x76, 0x65,
   0x72, 0x2d, 0x68, 0x6f, 0x6c, 0x64, 0x2d, 0x63, 0x6c, 0x6f, 0x73, 0x65, 0x2f, 0x71, 0x64, 0x64,
   0x2d, 0x6a, 0x6f, 0x69, 0x6e, 0x74, 0x2d, 0x34, 0x2a, 0x7b, 0x08, 0xca, 0x17, 0x12, 0x21, 0x61,
   0x72, 0x6d, 0x5f, 0x73, 0x6f, 0x6c, 0x76, 0x65, 0x72, 0x5f, 0x68, 0x6f, 0x6c, 0x64, 0x5f, 0x63,
   0x6c, 0x6f, 0x73, 0x65, 0x5f, 0x71, 0x64, 0x64, 0x5f, 0x6a, 0x6f, 0x69, 0x6e, 0x74, 0x5f, 0x35,
   0x1a, 0x53, 0x68, 0x74, 0x74, 0x70, 0x73, 0x3a, 0x2f, 0x2f, 0x73, 0x65, 0x63, 0x6f, 0x72, 0x6f,
   0x6c, 0x61, 0x62, 0x2e, 0x67, 0x69, 0x74, 0x68, 0x75, 0x62, 0x2e, 0x69, 0x6f, 0x2f, 0x6d, 0x6f,
   0x64, 0x65, 0x6c, 0x73, 0x2f, 0x72, 0x65, 0x61, 0x6c, 0x2d, 0x64, 0x65, 0x6d, 0x6f, 0x2d, 0x68,
   0x6f, 0x6c, 0x64, 0x2f, 0x61, 0x72, 0x6d, 0x2d, 0x73, 0x6f, 0x6c, 0x76, 0x65, 0x72, 0x2d, 0x68,
   0x6f, 0x6c, 0x64, 0x2d, 0x63, 0x6c, 0x6f, 0x73, 0x65, 0x2f, 0x71, 0x64, 0x64, 0x2d, 0x6a, 0x6f,
   0x69, 0x6e, 0x74, 0x2d, 0x35, 0x2a, 0x7b, 0x08, 0xcb, 0x17, 0x12, 0x21, 0x61, 0x72, 0x6d, 0x5f,
   0x73, 0x6f, 0x6c, 0x76, 0x65, 0x72, 0x5f, 0x68, 0x6f, 0x6c, 0x64, 0x5f, 0x63, 0x6c, 0x6f, 0x73,
   0x65, 0x5f, 0x71, 0x64, 0x64, 0x5f, 0x6a, 0x6f, 0x69, 0x6e, 0x74, 0x5f, 0x36, 0x1a, 0x53, 0x68,
   0x74, 0x74, 0x70, 0x73, 0x3a, 0x2f, 0x2f, 0x73, 0x65, 0x63, 0x6f, 0x72, 0x6f, 0x6c, 0x61, 0x62,
   0x2e, 0x67, 0x69, 0x74, 0x68, 0x75, 0x62, 0x2e, 0x69, 0x6f, 0x2f, 0x6d, 0x6f, 0x64, 0x65, 0x6c,
   0x73, 0x2f, 0x72, 0x65, 0x61, 0x6c, 0x2d, 0x64, 0x65, 0x6d, 0x6f, 0x2d, 0x68, 0x6f, 0x6c, 0x64,
   0x2f, 0x61, 0x72, 0x6d, 0x2d, 0x73, 0x6f, 0x6c, 0x76, 0x65, 0x72, 0x2d, 0x68, 0x6f, 0x6c, 0x64,
   0x2d, 0x63, 0x6c, 0x6f, 0x73, 0x65, 0x2f, 0x71, 0x64, 0x64, 0x2d, 0x6a, 0x6f, 0x69, 0x6e, 0x74,
   0x2d, 0x36, 0x2a, 0x7b, 0x08, 0xcc, 0x17, 0x12, 0x21, 0x61, 0x72, 0x6d, 0x5f, 0x73, 0x6f, 0x6c,
   0x76, 0x65, 0x72, 0x5f, 0x68, 0x6f, 0x6c, 0x64, 0x5f, 0x63, 0x6c, 0x6f, 0x73, 0x65, 0x5f, 0x71,
   0x64, 0x64, 0x5f, 0x6a, 0x6f, 0x69, 0x6e, 0x74, 0x5f, 0x37, 0x1a, 0x53, 0x68, 0x74, 0x74, 0x70,
   0x73, 0x3a, 0x2f, 0x2f, 0x73, 0x65, 0x63, 0x6f, 0x72, 0x6f, 0x6c, 0x61, 0x62, 0x2e, 0x67, 0x69,
   0x74, 0x68, 0x75, 0x62, 0x2e, 0x69, 0x6f, 0x2f, 0x6d, 0x6f, 0x64, 0x65, 0x6c, 0x73, 0x2f, 0x72,
   0x65, 0x61, 0x6c, 0x2d, 0x64, 0x65, 0x6d, 0x6f, 0x2d, 0x68, 0x6f, 0x6c, 0x64, 0x2f, 0x61, 0x72,
   0x6d, 0x2d, 0x73, 0x6f, 0x6c, 0x76, 0x65, 0x72, 0x2d, 0x68, 0x6f, 0x6c, 0x64, 0x2d, 0x63, 0x6c,
   0x6f, 0x73, 0x65, 0x2f, 0x71, 0x64, 0x64, 0x2d, 0x6a, 0x6f, 0x69, 0x6e, 0x74, 0x2d, 0x37, 0x2a,
   0x85, 0x01, 0x08, 0xcd, 0x17, 0x12, 0x26, 0x61, 0x72, 0x6d, 0x5f, 0x73, 0x6f, 0x6c, 0x76, 0x65,
   0x72, 0x5f, 0x68, 0x6f, 0x6c, 0x64, 0x5f, 0x63, 0x6c, 0x6f, 0x73, 0x65, 0x5f, 0x74, 0x61, 0x75,
   0x5f, 0x63, 0x74, 0x72, 0x6c, 0x5f, 0x6a, 0x6f, 0x69, 0x6e, 0x74, 0x5f, 0x31, 0x1a, 0x58, 0x68,
   0x74, 0x74, 0x70, 0x73, 0x3a, 0x2f, 0x2f, 0x73, 0x65, 0x63, 0x6f, 0x72, 0x6f, 0x6c, 0x61, 0x62,
   0x2e, 0x67, 0x69, 0x74, 0x68, 0x75, 0x62, 0x2e, 0x69, 0x6f, 0x2f, 0x6d, 0x6f, 0x64, 0x65, 0x6c,
   0x73, 0x2f, 0x72, 0x65, 0x61, 0x6c, 0x2d, 0x64, 0x65, 0x6d, 0x6f, 0x2d, 0x68, 0x6f, 0x6c, 0x64,
   0x2f, 0x61, 0x72, 0x6d, 0x2d, 0x73, 0x6f, 0x6c, 0x76, 0x65, 0x72, 0x2d, 0x68, 0x6f, 0x6c, 0x64,
   0x2d, 0x63, 0x6c, 0x6f, 0x73, 0x65, 0x2f, 0x74, 0x61, 0x75, 0x2d, 0x63, 0x74, 0x72, 0x6c, 0x2d,
   0x6a, 0x6f, 0x69, 0x6e, 0x74, 0x2d, 0x31, 0x2a, 0x85, 0x01, 0x08, 0xce, 0x17, 0x12, 0x26, 0x61,
   0x72, 0x6d, 0x5f, 0x73, 0x6f, 0x6c, 0x76, 0x65, 0x72, 0x5f, 0x68, 0x6f, 0x6c, 0x64, 0x5f, 0x63,
   0x6c, 0x6f, 0x73, 0x65, 0x5f, 0x74, 0x61, 0x75, 0x5f, 0x63, 0x74, 0x72, 0x6c, 0x5f, 0x6a, 0x6f,
   0x69, 0x6e, 0x74, 0x5f, 0x32, 0x1a, 0x58, 0x68, 0x74, 0x74, 0x70, 0x73, 0x3a, 0x2f, 0x2f, 0x73,
   0x65, 0x63, 0x6f, 0x72, 0x6f, 0x6c, 0x61, 0x62, 0x2e, 0x67, 0x69, 0x74, 0x68, 0x75, 0x62, 0x2e,
   0x69, 0x6f, 0x2f, 0x6d, 0x6f, 0x64, 0x65, 0x6c, 0x73, 0x2f, 0x72, 0x65, 0x61, 0x6c, 0x2d, 0x64,
   0x65, 0x6d, 0x6f, 0x2d, 0x68, 0x6f, 0x6c, 0x64, 0x2f, 0x61, 0x72, 0x6d, 0x2d, 0x73, 0x6f, 0x6c,
   0x76, 0x65, 0x72, 0x2d, 0x68, 0x6f, 0x6c, 0x64, 0x2d, 0x63, 0x6c, 0x6f, 0x73, 0x65, 0x2f, 0x74,
   0x61, 0x75, 0x2d, 0x63, 0x74, 0x72, 0x6c, 0x2d, 0x6a, 0x6f, 0x69, 0x6e, 0x74, 0x2d, 0x32, 0x2a,
   0x85, 0x01, 0x08, 0xcf, 0x17, 0x12, 0x26, 0x61, 0x72, 0x6d, 0x5f, 0x73, 0x6f, 0x6c, 0x76, 0x65,
   0x72, 0x5f, 0x68, 0x6f, 0x6c, 0x64, 0x5f, 0x63, 0x6c, 0x6f, 0x73, 0x65, 0x5f, 0x74, 0x61, 0x75,
   0x5f, 0x63, 0x74, 0x72, 0x6c, 0x5f, 0x6a, 0x6f, 0x69, 0x6e, 0x74, 0x5f, 0x33, 0x1a, 0x58, 0x68,
   0x74, 0x74, 0x70, 0x73, 0x3a, 0x2f, 0x2f, 0x73, 0x65, 0x63, 0x6f, 0x72, 0x6f, 0x6c, 0x61, 0x62,
   0x2e, 0x67, 0x69, 0x74, 0x68, 0x75, 0x62, 0x2e, 0x69, 0x6f, 0x2f, 0x6d, 0x6f, 0x64, 0x65, 0x6c,
   0x73, 0x2f, 0x72, 0x65, 0x61, 0x6c, 0x2d, 0x64, 0x65, 0x6d, 0x6f, 0x2d, 0x68, 0x6f, 0x6c, 0x64,
   0x2f, 0x61, 0x72, 0x6d, 0x2d, 0x73, 0x6f, 0x6c, 0x76, 0x65, 0x72, 0x2d, 0x68, 0x6f, 0x6c, 0x64,
   0x2d, 0x63, 0x6c, 0x6f, 0x73, 0x65, 0x2f, 0x74, 0x61, 0x75, 0x2d, 0x63, 0x74, 0x72, 0x6c, 0x2d,
   0x6a, 0x6f, 0x69, 0x6e, 0x74, 0x2d, 0x33, 0x2a, 0x85, 0x01, 0x08, 0xd0, 0x17, 0x12, 0x26, 0x61,
   0x72, 0x6d, 0x5f, 0x73, 0x6f, 0x6c, 0x76, 0x65, 0x72, 0x5f, 0x68, 0x6f, 0x6c, 0x64, 0x5f, 0x63,
   0x6c, 0x6f, 0x73, 0x65, 0x5f, 0x74, 0x61, 0x75, 0x5f, 0x63, 0x74, 0x72, 0x6c, 0x5f, 0x6a, 0x6f,
   0x69, 0x6e, 0x74, 0x5f, 0x34, 0x1a, 0x58, 0x68, 0x74, 0x74, 0x70, 0x73, 0x3a, 0x2f, 0x2f, 0x73,
   0x65, 0x63, 0x6f, 0x72, 0x6f, 0x6c, 0x61, 0x62, 0x2e, 0x67, 0x69, 0x74, 0x68, 0x75, 0x62, 0x2e,
   0x69, 0x6f, 0x2f, 0x6d, 0x6f, 0x64, 0x65, 0x6c, 0x73, 0x2f, 0x72, 0x65, 0x61, 0x6c, 0x2d, 0x64,
   0x65, 0x6d, 0x6f, 0x2d, 0x68, 0x6f, 0x6c, 0x64, 0x2f, 0x61, 0x72, 0x6d, 0x2d, 0x73, 0x6f, 0x6c,
   0x76, 0x65, 0x72, 0x2d, 0x68, 0x6f, 0x6c, 0x64, 0x2d, 0x63, 0x6c, 0x6f, 0x73, 0x65, 0x2f, 0x74,
   0x61, 0x75, 0x2d, 0x63, 0x74, 0x72, 0x6c, 0x2d, 0x6a, 0x6f, 0x69, 0x6e, 0x74, 0x2d, 0x34, 0x2a,
   0x85, 0x01, 0x08, 0xd1, 0x17, 0x12, 0x26, 0x61, 0x72, 0x6d, 0x5f, 0x73, 0x6f, 0x6c, 0x76, 0x65,
   0x72, 0x5f, 0x68, 0x6f, 0x6c, 0x64, 0x5f, 0x63, 0x6c, 0x6f, 0x73, 0x65, 0x5f, 0x74, 0x61, 0x75,
   0x5f, 0x63, 0x74, 0x72, 0x6c, 0x5f, 0x6a, 0x6f, 0x69, 0x6e, 0x74, 0x5f, 0x35, 0x1a, 0x58, 0x68,
   0x74, 0x74, 0x70, 0x73, 0x3a, 0x2f, 0x2f, 0x73, 0x65, 0x63, 0x6f, 0x72, 0x6f, 0x6c, 0x61, 0x62,
   0x2e, 0x67, 0x69, 0x74, 0x68, 0x75, 0x62, 0x2e, 0x69, 0x6f, 0x2f, 0x6d, 0x6f, 0x64, 0x65, 0x6c,
   0x73, 0x2f, 0x72, 0x65, 0x61, 0x6c, 0x2d, 0x64, 0x65, 0x6d, 0x6f, 0x2d, 0x68, 0x6f, 0x6c, 0x64,
   0x2f, 0x61, 0x72, 0x6d, 0x2d, 0x73, 0x6f, 0x6c, 0x76, 0x65, 0x72, 0x2d, 0x68, 0x6f, 0x6c, 0x64,
   0x2d, 0x63, 0x6c, 0x6f, 0x73, 0x65, 0x2f, 0x74, 0x61, 0x75, 0x2d, 0x63, 0x74, 0x72, 0x6c, 0x2d,
   0x6a, 0x6f, 0x69, 0x6e, 0x74, 0x2d, 0x35, 0x2a, 0x85, 0x01, 0x08, 0xd2, 0x17, 0x12, 0x26, 0x61,
   0x72, 0x6d, 0x5f, 0x73, 0x6f, 0x6c, 0x76, 0x65, 0x72, 0x5f, 0x68, 0x6f, 0x6c, 0x64, 0x5f, 0x63,
   0x6c, 0x6f, 0x73, 0x65, 0x5f, 0x74, 0x61, 0x75, 0x5f, 0x63, 0x74, 0x72, 0x6c, 0x5f, 0x6a, 0x6f,
   0x69, 0x6e, 0x74, 0x5f, 0x36, 0x1a, 0x58, 0x68, 0x74, 0x74, 0x70, 0x73, 0x3a, 0x2f, 0x2f, 0x73,
   0x65, 0x63, 0x6f, 0x72, 0x6f, 0x6c, 0x61, 0x62, 0x2e, 0x67, 0x69, 0x74, 0x68, 0x75, 0x62, 0x2e,
   0x69, 0x6f, 0x2f, 0x6d, 0x6f, 0x64, 0x65, 0x6c, 0x73, 0x2f, 0x72, 0x65, 0x61, 0x6c, 0x2d, 0x64,
   0x65, 0x6d, 0x6f, 0x2d, 0x68, 0x6f, 0x6c, 0x64, 0x2f, 0x61, 0x72, 0x6d, 0x2d, 0x73, 0x6f, 0x6c,
   0x76, 0x65, 0x72, 0x2d, 0x68, 0x6f, 0x6c, 0x64, 0x2d, 0x63, 0x6c, 0x6f, 0x73, 0x65, 0x2f, 0x74,
   0x61, 0x75, 0x2d, 0x63, 0x74, 0x72, 0x6c, 0x2d, 0x6a, 0x6f, 0x69, 0x6e, 0x74, 0x2d, 0x36, 0x2a,
   0x85, 0x01, 0x08, 0xd3, 0x17, 0x12, 0x26, 0x61, 0x72, 0x6d, 0x5f, 0x73, 0x6f, 0x6c, 0x76, 0x65,
   0x72, 0x5f, 0x68, 0x6f, 0x6c, 0x64, 0x5f, 0x63, 0x6c, 0x6f, 0x73, 0x65, 0x5f, 0x74, 0x61, 0x75,
   0x5f, 0x63, 0x74, 0x72, 0x6c, 0x5f, 0x6a, 0x6f, 0x69, 0x6e, 0x74, 0x5f, 0x37, 0x1a, 0x58, 0x68,
   0x74, 0x74, 0x70, 0x73, 0x3a, 0x2f, 0x2f, 0x73, 0x65, 0x63, 0x6f, 0x72, 0x6f, 0x6c, 0x61, 0x62,
   0x2e, 0x67, 0x69, 0x74, 0x68, 0x75, 0x62, 0x2e, 0x69, 0x6f, 0x2f, 0x6d, 0x6f, 0x64, 0x65, 0x6c,
   0x73, 0x2f, 0x72, 0x65, 0x61, 0x6c, 0x2d, 0x64, 0x65, 0x6d, 0x6f, 0x2d, 0x68, 0x6f, 0x6c, 0x64,
   0x2f, 0x61, 0x72, 0x6d, 0x2d, 0x73, 0x6f, 0x6c, 0x76, 0x65, 0x72, 0x2d, 0x68, 0x6f, 0x6c, 0x64,
   0x2d, 0x63, 0x6c, 0x6f, 0x73, 0x65, 0x2f, 0x74, 0x61, 0x75, 0x2d, 0x63, 0x74, 0x72, 0x6c, 0x2d,
   0x6a, 0x6f, 0x69, 0x6e, 0x74, 0x2d, 0x37, 0x2a, 0x83, 0x01, 0x08, 0xd4, 0x17, 0x12, 0x25, 0x61,
   0x72, 0x6d, 0x5f, 0x73, 0x6f, 0x6c, 0x76, 0x65, 0x72, 0x5f, 0x68, 0x6f, 0x6c, 0x64, 0x5f, 0x63,
   0x6c, 0x6f, 0x73, 0x65, 0x5f, 0x74, 0x61, 0x75, 0x5f, 0x6d, 0x73, 0x72, 0x5f, 0x6a, 0x6f, 0x69,
   0x6e, 0x74, 0x5f, 0x31, 0x1a, 0x57, 0x68, 0x74, 0x74, 0x70, 0x73, 0x3a, 0x2f, 0x2f, 0x73, 0x65,
   0x63, 0x6f, 0x72, 0x6f, 0x6c, 0x61, 0x62, 0x2e, 0x67, 0x69, 0x74, 0x68, 0x75, 0x62, 0x2e, 0x69,
   0x6f, 0x2f, 0x6d, 0x6f, 0x64, 0x65, 0x6c, 0x73, 0x2f, 0x72, 0x65, 0x61, 0x6c, 0x2d, 0x64, 0x65,
   0x6d, 0x6f, 0x2d, 0x68, 0x6f, 0x6c, 0x64, 0x2f, 0x61, 0x72, 0x6d, 0x2d, 0x73, 0x6f, 0x6c, 0x76,
   0x65, 0x72, 0x2d, 0x68, 0x6f, 0x6c, 0x64, 0x2d, 0x63, 0x6c, 0x6f, 0x73, 0x65, 0x2f, 0x74, 0x61,
   0x75, 0x2d, 0x6d, 0x73, 0x72, 0x2d, 0x6a, 0x6f, 0x69, 0x6e, 0x74, 0x2d, 0x31, 0x2a, 0x83, 0x01,
   0x08, 0xd5, 0x17, 0x12, 0x25, 0x61, 0x72, 0x6d, 0x5f, 0x73, 0x6f, 0x6c, 0x76, 0x65, 0x72, 0x5f,
   0x68, 0x6f, 0x6c, 0x64, 0x5f, 0x63, 0x6c, 0x6f, 0x73, 0x65, 0x5f, 0x74, 0x61, 0x75, 0x5f, 0x6d,
   0x73, 0x72, 0x5f, 0x6a, 0x6f, 0x69, 0x6e, 0x74, 0x5f, 0x32, 0x1a, 0x57, 0x68, 0x74, 0x74, 0x70,
   0x73, 0x3a, 0x2f, 0x2f, 0x73, 0x65, 0x63, 0x6f, 0x72, 0x6f, 0x6c, 0x61, 0x62, 0x2e, 0x67, 0x69,
   0x74, 0x68, 0x75, 0x62, 0x2e, 0x69, 0x6f, 0x2f, 0x6d, 0x6f, 0x64, 0x65, 0x6c, 0x73, 0x2f, 0x72,
   0x65, 0x61, 0x6c, 0x2d, 0x64, 0x65, 0x6d, 0x6f, 0x2d, 0x68, 0x6f, 0x6c, 0x64, 0x2f, 0x61, 0x72,
   0x6d, 0x2d, 0x73, 0x6f, 0x6c, 0x76, 0x65, 0x72, 0x2d, 0x68, 0x6f, 0x6c, 0x64, 0x2d, 0x63, 0x6c,
   0x6f, 0x73, 0x65, 0x2f, 0x74, 0x61, 0x75, 0x2d, 0x6d, 0x73, 0x72, 0x2d, 0x6a, 0x6f, 0x69, 0x6e,
   0x74, 0x2d, 0x32, 0x2a, 0x83, 0x01, 0x08, 0xd6, 0x17, 0x12, 0x25, 0x61, 0x72, 0x6d, 0x5f, 0x73,
   0x6f, 0x6c, 0x76, 0x65, 0x72, 0x5f, 0x68, 0x6f, 0x6c, 0x64, 0x5f, 0x63, 0x6c, 0x6f, 0x73, 0x65,
   0x5f, 0x74, 0x61, 0x75, 0x5f, 0x6d, 0x73, 0x72, 0x5f, 0x6a, 0x6f, 0x69, 0x6e, 0x74, 0x5f, 0x33,
   0x1a, 0x57, 0x68, 0x74, 0x74, 0x70, 0x73, 0x3a, 0x2f, 0x2f, 0x73, 0x65, 0x63, 0x6f, 0x72, 0x6f,
   0x6c, 0x61, 0x62, 0x2e, 0x67, 0x69, 0x74, 0x68, 0x75, 0x62, 0x2e, 0x69, 0x6f, 0x2f, 0x6d, 0x6f,
   0x64, 0x65, 0x6c, 0x73, 0x2f, 0x72, 0x65, 0x61, 0x6c, 0x2d, 0x64, 0x65, 0x6d, 0x6f, 0x2d, 0x68,
   0x6f, 0x6c, 0x64, 0x2f, 0x61, 0x72, 0x6d, 0x2d, 0x73, 0x6f, 0x6c, 0x76, 0x65, 0x72, 0x2d, 0x68,
   0x6f, 0x6c, 0x64, 0x2d, 0x63, 0x6c, 0x6f, 0x73, 0x65, 0x2f, 0x74, 0x61, 0x75, 0x2d, 0x6d, 0x73,
   0x72, 0x2d, 0x6a, 0x6f, 0x69, 0x6e, 0x74, 0x2d, 0x33, 0x2a, 0x83, 0x01, 0x08, 0xd7, 0x17, 0x12,
   0x25, 0x61, 0x72, 0x6d, 0x5f, 0x73, 0x6f, 0x6c, 0x76, 0x65, 0x72, 0x5f, 0x68, 0x6f, 0x6c, 0x64,
   0x5f, 0x63, 0x6c, 0x6f, 0x73, 0x65, 0x5f, 0x74, 0x61, 0x75, 0x5f, 0x6d, 0x73, 0x72, 0x5f, 0x6a,
   0x6f, 0x69, 0x6e, 0x74, 0x5f, 0x34, 0x1a, 0x57, 0x68, 0x74, 0x74, 0x70, 0x73, 0x3a, 0x2f, 0x2f,
   0x73, 0x65, 0x63, 0x6f, 0x72, 0x6f, 0x6c, 0x61, 0x62, 0x2e, 0x67, 0x69, 0x74, 0x68, 0x75, 0x62,
   0x2e, 0x69, 0x6f, 0x2f, 0x6d, 0x6f, 0x64, 0x65, 0x6c, 0x73, 0x2f, 0x72, 0x65, 0x61, 0x6c, 0x2d,
   0x64, 0x65, 0x6d, 0x6f, 0x2d, 0x68, 0x6f, 0x6c, 0x64, 0x2f, 0x61, 0x72, 0x6d, 0x2d, 0x73, 0x6f,
   0x6c, 0x76, 0x65, 0x72, 0x2d, 0x68, 0x6f, 0x6c, 0x64, 0x2d, 0x63, 0x6c, 0x6f, 0x73, 0x65, 0x2f,
   0x74, 0x61, 0x75, 0x2d, 0x6d, 0x73, 0x72, 0x2d, 0x6a, 0x6f, 0x69, 0x6e, 0x74, 0x2d, 0x34, 0x2a,
   0x83, 0x01, 0x08, 0xd8, 0x17, 0x12, 0x25, 0x61, 0x72, 0x6d, 0x5f, 0x73, 0x6f, 0x6c, 0x76, 0x65,
   0x72, 0x5f, 0x68, 0x6f, 0x6c, 0x64, 0x5f, 0x63, 0x6c, 0x6f, 0x73, 0x65, 0x5f, 0x74, 0x61, 0x75,
   0x5f, 0x6d, 0x73, 0x72, 0x5f, 0x6a, 0x6f, 0x69, 0x6e, 0x74, 0x5f, 0x35, 0x1a, 0x57, 0x68, 0x74,
   0x74, 0x70, 0x73, 0x3a, 0x2f, 0x2f, 0x73, 0x65, 0x63, 0x6f, 0x72, 0x6f, 0x6c, 0x61, 0x62, 0x2e,
   0x67, 0x69, 0x74, 0x68, 0x75, 0x62, 0x2e, 0x69, 0x6f, 0x2f, 0x6d, 0x6f, 0x64, 0x65, 0x6c, 0x73,
   0x2f, 0x72, 0x65, 0x61, 0x6c, 0x2d, 0x64, 0x65, 0x6d, 0x6f, 0x2d, 0x68, 0x6f, 0x6c, 0x64, 0x2f,
   0x61, 0x72, 0x6d, 0x2d, 0x73, 0x6f, 0x6c, 0x76, 0x65, 0x72, 0x2d, 0x68, 0x6f, 0x6c, 0x64, 0x2d,
   0x63, 0x6c, 0x6f, 0x73, 0x65, 0x2f, 0x74, 0x61, 0x75, 0x2d, 0x6d, 0x73, 0x72, 0x2d, 0x6a, 0x6f,
   0x69, 0x6e, 0x74, 0x2d, 0x35, 0x2a, 0x83, 0x01, 0x08, 0xd9, 0x17, 0x12, 0x25, 0x61, 0x72, 0x6d,
   0x5f, 0x73, 0x6f, 0x6c, 0x76, 0x65, 0x72, 0x5f, 0x68, 0x6f, 0x6c, 0x64, 0x5f, 0x63, 0x6c, 0x6f,
   0x73, 0x65, 0x5f, 0x74, 0x61, 0x75, 0x5f, 0x6d, 0x73, 0x72, 0x5f, 0x6a, 0x6f, 0x69, 0x6e, 0x74,
   0x5f, 0x36, 0x1a, 0x57, 0x68, 0x74, 0x74, 0x70, 0x73, 0x3a, 0x2f, 0x2f, 0x73, 0x65, 0x63, 0x6f,
   0x72, 0x6f, 0x6c, 0x61, 0x62, 0x2e, 0x67, 0x69, 0x74, 0x68, 0x75, 0x62, 0x2e, 0x69, 0x6f, 0x2f,
   0x6d, 0x6f, 0x64, 0x65, 0x6c, 0x73, 0x2f, 0x72, 0x65, 0x61, 0x6c, 0x2d, 0x64, 0x65, 0x6d, 0x6f,
   0x2d, 0x68, 0x6f, 0x6c, 0x64, 0x2f, 0x61, 0x72, 0x6d, 0x2d, 0x73, 0x6f, 0x6c, 0x76, 0x65, 0x72,
   0x2d, 0x68, 0x6f, 0x6c, 0x64, 0x2d, 0x63, 0x6c, 0x6f, 0x73, 0x65, 0x2f, 0x74, 0x61, 0x75, 0x2d,
   0x6d, 0x73, 0x72, 0x2d, 0x6a, 0x6f, 0x69, 0x6e, 0x74, 0x2d, 0x36, 0x2a, 0x83, 0x01, 0x08, 0xda,
   0x17, 0x12, 0x25, 0x61, 0x72, 0x6d, 0x5f, 0x73, 0x6f, 0x6c, 0x76, 0x65, 0x72, 0x5f, 0x68, 0x6f,
   0x6c, 0x64, 0x5f, 0x63, 0x6c, 0x6f, 0x73, 0x65, 0x5f, 0x74, 0x61, 0x75, 0x5f, 0x6d, 0x73, 0x72,
   0x5f, 0x6a, 0x6f, 0x69, 0x6e, 0x74, 0x5f, 0x37, 0x1a, 0x57, 0x68, 0x74, 0x74, 0x70, 0x73, 0x3a,
   0x2f, 0x2f, 0x73, 0x65, 0x63, 0x6f, 0x72, 0x6f, 0x6c, 0x61, 0x62, 0x2e, 0x67, 0x69, 0x74, 0x68,
   0x75, 0x62, 0x2e, 0x69, 0x6f, 0x2f, 0x6d, 0x6f, 0x64, 0x65, 0x6c, 0x73, 0x2f, 0x72, 0x65, 0x61,
   0x6c, 0x2d, 0x64, 0x65, 0x6d, 0x6f, 0x2d, 0x68, 0x6f, 0x6c, 0x64, 0x2f, 0x61, 0x72, 0x6d, 0x2d,
   0x73, 0x6f, 0x6c, 0x76, 0x65, 0x72, 0x2d, 0x68, 0x6f, 0x6c, 0x64, 0x2d, 0x63, 0x6c, 0x6f, 0x73,
   0x65, 0x2f, 0x74, 0x61, 0x75, 0x2d, 0x6d, 0x73, 0x72, 0x2d, 0x6a, 0x6f, 0x69, 0x6e, 0x74, 0x2d,
   0x37, 0x2a, 0x65, 0x08, 0xdb, 0x17, 0x12, 0x16, 0x63, 0x6d, 0x64, 0x5f, 0x63, 0x74, 0x72, 0x6c,
   0x5f, 0x63, 0x6c, 0x6f, 0x73, 0x65, 0x5f, 0x67, 0x72, 0x69, 0x70, 0x70, 0x65, 0x72, 0x1a, 0x48,
   0x68, 0x74, 0x74, 0x70, 0x73, 0x3a, 0x2f, 0x2f, 0x73, 0x65, 0x63, 0x6f, 0x72, 0x6f, 0x6c, 0x61,
   0x62, 0x2e, 0x67, 0x69, 0x74, 0x68, 0x75, 0x62, 0x2e, 0x69, 0x6f, 0x2f, 0x6d, 0x6f, 0x64, 0x65,
   0x6c, 0x73, 0x2f, 0x72, 0x65, 0x61, 0x6c, 0x2d, 0x64, 0x65, 0x6d, 0x6f, 0x2d, 0x68, 0x6f, 0x6c,
   0x64, 0x2f, 0x63, 0x6d, 0x64, 0x2d, 0x63, 0x74, 0x72, 0x6c, 0x2d, 0x63, 0x6c, 0x6f, 0x73, 0x65,
   0x2d, 0x67, 0x72, 0x69, 0x70, 0x70, 0x65, 0x72, 0x2a, 0x63, 0x08, 0xdc, 0x17, 0x12, 0x15, 0x63,
   0x6d, 0x64, 0x5f, 0x63, 0x74, 0x72, 0x6c, 0x5f, 0x6f, 0x70, 0x65, 0x6e, 0x5f, 0x67, 0x72, 0x69,
   0x70, 0x70, 0x65, 0x72, 0x1a, 0x47, 0x68, 0x74, 0x74, 0x70, 0x73, 0x3a, 0x2f, 0x2f, 0x73, 0x65,
   0x63, 0x6f, 0x72, 0x6f, 0x6c, 0x61, 0x62, 0x2e, 0x67, 0x69, 0x74, 0x68, 0x75, 0x62, 0x2e, 0x69,
   0x6f, 0x2f, 0x6d, 0x6f, 0x64, 0x65, 0x6c, 0x73, 0x2f, 0x72, 0x65, 0x61, 0x6c, 0x2d, 0x64, 0x65,
   0x6d, 0x6f, 0x2d, 0x68, 0x6f, 0x6c, 0x64, 0x2f, 0x63, 0x6d, 0x64, 0x2d, 0x63, 0x74, 0x72, 0x6c,
   0x2d, 0x6f, 0x70, 0x65, 0x6e, 0x2d, 0x67, 0x72, 0x69, 0x70, 0x70, 0x65, 0x72, 0x2a, 0x9b, 0x01,
   0x08, 0xdd, 0x17, 0x12, 0x2a, 0x63, 0x74, 0x72, 0x6c, 0x5f, 0x68, 0x6f, 0x6c, 0x64, 0x5f, 0x6f,
   0x72, 0x69, 0x65, 0x6e, 0x74, 0x61, 0x74, 0x69, 0x6f, 0x6e, 0x5f, 0x61, 0x6e, 0x67, 0x5f, 0x78,
   0x5f, 0x65, 0x72, 0x72, 0x6f, 0x72, 0x5f, 0x69, 0x6e, 0x74, 0x65, 0x67, 0x72, 0x61, 0x6c, 0x1a,
   0x6a, 0x68, 0x74, 0x74, 0x70, 0x73, 0x3a, 0x2f, 0x2f, 0x73, 0x65, 0x63, 0x6f, 0x72, 0x6f, 0x6c,
   0x61, 0x62, 0x2e, 0x67, 0x69, 0x74, 0x68, 0x75, 0x62, 0x2e, 0x69, 0x6f, 0x2f, 0x6d, 0x6f, 0x64,
   0x65, 0x6c, 0x73, 0x2f, 0x72, 0x65, 0x61, 0x6c, 0x2d, 0x64, 0x65, 0x6d, 0x6f, 0x2d, 0x68, 0x6f,
   0x6c, 0x64, 0x2f, 0x68, 0x61, 0x6e, 0x64, 0x6c, 0x65, 0x72, 0x2d, 0x63, 0x6c, 0x6f, 0x73, 0x65,
   0x2f, 0x63, 0x74, 0x72, 0x6c, 0x2d, 0x68, 0x6f, 0x6c, 0x64, 0x2d, 0x6f, 0x72, 0x69, 0x65, 0x6e,
   0x74, 0x61, 0x74, 0x69, 0x6f, 0x6e, 0x2f, 0x61, 0x6e, 0x67, 0x2d, 0x78, 0x2f, 0x65, 0x72, 0x72,
   0x6f, 0x72, 0x2d, 0x69, 0x6e, 0x74, 0x65, 0x67, 0x72, 0x61, 0x6c, 0x2a, 0x9b, 0x01, 0x08, 0xde,
   0x17, 0x12, 0x2a, 0x63, 0x74, 0x72, 0x6c, 0x5f, 0x68, 0x6f, 0x6c, 0x64, 0x5f, 0x6f, 0x72, 0x69,
   0x65, 0x6e, 0x74, 0x61, 0x74, 0x69, 0x6f, 0x6e, 0x5f, 0x61, 0x6e, 0x67, 0x5f, 0x78, 0x5f, 0x70,
   0x72, 0x65, 0x76, 0x69, 0x6f, 0x75, 0x73, 0x5f, 0x65, 0x72, 0x72, 0x6f, 0x72, 0x1a, 0x6a, 0x68,
   0x74, 0x74, 0x70, 0x73, 0x3a, 0x2f, 0x2f, 0x73, 0x65, 0x63, 0x6f, 0x72, 0x6f, 0x6c, 0x61, 0x62,
   0x2e, 0x67, 0x69, 0x74, 0x68, 0x75, 0x62, 0x2e, 0x69, 0x6f, 0x2f, 0x6d, 0x6f, 0x64, 0x65, 0x6c,
   0x73, 0x2f, 0x72, 0x65, 0x61, 0x6c, 0x2d, 0x64, 0x65, 0x6d, 0x6f, 0x2d, 0x68, 0x6f, 0x6c, 0x64,
   0x2f, 0x68, 0x61, 0x6e, 0x64, 0x6c, 0x65, 0x72, 0x2d, 0x63, 0x6c, 0x6f, 0x73, 0x65, 0x2f, 0x63,
   0x74, 0x72, 0x6c, 0x2d, 0x68, 0x6f, 0x6c, 0x64, 0x2d, 0x6f, 0x72, 0x69, 0x65, 0x6e, 0x74, 0x61,
   0x74, 0x69, 0x6f, 0x6e, 0x2f, 0x61, 0x6e, 0x67, 0x2d, 0x78, 0x2f, 0x70, 0x72, 0x65, 0x76, 0x69,
   0x6f, 0x75, 0x73, 0x2d, 0x65, 0x72, 0x72, 0x6f, 0x72, 0x2a, 0x9b, 0x01, 0x08, 0xdf, 0x17, 0x12,
   0x2a, 0x63, 0x74, 0x72, 0x6c, 0x5f, 0x68, 0x6f, 0x6c, 0x64, 0x5f, 0x6f, 0x72, 0x69, 0x65, 0x6e,
   0x74, 0x61, 0x74, 0x69, 0x6f, 0x6e, 0x5f, 0x61, 0x6e, 0x67, 0x5f, 0x79, 0x5f, 0x65, 0x72, 0x72,
   0x6f, 0x72, 0x5f, 0x69, 0x6e, 0x74, 0x65, 0x67, 0x72, 0x61, 0x6c, 0x1a, 0x6a, 0x68, 0x74, 0x74,
   0x70, 0x73, 0x3a, 0x2f, 0x2f, 0x73, 0x65, 0x63, 0x6f, 0x72, 0x6f, 0x6c, 0x61, 0x62, 0x2e, 0x67,
   0x69, 0x74, 0x68, 0x75, 0x62, 0x2e, 0x69, 0x6f, 0x2f, 0x6d, 0x6f, 0x64, 0x65, 0x6c, 0x73, 0x2f,
   0x72, 0x65, 0x61, 0x6c, 0x2d, 0x64, 0x65, 0x6d, 0x6f, 0x2d, 0x68, 0x6f, 0x6c, 0x64, 0x2f, 0x68,
   0x61, 0x6e, 0x64, 0x6c, 0x65, 0x72, 0x2d, 0x63, 0x6c, 0x6f, 0x73, 0x65, 0x2f, 0x63, 0x74, 0x72,
   0x6c, 0x2d, 0x68, 0x6f, 0x6c, 0x64, 0x2d, 0x6f, 0x72, 0x69, 0x65, 0x6e, 0x74, 0x61, 0x74, 0x69,
   0x6f, 0x6e, 0x2f, 0x61, 0x6e, 0x67, 0x2d, 0x79, 0x2f, 0x65, 0x72, 0x72, 0x6f, 0x72, 0x2d, 0x69,
   0x6e, 0x74, 0x65, 0x67, 0x72, 0x61, 0x6c, 0x2a, 0x9b, 0x01, 0x08, 0xe0, 0x17, 0x12, 0x2a, 0x63,
   0x74, 0x72, 0x6c, 0x5f, 0x68, 0x6f, 0x6c, 0x64, 0x5f, 0x6f, 0x72, 0x69, 0x65, 0x6e, 0x74, 0x61,
   0x74, 0x69, 0x6f, 0x6e, 0x5f, 0x61, 0x6e, 0x67, 0x5f, 0x79, 0x5f, 0x70, 0x72, 0x65, 0x76, 0x69,
   0x6f, 0x75, 0x73, 0x5f, 0x65, 0x72, 0x72, 0x6f, 0x72, 0x1a, 0x6a, 0x68, 0x74, 0x74, 0x70, 0x73,
   0x3a, 0x2f, 0x2f, 0x73, 0x65, 0x63, 0x6f, 0x72, 0x6f, 0x6c, 0x61, 0x62, 0x2e, 0x67, 0x69, 0x74,
   0x68, 0x75, 0x62, 0x2e, 0x69, 0x6f, 0x2f, 0x6d, 0x6f, 0x64, 0x65, 0x6c, 0x73, 0x2f, 0x72, 0x65,
   0x61, 0x6c, 0x2d, 0x64, 0x65, 0x6d, 0x6f, 0x2d, 0x68, 0x6f, 0x6c, 0x64, 0x2f, 0x68, 0x61, 0x6e,
   0x64, 0x6c, 0x65, 0x72, 0x2d, 0x63, 0x6c, 0x6f, 0x73, 0x65, 0x2f, 0x63, 0x74, 0x72, 0x6c, 0x2d,
   0x68, 0x6f, 0x6c, 0x64, 0x2d, 0x6f, 0x72, 0x69, 0x65, 0x6e, 0x74, 0x61, 0x74, 0x69, 0x6f, 0x6e,
   0x2f, 0x61, 0x6e, 0x67, 0x2d, 0x79, 0x2f, 0x70, 0x72, 0x65, 0x76, 0x69, 0x6f, 0x75, 0x73, 0x2d,
   0x65, 0x72, 0x72, 0x6f, 0x72, 0x2a, 0x9b, 0x01, 0x08, 0xe1, 0x17, 0x12, 0x2a, 0x63, 0x74, 0x72,
   0x6c, 0x5f, 0x68, 0x6f, 0x6c, 0x64, 0x5f, 0x6f, 0x72, 0x69, 0x65, 0x6e, 0x74, 0x61, 0x74, 0x69,
   0x6f, 0x6e, 0x5f, 0x61, 0x6e, 0x67, 0x5f, 0x7a, 0x5f, 0x65, 0x72, 0x72, 0x6f, 0x72, 0x5f, 0x69,
   0x6e, 0x74, 0x65, 0x67, 0x72, 0x61, 0x6c, 0x1a, 0x6a, 0x68, 0x74, 0x74, 0x70, 0x73, 0x3a, 0x2f,
   0x2f, 0x73, 0x65, 0x63, 0x6f, 0x72, 0x6f, 0x6c, 0x61, 0x62, 0x2e, 0x67, 0x69, 0x74, 0x68, 0x75,
   0x62, 0x2e, 0x69, 0x6f, 0x2f, 0x6d, 0x6f, 0x64, 0x65, 0x6c, 0x73, 0x2f, 0x72, 0x65, 0x61, 0x6c,
   0x2d, 0x64, 0x65, 0x6d, 0x6f, 0x2d, 0x68, 0x6f, 0x6c, 0x64, 0x2f, 0x68, 0x61, 0x6e, 0x64, 0x6c,
   0x65, 0x72, 0x2d, 0x63, 0x6c, 0x6f, 0x73, 0x65, 0x2f, 0x63, 0x74, 0x72, 0x6c, 0x2d, 0x68, 0x6f,
   0x6c, 0x64, 0x2d, 0x6f, 0x72, 0x69, 0x65, 0x6e, 0x74, 0x61, 0x74, 0x69, 0x6f, 0x6e, 0x2f, 0x61,
   0x6e, 0x67, 0x2d, 0x7a, 0x2f, 0x65, 0x72, 0x72, 0x6f, 0x72, 0x2d, 0x69, 0x6e, 0x74, 0x65, 0x67,
   0x72, 0x61, 0x6c, 0x2a, 0x9b, 0x01, 0x08, 0xe2, 0x17, 0x12, 0x2a, 0x63, 0x74, 0x72, 0x6c, 0x5f,
   0x68, 0x6f, 0x6c, 0x64, 0x5f, 0x6f, 0x72, 0x69, 0x65, 0x6e, 0x74, 0x61, 0x74, 0x69, 0x6f, 0x6e,
   0x5f, 0x61, 0x6e, 0x67, 0x5f, 0x7a, 0x5f, 0x70, 0x72, 0x65, 0x76, 0x69, 0x6f, 0x75, 0x73, 0x5f,
   0x65, 0x72, 0x72, 0x6f, 0x72, 0x1a, 0x6a, 0x68, 0x74, 0x74, 0x70, 0x73, 0x3a, 0x2f, 0x2f, 0x73,
   0x65, 0x63, 0x6f, 0x72, 0x6f, 0x6c, 0x61, 0x62, 0x2e, 0x67, 0x69, 0x74, 0x68, 0x75, 0x62, 0x2e,
   0x69, 0x6f, 0x2f, 0x6d, 0x6f, 0x64, 0x65, 0x6c, 0x73, 0x2f, 0x72, 0x65, 0x61, 0x6c, 0x2d, 0x64,
   0x65, 0x6d, 0x6f, 0x2d, 0x68, 0x6f, 0x6c, 0x64, 0x2f, 0x68, 0x61, 0x6e, 0x64, 0x6c, 0x65, 0x72,
   0x2d, 0x63, 0x6c, 0x6f, 0x73, 0x65, 0x2f, 0x63, 0x74, 0x72, 0x6c, 0x2d, 0x68, 0x6f, 0x6c, 0x64,
   0x2d, 0x6f, 0x72, 0x69, 0x65, 0x6e, 0x74, 0x61, 0x74, 0x69, 0x6f, 0x6e, 0x2f, 0x61, 0x6e, 0x67,
   0x2d, 0x7a, 0x2f, 0x70, 0x72, 0x65, 0x76, 0x69, 0x6f, 0x75, 0x73, 0x2d, 0x65, 0x72, 0x72, 0x6f,
   0x72, 0x2a, 0x85, 0x01, 0x08, 0xe3, 0x17, 0x12, 0x1f, 0x63, 0x74, 0x72, 0x6c, 0x5f, 0x68, 0x6f,
   0x6c, 0x64, 0x5f, 0x6f, 0x72, 0x69, 0x65, 0x6e, 0x74, 0x61, 0x74, 0x69, 0x6f, 0x6e, 0x5f, 0x65,
   0x72, 0x72, 0x5f, 0x61, 0x6e, 0x67, 0x5f, 0x78, 0x1a, 0x5f, 0x68, 0x74, 0x74, 0x70, 0x73, 0x3a,
   0x2f, 0x2f, 0x73, 0x65, 0x63, 0x6f, 0x72, 0x6f, 0x6c, 0x61, 0x62, 0x2e, 0x67, 0x69, 0x74, 0x68,
   0x75, 0x62, 0x2e, 0x69, 0x6f, 0x2f, 0x6d, 0x6f, 0x64, 0x65, 0x6c, 0x73, 0x2f, 0x72, 0x65, 0x61,
   0x6c, 0x2d, 0x64, 0x65, 0x6d, 0x6f, 0x2d, 0x68, 0x6f, 0x6c, 0x64, 0x2f, 0x68, 0x61, 0x6e, 0x64,
   0x6c, 0x65, 0x72, 0x2d, 0x63, 0x6c, 0x6f, 0x73, 0x65, 0x2f, 0x63, 0x74, 0x72, 0x6c, 0x2d, 0x68,
   0x6f, 0x6c, 0x64, 0x2d, 0x6f, 0x72, 0x69, 0x65, 0x6e, 0x74, 0x61, 0x74, 0x69, 0x6f, 0x6e, 0x2f,
   0x65, 0x72, 0x72, 0x2d, 0x61, 0x6e, 0x67, 0x2d, 0x78, 0x2a, 0x85, 0x01, 0x08, 0xe4, 0x17, 0x12,
   0x1f, 0x63, 0x74, 0x72, 0x6c, 0x5f, 0x68, 0x6f, 0x6c, 0x64, 0x5f, 0x6f, 0x72, 0x69, 0x65, 0x6e,
   0x74, 0x61, 0x74, 0x69, 0x6f, 0x6e, 0x5f, 0x65, 0x72, 0x72, 0x5f, 0x61, 0x6e, 0x67, 0x5f, 0x79,
   0x1a, 0x5f, 0x68, 0x74, 0x74, 0x70, 0x73, 0x3a, 0x2f, 0x2f, 0x73, 0x65, 0x63, 0x6f, 0x72, 0x6f,
   0x6c, 0x61, 0x62, 0x2e, 0x67, 0x69, 0x74, 0x68, 0x75, 0x62, 0x2e, 0x69, 0x6f, 0x2f, 0x6d, 0x6f,
   0x64, 0x65, 0x6c, 0x73, 0x2f, 0x72, 0x65, 0x61, 0x6c, 0x2d, 0x64, 0x65, 0x6d, 0x6f, 0x2d, 0x68,
   0x6f, 0x6c, 0x64, 0x2f, 0x68, 0x61, 0x6e, 0x64, 0x6c, 0x65, 0x72, 0x2d, 0x63, 0x6c, 0x6f, 0x73,
   0x65, 0x2f, 0x63, 0x74, 0x72, 0x6c, 0x2d, 0x68, 0x6f, 0x6c, 0x64, 0x2d, 0x6f, 0x72, 0x69, 0x65,
   0x6e, 0x74, 0x61, 0x74, 0x69, 0x6f, 0x6e, 0x2f, 0x65, 0x72, 0x72, 0x2d, 0x61, 0x6e, 0x67, 0x2d,
   0x79, 0x2a, 0x85, 0x01, 0x08, 0xe5, 0x17, 0x12, 0x1f, 0x63, 0x74, 0x72, 0x6c, 0x5f, 0x68, 0x6f,
   0x6c, 0x64, 0x5f, 0x6f, 0x72, 0x69, 0x65, 0x6e, 0x74, 0x61, 0x74, 0x69, 0x6f, 0x6e, 0x5f, 0x65,
   0x72, 0x72, 0x5f, 0x61, 0x6e, 0x67, 0x5f, 0x7a, 0x1a, 0x5f, 0x68, 0x74, 0x74, 0x70, 0x73, 0x3a,
   0x2f, 0x2f, 0x73, 0x65, 0x63, 0x6f, 0x72, 0x6f, 0x6c, 0x61, 0x62, 0x2e, 0x67, 0x69, 0x74, 0x68,
   0x75, 0x62, 0x2e, 0x69, 0x6f, 0x2f, 0x6d, 0x6f, 0x64, 0x65, 0x6c, 0x73, 0x2f, 0x72, 0x65, 0x61,
   0x6c, 0x2d, 0x64, 0x65, 0x6d, 0x6f, 0x2d, 0x68, 0x6f, 0x6c, 0x64, 0x2f, 0x68, 0x61, 0x6e, 0x64,
   0x6c, 0x65, 0x72, 0x2d, 0x63, 0x6c, 0x6f, 0x73, 0x65, 0x2f, 0x63, 0x74, 0x72, 0x6c, 0x2d, 0x68,
   0x6f, 0x6c, 0x64, 0x2d, 0x6f, 0x72, 0x69, 0x65, 0x6e, 0x74, 0x61, 0x74, 0x69, 0x6f, 0x6e, 0x2f,
   0x65, 0x72, 0x72, 0x2d, 0x61, 0x6e, 0x67, 0x2d, 0x7a, 0x2a, 0x7f, 0x08, 0xe6, 0x17, 0x12, 0x1c,
   0x63, 0x74, 0x72, 0x6c, 0x5f, 0x68, 0x6f, 0x6c, 0x64, 0x5f, 0x70, 0x6f, 0x73, 0x69, 0x74, 0x69,
   0x6f, 0x6e, 0x5f, 0x65, 0x72, 0x72, 0x5f, 0x6c, 0x69, 0x6e, 0x5f, 0x78, 0x1a, 0x5c, 0x68, 0x74,
   0x74, 0x70, 0x73, 0x3a, 0x2f, 0x2f, 0x73, 0x65, 0x63, 0x6f, 0x72, 0x6f, 0x6c, 0x61, 0x62, 0x2e,
   0x67, 0x69, 0x74, 0x68, 0x75, 0x62, 0x2e, 0x69, 0x6f, 0x2f, 0x6d, 0x6f, 0x64, 0x65, 0x6c, 0x73,
   0x2f, 0x72, 0x65, 0x61, 0x6c, 0x2d, 0x64, 0x65, 0x6d, 0x6f, 0x2d, 0x68, 0x6f, 0x6c, 0x64, 0x2f,
   0x68, 0x61, 0x6e, 0x64, 0x6c, 0x65, 0x72, 0x2d, 0x63, 0x6c, 0x6f, 0x73, 0x65, 0x2f, 0x63, 0x74,
   0x72, 0x6c, 0x2d, 0x68, 0x6f, 0x6c, 0x64, 0x2d, 0x70, 0x6f, 0x73, 0x69, 0x74, 0x69, 0x6f, 0x6e,
   0x2f, 0x65, 0x72, 0x72, 0x2d, 0x6c, 0x69, 0x6e, 0x2d, 0x78, 0x2a, 0x7f, 0x08, 0xe7, 0x17, 0x12,
   0x1c, 0x63, 0x74, 0x72, 0x6c, 0x5f, 0x68, 0x6f, 0x6c, 0x64, 0x5f, 0x70, 0x6f, 0x73, 0x69, 0x74,
   0x69, 0x6f, 0x6e, 0x5f, 0x65, 0x72, 0x72, 0x5f, 0x6c, 0x69, 0x6e, 0x5f, 0x79, 0x1a, 0x5c, 0x68,
   0x74, 0x74, 0x70, 0x73, 0x3a, 0x2f, 0x2f, 0x73, 0x65, 0x63, 0x6f, 0x72, 0x6f, 0x6c, 0x61, 0x62,
   0x2e, 0x67, 0x69, 0x74, 0x68, 0x75, 0x62, 0x2e, 0x69, 0x6f, 0x2f, 0x6d, 0x6f, 0x64, 0x65, 0x6c,
   0x73, 0x2f, 0x72, 0x65, 0x61, 0x6c, 0x2d, 0x64, 0x65, 0x6d, 0x6f, 0x2d, 0x68, 0x6f, 0x6c, 0x64,
   0x2f, 0x68, 0x61, 0x6e, 0x64, 0x6c, 0x65, 0x72, 0x2d, 0x63, 0x6c, 0x6f, 0x73, 0x65, 0x2f, 0x63,
   0x74, 0x72, 0x6c, 0x2d, 0x68, 0x6f, 0x6c, 0x64, 0x2d, 0x70, 0x6f, 0x73, 0x69, 0x74, 0x69, 0x6f,
   0x6e, 0x2f, 0x65, 0x72, 0x72, 0x2d, 0x6c, 0x69, 0x6e, 0x2d, 0x79, 0x2a, 0x7f, 0x08, 0xe8, 0x17,
   0x12, 0x1c, 0x63, 0x74, 0x72, 0x6c, 0x5f, 0x68, 0x6f, 0x6c, 0x64, 0x5f, 0x70, 0x6f, 0x73, 0x69,
   0x74, 0x69, 0x6f, 0x6e, 0x5f, 0x65, 0x72, 0x72, 0x5f, 0x6c, 0x69, 0x6e, 0x5f, 0x7a, 0x1a, 0x5c,
   0x68, 0x74, 0x74, 0x70, 0x73, 0x3a, 0x2f, 0x2f, 0x73, 0x65, 0x63, 0x6f, 0x72, 0x6f, 0x6c, 0x61,
   0x62, 0x2e, 0x67, 0x69, 0x74, 0x68, 0x75, 0x62, 0x2e, 0x69, 0x6f, 0x2f, 0x6d, 0x6f, 0x64, 0x65,
   0x6c, 0x73, 0x2f, 0x72, 0x65, 0x61, 0x6c, 0x2d, 0x64, 0x65, 0x6d, 0x6f, 0x2d, 0x68, 0x6f, 0x6c,
   0x64, 0x2f, 0x68, 0x61, 0x6e, 0x64, 0x6c, 0x65, 0x72, 0x2d, 0x63, 0x6c, 0x6f, 0x73, 0x65, 0x2f,
   0x63, 0x74, 0x72, 0x6c, 0x2d, 0x68, 0x6f, 0x6c, 0x64, 0x2d, 0x70, 0x6f, 0x73, 0x69, 0x74, 0x69,
   0x6f, 0x6e, 0x2f, 0x65, 0x72, 0x72, 0x2d, 0x6c, 0x69, 0x6e, 0x2d, 0x7a, 0x2a, 0x95, 0x01, 0x08,
   0xe9, 0x17, 0x12, 0x27, 0x63, 0x74, 0x72, 0x6c, 0x5f, 0x68, 0x6f, 0x6c, 0x64, 0x5f, 0x70, 0x6f,
   0x73, 0x69, 0x74, 0x69, 0x6f, 0x6e, 0x5f, 0x6c, 0x69, 0x6e, 0x5f, 0x78, 0x5f, 0x65, 0x72, 0x72,
   0x6f, 0x72, 0x5f, 0x69, 0x6e, 0x74, 0x65, 0x67, 0x72, 0x61, 0x6c, 0x1a, 0x67, 0x68, 0x74, 0x74,
   0x70, 0x73, 0x3a, 0x2f, 0x2f, 0x73, 0x65, 0x63, 0x6f, 0x72, 0x6f, 0x6c, 0x61, 0x62, 0x2e, 0x67,
   0x69, 0x74, 0x68, 0x75, 0x62, 0x2e, 0x69, 0x6f, 0x2f, 0x6d, 0x6f, 0x64, 0x65, 0x6c, 0x73, 0x2f,
   0x72, 0x65, 0x61, 0x6c, 0x2d, 0x64, 0x65, 0x6d, 0x6f, 0x2d, 0x68, 0x6f, 0x6c, 0x64, 0x2f, 0x68,
   0x61, 0x6e, 0x64, 0x6c, 0x65, 0x72, 0x2d, 0x63, 0x6c, 0x6f, 0x73, 0x65, 0x2f, 0x63, 0x74, 0x72,
   0x6c, 0x2d, 0x68, 0x6f, 0x6c, 0x64, 0x2d, 0x70, 0x6f, 0x73, 0x69, 0x74, 0x69, 0x6f, 0x6e, 0x2f,
   0x6c, 0x69, 0x6e, 0x2d, 0x78, 0x2f, 0x65, 0x72, 0x72, 0x6f, 0x72, 0x2d, 0x69, 0x6e, 0x74, 0x65,
   0x67, 0x72, 0x61, 0x6c, 0x2a, 0x95, 0x01, 0x08, 0xea, 0x17, 0x12, 0x27, 0x63, 0x74, 0x72, 0x6c,
   0x5f, 0x68, 0x6f, 0x6c, 0x64, 0x5f, 0x70, 0x6f, 0x73, 0x69, 0x74, 0x69, 0x6f, 0x6e, 0x5f, 0x6c,
   0x69, 0x6e, 0x5f, 0x78, 0x5f, 0x70, 0x72, 0x65, 0x76, 0x69, 0x6f, 0x75, 0x73, 0x5f, 0x65, 0x72,
   0x72, 0x6f, 0x72, 0x1a, 0x67, 0x68, 0x74, 0x74, 0x70, 0x73, 0x3a, 0x2f, 0x2f, 0x73, 0x65, 0x63,
   0x6f, 0x72, 0x6f, 0x6c, 0x61, 0x62, 0x2e, 0x67, 0x69, 0x74, 0x68, 0x75, 0x62, 0x2e, 0x69, 0x6f,
   0x2f, 0x6d, 0x6f, 0x64, 0x65, 0x6c, 0x73, 0x2f, 0x72, 0x65, 0x61, 0x6c, 0x2d, 0x64, 0x65, 0x6d,
   0x6f, 0x2d, 0x68, 0x6f, 0x6c, 0x64, 0x2f, 0x68, 0x61, 0x6e, 0x64, 0x6c, 0x65, 0x72, 0x2d, 0x63,
   0x6c, 0x6f, 0x73, 0x65, 0x2f, 0x63, 0x74, 0x72, 0x6c, 0x2d, 0x68, 0x6f, 0x6c, 0x64, 0x2d, 0x70,
   0x6f, 0x73, 0x69, 0x74, 0x69, 0x6f, 0x6e, 0x2f, 0x6c, 0x69, 0x6e, 0x2d, 0x78, 0x2f, 0x70, 0x72,
   0x65, 0x76, 0x69, 0x6f, 0x75, 0x73, 0x2d, 0x65, 0x72, 0x72, 0x6f, 0x72, 0x2a, 0x95, 0x01, 0x08,
   0xeb, 0x17, 0x12, 0x27, 0x63, 0x74, 0x72, 0x6c, 0x5f, 0x68, 0x6f, 0x6c, 0x64, 0x5f, 0x70, 0x6f,
   0x73, 0x69, 0x74, 0x69, 0x6f, 0x6e, 0x5f, 0x6c, 0x69, 0x6e, 0x5f, 0x79, 0x5f, 0x65, 0x72, 0x72,
   0x6f, 0x72, 0x5f, 0x69, 0x6e, 0x74, 0x65, 0x67, 0x72, 0x61, 0x6c, 0x1a, 0x67, 0x68, 0x74, 0x74,
   0x70, 0x73, 0x3a, 0x2f, 0x2f, 0x73, 0x65, 0x63, 0x6f, 0x72, 0x6f, 0x6c, 0x61, 0x62, 0x2e, 0x67,
   0x69, 0x74, 0x68, 0x75, 0x62, 0x2e, 0x69, 0x6f, 0x2f, 0x6d, 0x6f, 0x64, 0x65, 0x6c, 0x73, 0x2f,
   0x72, 0x65, 0x61, 0x6c, 0x2d, 0x64, 0x65, 0x6d, 0x6f, 0x2d, 0x68, 0x6f, 0x6c, 0x64, 0x2f, 0x68,
   0x61, 0x6e, 0x64, 0x6c, 0x65, 0x72, 0x2d, 0x63, 0x6c, 0x6f, 0x73, 0x65, 0x2f, 0x63, 0x74, 0x72,
   0x6c, 0x2d, 0x68, 0x6f, 0x6c, 0x64, 0x2d, 0x70, 0x6f, 0x73, 0x69, 0x74, 0x69, 0x6f, 0x6e, 0x2f,
   0x6c, 0x69, 0x6e, 0x2d, 0x79, 0x2f, 0x65, 0x72, 0x72, 0x6f, 0x72, 0x2d, 0x69, 0x6e, 0x74, 0x65,
   0x67, 0x72, 0x61, 0x6c, 0x2a, 0x95, 0x01, 0x08, 0xec, 0x17, 0x12, 0x27, 0x63, 0x74, 0x72, 0x6c,
   0x5f, 0x68, 0x6f, 0x6c, 0x64, 0x5f, 0x70, 0x6f, 0x73, 0x69, 0x74, 0x69, 0x6f, 0x6e, 0x5f, 0x6c,
   0x69, 0x6e, 0x5f, 0x79, 0x5f, 0x70, 0x72, 0x65, 0x76, 0x69, 0x6f, 0x75, 0x73, 0x5f, 0x65, 0x72,
   0x72, 0x6f, 0x72, 0x1a, 0x67, 0x68, 0x74, 0x74, 0x70, 0x73, 0x3a, 0x2f, 0x2f, 0x73, 0x65, 0x63,
   0x6f, 0x72, 0x6f, 0x6c, 0x61, 0x62, 0x2e, 0x67, 0x69, 0x74, 0x68, 0x75, 0x62, 0x2e, 0x69, 0x6f,
   0x2f, 0x6d, 0x6f, 0x64, 0x65, 0x6c, 0x73, 0x2f, 0x72, 0x65, 0x61, 0x6c, 0x2d, 0x64, 0x65, 0x6d,
   0x6f, 0x2d, 0x68, 0x6f, 0x6c, 0x64, 0x2f, 0x68, 0x61, 0x6e, 0x64, 0x6c, 0x65, 0x72, 0x2d, 0x63,
   0x6c, 0x6f, 0x73, 0x65, 0x2f, 0x63, 0x74, 0x72, 0x6c, 0x2d, 0x68, 0x6f, 0x6c, 0x64, 0x2d, 0x70,
   0x6f, 0x73, 0x69, 0x74, 0x69, 0x6f, 0x6e, 0x2f, 0x6c, 0x69, 0x6e, 0x2d, 0x79, 0x2f, 0x70, 0x72,
   0x65, 0x76, 0x69, 0x6f, 0x75, 0x73, 0x2d, 0x65, 0x72, 0x72, 0x6f, 0x72, 0x2a, 0x95, 0x01, 0x08,
   0xed, 0x17, 0x12, 0x27, 0x63, 0x74, 0x72, 0x6c, 0x5f, 0x68, 0x6f, 0x6c, 0x64, 0x5f, 0x70, 0x6f,
   0x73, 0x69, 0x74, 0x69, 0x6f, 0x6e, 0x5f, 0x6c, 0x69, 0x6e, 0x5f, 0x7a, 0x5f, 0x65, 0x72, 0x72,
   0x6f, 0x72, 0x5f, 0x69, 0x6e, 0x74, 0x65, 0x67, 0x72, 0x61, 0x6c, 0x1a, 0x67, 0x68, 0x74, 0x74,
   0x70, 0x73, 0x3a, 0x2f, 0x2f, 0x73, 0x65, 0x63, 0x6f, 0x72, 0x6f, 0x6c, 0x61, 0x62, 0x2e, 0x67,
   0x69, 0x74, 0x68, 0x75, 0x62, 0x2e, 0x69, 0x6f, 0x2f, 0x6d, 0x6f, 0x64, 0x65, 0x6c, 0x73, 0x2f,
   0x72, 0x65, 0x61, 0x6c, 0x2d, 0x64, 0x65, 0x6d, 0x6f, 0x2d, 0x68, 0x6f, 0x6c, 0x64, 0x2f, 0x68,
   0x61, 0x6e, 0x64, 0x6c, 0x65, 0x72, 0x2d, 0x63, 0x6c, 0x6f, 0x73, 0x65, 0x2f, 0x63, 0x74, 0x72,
   0x6c, 0x2d, 0x68, 0x6f, 0x6c, 0x64, 0x2d, 0x70, 0x6f, 0x73, 0x69, 0x74, 0x69, 0x6f, 0x6e, 0x2f,
   0x6c, 0x69, 0x6e, 0x2d, 0x7a, 0x2f, 0x65, 0x72, 0x72, 0x6f, 0x72, 0x2d, 0x69, 0x6e, 0x74, 0x65,
   0x67, 0x72, 0x61, 0x6c, 0x2a, 0x95, 0x01, 0x08, 0xee, 0x17, 0x12, 0x27, 0x63, 0x74, 0x72, 0x6c,
   0x5f, 0x68, 0x6f, 0x6c, 0x64, 0x5f, 0x70, 0x6f, 0x73, 0x69, 0x74, 0x69, 0x6f, 0x6e, 0x5f, 0x6c,
   0x69, 0x6e, 0x5f, 0x7a, 0x5f, 0x70, 0x72, 0x65, 0x76, 0x69, 0x6f, 0x75, 0x73, 0x5f, 0x65, 0x72,
   0x72, 0x6f, 0x72, 0x1a, 0x67, 0x68, 0x74, 0x74, 0x70, 0x73, 0x3a, 0x2f, 0x2f, 0x73, 0x65, 0x63,
   0x6f, 0x72, 0x6f, 0x6c, 0x61, 0x62, 0x2e, 0x67, 0x69, 0x74, 0x68, 0x75, 0x62, 0x2e, 0x69, 0x6f,
   0x2f, 0x6d, 0x6f, 0x64, 0x65, 0x6c, 0x73, 0x2f, 0x72, 0x65, 0x61, 0x6c, 0x2d, 0x64, 0x65, 0x6d,
   0x6f, 0x2d, 0x68, 0x6f, 0x6c, 0x64, 0x2f, 0x68, 0x61, 0x6e, 0x64, 0x6c, 0x65, 0x72, 0x2d, 0x63,
   0x6c, 0x6f, 0x73, 0x65, 0x2f, 0x63, 0x74, 0x72, 0x6c, 0x2d, 0x68, 0x6f, 0x6c, 0x64, 0x2d, 0x70,
   0x6f, 0x73, 0x69, 0x74, 0x69, 0x6f, 0x6e, 0x2f, 0x6c, 0x69, 0x6e, 0x2d, 0x7a, 0x2f, 0x70, 0x72,
   0x65, 0x76, 0x69, 0x6f, 0x75, 0x73, 0x2d, 0x65, 0x72, 0x72, 0x6f, 0x72, 0x2a, 0xa4, 0x01, 0x08,
   0xef, 0x17, 0x12, 0x2f, 0x63, 0x74, 0x72, 0x6c, 0x5f, 0x6f, 0x70, 0x65, 0x6e, 0x5f, 0x68, 0x6f,
   0x6c, 0x64, 0x5f, 0x6f, 0x72, 0x69, 0x65, 0x6e, 0x74, 0x61, 0x74, 0x69, 0x6f, 0x6e, 0x5f, 0x61,
   0x6e, 0x67, 0x5f, 0x78, 0x5f, 0x65, 0x72, 0x72, 0x6f, 0x72, 0x5f, 0x69, 0x6e, 0x74, 0x65, 0x67,
   0x72, 0x61, 0x6c, 0x1a, 0x6e, 0x68, 0x74, 0x74, 0x70, 0x73, 0x3a, 0x2f, 0x2f, 0x73, 0x65, 0x63,
   0x6f, 0x72, 0x6f, 0x6c, 0x61, 0x62, 0x2e, 0x67, 0x69, 0x74, 0x68, 0x75, 0x62, 0x2e, 0x69, 0x6f,
   0x2f, 0x6d, 0x6f, 0x64, 0x65, 0x6c, 0x73, 0x2f, 0x72, 0x65, 0x61, 0x6c, 0x2d, 0x64, 0x65, 0x6d,
   0x6f, 0x2d, 0x68, 0x6f, 0x6c, 0x64, 0x2f, 0x68, 0x61, 0x6e, 0x64, 0x6c, 0x65, 0x72, 0x2d, 0x6f,
   0x70, 0x65, 0x6e, 0x2f, 0x63, 0x74, 0x72, 0x6c, 0x2d, 0x6f, 0x70, 0x65, 0x6e, 0x2d, 0x68, 0x6f,
   0x6c, 0x64, 0x2d, 0x6f, 0x72, 0x69, 0x65, 0x6e, 0x74, 0x61, 0x74, 0x69, 0x6f, 0x6e, 0x2f, 0x61,
   0x6e, 0x67, 0x2d, 0x78, 0x2f, 0x65, 0x72, 0x72, 0x6f, 0x72, 0x2d, 0x69, 0x6e, 0x74, 0x65, 0x67,
   0x72, 0x61, 0x6c, 0x2a, 0xa4, 0x01, 0x08, 0xf0, 0x17, 0x12, 0x2f, 0x63, 0x74, 0x72, 0x6c, 0x5f,
   0x6f, 0x70, 0x65, 0x6e, 0x5f, 0x68, 0x6f, 0x6c, 0x64, 0x5f, 0x6f, 0x72, 0x69, 0x65, 0x6e, 0x74,
   0x61, 0x74, 0x69, 0x6f, 0x6e, 0x5f, 0x61, 0x6e, 0x67, 0x5f, 0x78, 0x5f, 0x70, 0x72, 0x65, 0x76,
   0x69, 0x6f, 0x75, 0x73, 0x5f, 0x65, 0x72, 0x72, 0x6f, 0x72, 0x1a, 0x6e, 0x68, 0x74, 0x74, 0x70,
   0x73, 0x3a, 0x2f, 0x2f, 0x73, 0x65, 0x63, 0x6f, 0x72, 0x6f, 0x6c, 0x61, 0x62, 0x2e, 0x67, 0x69,
   0x74, 0x68, 0x75, 0x62, 0x2e, 0x69, 0x6f, 0x2f, 0x6d, 0x6f, 0x64, 0x65, 0x6c, 0x73, 0x2f, 0x72,
   0x65, 0x61, 0x6c, 0x2d, 0x64, 0x65, 0x6d, 0x6f, 0x2d, 0x68, 0x6f, 0x6c, 0x64, 0x2f, 0x68, 0x61,
   0x6e, 0x64, 0x6c, 0x65, 0x72, 0x2d, 0x6f, 0x70, 0x65, 0x6e, 0x2f, 0x63, 0x74, 0x72, 0x6c, 0x2d,
   0x6f, 0x70, 0x65, 0x6e, 0x2d, 0x68, 0x6f, 0x6c, 0x64, 0x2d, 0x6f, 0x72, 0x69, 0x65, 0x6e, 0x74,
   0x61, 0x74, 0x69, 0x6f, 0x6e, 0x2f, 0x61, 0x6e, 0x67, 0x2d, 0x78, 0x2f, 0x70, 0x72, 0x65, 0x76,
   0x69, 0x6f, 0x75, 0x73, 0x2d, 0x65, 0x72, 0x72, 0x6f, 0x72, 0x2a, 0xa4, 0x01, 0x08, 0xf1, 0x17,
   0x12, 0x2f, 0x63, 0x74, 0x72, 0x6c, 0x5f, 0x6f, 0x70, 0x65, 0x6e, 0x5f, 0x68, 0x6f, 0x6c, 0x64,
   0x5f, 0x6f, 0x72, 0x69, 0x65, 0x6e, 0x74, 0x61, 0x74, 0x69, 0x6f, 0x6e, 0x5f, 0x61, 0x6e, 0x67,
   0x5f, 0x79, 0x5f, 0x65, 0x72, 0x72, 0x6f, 0x72, 0x5f, 0x69, 0x6e, 0x74, 0x65, 0x67, 0x72, 0x61,
   0x6c, 0x1a, 0x6e, 0x68, 0x74, 0x74, 0x70, 0x73, 0x3a, 0x2f, 0x2f, 0x73, 0x65, 0x63, 0x6f, 0x72,
   0x6f, 0x6c, 0x61, 0x62, 0x2e, 0x67, 0x69, 0x74, 0x68, 0x75, 0x62, 0x2e, 0x69, 0x6f, 0x2f, 0x6d,
   0x6f, 0x64, 0x65, 0x6c, 0x73, 0x2f, 0x72, 0x65, 0x61, 0x6c, 0x2d, 0x64, 0x65, 0x6d, 0x6f, 0x2d,
   0x68, 0x6f, 0x6c, 0x64, 0x2f, 0x68, 0x61, 0x6e, 0x64, 0x6c, 0x65, 0x72, 0x2d, 0x6f, 0x70, 0x65,
   0x6e, 0x2f, 0x63, 0x74, 0x72, 0x6c, 0x2d, 0x6f, 0x70, 0x65, 0x6e, 0x2d, 0x68, 0x6f, 0x6c, 0x64,
   0x2d, 0x6f, 0x72, 0x69, 0x65, 0x6e, 0x74, 0x61, 0x74, 0x69, 0x6f, 0x6e, 0x2f, 0x61, 0x6e, 0x67,
   0x2d, 0x79, 0x2f, 0x65, 0x72, 0x72, 0x6f, 0x72, 0x2d, 0x69, 0x6e, 0x74, 0x65, 0x67, 0x72, 0x61,
   0x6c, 0x2a, 0xa4, 0x01, 0x08, 0xf2, 0x17, 0x12, 0x2f, 0x63, 0x74, 0x72, 0x6c, 0x5f, 0x6f, 0x70,
   0x65, 0x6e, 0x5f, 0x68, 0x6f, 0x6c, 0x64, 0x5f, 0x6f, 0x72, 0x69, 0x65, 0x6e, 0x74, 0x61, 0x74,
   0x69, 0x6f, 0x6e, 0x5f, 0x61, 0x6e, 0x67, 0x5f, 0x79, 0x5f, 0x70, 0x72, 0x65, 0x76, 0x69, 0x6f,
   0x75, 0x73, 0x5f, 0x65, 0x72, 0x72, 0x6f, 0x72, 0x1a, 0x6e, 0x68, 0x74, 0x74, 0x70, 0x73, 0x3a,
   0x2f, 0x2f, 0x73, 0x65, 0x63, 0x6f, 0x72, 0x6f, 0x6c, 0x61, 0x62, 0x2e, 0x67, 0x69, 0x74, 0x68,
   0x75, 0x62, 0x2e, 0x69, 0x6f, 0x2f, 0x6d, 0x6f, 0x64, 0x65, 0x6c, 0x73, 0x2f, 0x72, 0x65, 0x61,
   0x6c, 0x2d, 0x64, 0x65, 0x6d, 0x6f, 0x2d, 0x68, 0x6f, 0x6c, 0x64, 0x2f, 0x68, 0x61, 0x6e, 0x64,
   0x6c, 0x65, 0x72, 0x2d, 0x6f, 0x70, 0x65, 0x6e, 0x2f, 0x63, 0x74, 0x72, 0x6c, 0x2d, 0x6f, 0x70,
   0x65, 0x6e, 0x2d, 0x68, 0x6f, 0x6c, 0x64, 0x2d, 0x6f, 0x72, 0x69, 0x65, 0x6e, 0x74, 0x61, 0x74,
   0x69, 0x6f, 0x6e, 0x2f, 0x61, 0x6e, 0x67, 0x2d, 0x79, 0x2f, 0x70, 0x72, 0x65, 0x76, 0x69, 0x6f,
   0x75, 0x73, 0x2d, 0x65, 0x72, 0x72, 0x6f, 0x72, 0x2a, 0xa4, 0x01, 0x08, 0xf3, 0x17, 0x12, 0x2f,
   0x63, 0x74, 0x72, 0x6c, 0x5f, 0x6f, 0x70, 0x65, 0x6e, 0x5f, 0x68, 0x6f, 0x6c, 0x64, 0x5f, 0x6f,
   0x72, 0x69, 0x65, 0x6e, 0x74, 0x61, 0x74, 0x69, 0x6f, 0x6e, 0x5f, 0x61, 0x6e, 0x67, 0x5f, 0x7a,
   0x5f, 0x65, 0x72, 0x72, 0x6f, 0x72, 0x5f, 0x69, 0x6e, 0x74, 0x65, 0x67, 0x72, 0x61, 0x6c, 0x1a,
   0x6e, 0x68, 0x74, 0x74, 0x70, 0x73, 0x3a, 0x2f, 0x2f, 0x73, 0x65, 0x63, 0x6f, 0x72, 0x6f, 0x6c,
   0x61, 0x62, 0x2e, 0x67, 0x69, 0x74, 0x68, 0x75, 0x62, 0x2e, 0x69, 0x6f, 0x2f, 0x6d, 0x6f, 0x64,
   0x65, 0x6c, 0x73, 0x2f, 0x72, 0x65, 0x61, 0x6c, 0x2d, 0x64, 0x65, 0x6d, 0x6f, 0x2d, 0x68, 0x6f,
   0x6c, 0x64, 0x2f, 0x68, 0x61, 0x6e, 0x64, 0x6c, 0x65, 0x72, 0x2d, 0x6f, 0x70, 0x65, 0x6e, 0x2f,
   0x63, 0x74, 0x72, 0x6c, 0x2d, 0x6f, 0x70, 0x65, 0x6e, 0x2d, 0x68, 0x6f, 0x6c, 0x64, 0x2d, 0x6f,
   0x72, 0x69, 0x65, 0x6e, 0x74, 0x61, 0x74, 0x69, 0x6f, 0x6e, 0x2f, 0x61, 0x6e, 0x67, 0x2d, 0x7a,
   0x2f, 0x65, 0x72, 0x72, 0x6f, 0x72, 0x2d, 0x69, 0x6e, 0x74, 0x65, 0x67, 0x72, 0x61, 0x6c, 0x2a,
   0xa4, 0x01, 0x08, 0xf4, 0x17, 0x12, 0x2f, 0x63, 0x74, 0x72, 0x6c, 0x5f, 0x6f, 0x70, 0x65, 0x6e,
   0x5f, 0x68, 0x6f, 0x6c, 0x64, 0x5f, 0x6f, 0x72, 0x69, 0x65, 0x6e, 0x74, 0x61, 0x74, 0x69, 0x6f,
   0x6e, 0x5f, 0x61, 0x6e, 0x67, 0x5f, 0x7a, 0x5f, 0x70, 0x72, 0x65, 0x76, 0x69, 0x6f, 0x75, 0x73,
   0x5f, 0x65, 0x72, 0x72, 0x6f, 0x72, 0x1a, 0x6e, 0x68, 0x74, 0x74, 0x70, 0x73, 0x3a, 0x2f, 0x2f,
   0x73, 0x65, 0x63, 0x6f, 0x72, 0x6f, 0x6c, 0x61, 0x62, 0x2e, 0x67, 0x69, 0x74, 0x68, 0x75, 0x62,
   0x2e, 0x69, 0x6f, 0x2f, 0x6d, 0x6f, 0x64, 0x65, 0x6c, 0x73, 0x2f, 0x72, 0x65, 0x61, 0x6c, 0x2d,
   0x64, 0x65, 0x6d, 0x6f, 0x2d, 0x68, 0x6f, 0x6c, 0x64, 0x2f, 0x68, 0x61, 0x6e, 0x64, 0x6c, 0x65,
   0x72, 0x2d, 0x6f, 0x70, 0x65, 0x6e, 0x2f, 0x63, 0x74, 0x72, 0x6c, 0x2d, 0x6f, 0x70, 0x65, 0x6e,
   0x2d, 0x68, 0x6f, 0x6c, 0x64, 0x2d, 0x6f, 0x72, 0x69, 0x65, 0x6e, 0x74, 0x61, 0x74, 0x69, 0x6f,
   0x6e, 0x2f, 0x61, 0x6e, 0x67, 0x2d, 0x7a, 0x2f, 0x70, 0x72, 0x65, 0x76, 0x69, 0x6f, 0x75, 0x73,
   0x2d, 0x65, 0x72, 0x72, 0x6f, 0x72, 0x2a, 0x8e, 0x01, 0x08, 0xf5, 0x17, 0x12, 0x24, 0x63, 0x74,
   0x72, 0x6c, 0x5f, 0x6f, 0x70, 0x65, 0x6e, 0x5f, 0x68, 0x6f, 0x6c, 0x64, 0x5f, 0x6f, 0x72, 0x69,
   0x65, 0x6e, 0x74, 0x61, 0x74, 0x69, 0x6f, 0x6e, 0x5f, 0x65, 0x72, 0x72, 0x5f, 0x61, 0x6e, 0x67,
   0x5f, 0x78, 0x1a, 0x63, 0x68, 0x74, 0x74, 0x70, 0x73, 0x3a, 0x2f, 0x2f, 0x73, 0x65, 0x63, 0x6f,
   0x72, 0x6f, 0x6c, 0x61, 0x62, 0x2e, 0x67, 0x69, 0x74, 0x68, 0x75, 0x62, 0x2e, 0x69, 0x6f, 0x2f,
   0x6d, 0x6f, 0x64, 0x65, 0x6c, 0x73, 0x2f, 0x72, 0x65, 0x61, 0x6c, 0x2d, 0x64, 0x65, 0x6d, 0x6f,
   0x2d, 0x68, 0x6f, 0x6c, 0x64, 0x2f, 0x68, 0x61, 0x6e, 0x64, 0x6c, 0x65, 0x72, 0x2d, 0x6f, 0x70,
   0x65, 0x6e, 0x2f, 0x63, 0x74, 0x72, 0x6c, 0x2d, 0x6f, 0x70, 0x65, 0x6e, 0x2d, 0x68, 0x6f, 0x6c,
   0x64, 0x2d, 0x6f, 0x72, 0x69, 0x65, 0x6e, 0x74, 0x61, 0x74, 0x69, 0x6f, 0x6e, 0x2f, 0x65, 0x72,
   0x72, 0x2d, 0x61, 0x6e, 0x67, 0x2d, 0x78, 0x2a, 0x8e, 0x01, 0x08, 0xf6, 0x17, 0x12, 0x24, 0x63,
   0x74, 0x72, 0x6c, 0x5f, 0x6f, 0x70, 0x65, 0x6e, 0x5f, 0x68, 0x6f, 0x6c, 0x64, 0x5f, 0x6f, 0x72,
   0x69, 0x65, 0x6e, 0x74, 0x61, 0x74, 0x69, 0x6f, 0x6e, 0x5f, 0x65, 0x72, 0x72, 0x5f, 0x61, 0x6e,
   0x67, 0x5f, 0x79, 0x1a, 0x63, 0x68, 0x74, 0x74, 0x70, 0x73, 0x3a, 0x2f, 0x2f, 0x73, 0x65, 0x63,
   0x6f, 0x72, 0x6f, 0x6c, 0x61, 0x62, 0x2e, 0x67, 0x69, 0x74, 0x68, 0x75, 0x62, 0x2e, 0x69, 0x6f,
   0x2f, 0x6d, 0x6f, 0x64, 0x65, 0x6c, 0x73, 0x2f, 0x72, 0x65, 0x61, 0x6c, 0x2d, 0x64, 0x65, 0x6d,
   0x6f, 0x2d, 0x68, 0x6f, 0x6c, 0x64, 0x2f, 0x68, 0x61, 0x6e, 0x64, 0x6c, 0x65, 0x72, 0x2d, 0x6f,
   0x70, 0x65, 0x6e, 0x2f, 0x63, 0x74, 0x72, 0x6c, 0x2d, 0x6f, 0x70, 0x65, 0x6e, 0x2d, 0x68, 0x6f,
   0x6c, 0x64, 0x2d, 0x6f, 0x72, 0x69, 0x65, 0x6e, 0x74, 0x61, 0x74, 0x69, 0x6f, 0x6e, 0x2f, 0x65,
   0x72, 0x72, 0x2d, 0x61, 0x6e, 0x67, 0x2d, 0x79, 0x2a, 0x8e, 0x01, 0x08, 0xf7, 0x17, 0x12, 0x24,
   0x63, 0x74, 0x72, 0x6c, 0x5f, 0x6f, 0x70, 0x65, 0x6e, 0x5f, 0x68, 0x6f, 0x6c, 0x64, 0x5f, 0x6f,
   0x72, 0x69, 0x65, 0x6e, 0x74, 0x61, 0x74, 0x69, 0x6f, 0x6e, 0x5f, 0x65, 0x72, 0x72, 0x5f, 0x61,
   0x6e, 0x67, 0x5f, 0x7a, 0x1a, 0x63, 0x68, 0x74, 0x74, 0x70, 0x73, 0x3a, 0x2f, 0x2f, 0x73, 0x65,
   0x63, 0x6f, 0x72, 0x6f, 0x6c, 0x61, 0x62, 0x2e, 0x67, 0x69, 0x74, 0x68, 0x75, 0x62, 0x2e, 0x69,
   0x6f, 0x2f, 0x6d, 0x6f, 0x64, 0x65, 0x6c, 0x73, 0x2f, 0x72, 0x65, 0x61, 0x6c, 0x2d, 0x64, 0x65,
   0x6d, 0x6f, 0x2d, 0x68, 0x6f, 0x6c, 0x64, 0x2f, 0x68, 0x61, 0x6e, 0x64, 0x6c, 0x65, 0x72, 0x2d,
   0x6f, 0x70, 0x65, 0x6e, 0x2f, 0x63, 0x74, 0x72, 0x6c, 0x2d, 0x6f, 0x70, 0x65, 0x6e, 0x2d, 0x68,
   0x6f, 0x6c, 0x64, 0x2d, 0x6f, 0x72, 0x69, 0x65, 0x6e, 0x74, 0x61, 0x74, 0x69, 0x6f, 0x6e, 0x2f,
   0x65, 0x72, 0x72, 0x2d, 0x61, 0x6e, 0x67, 0x2d, 0x7a, 0x2a, 0x88, 0x01, 0x08, 0xf8, 0x17, 0x12,
   0x21, 0x63, 0x74, 0x72, 0x6c, 0x5f, 0x6f, 0x70, 0x65, 0x6e, 0x5f, 0x68, 0x6f, 0x6c, 0x64, 0x5f,
   0x70, 0x6f, 0x73, 0x69, 0x74, 0x69, 0x6f, 0x6e, 0x5f, 0x65, 0x72, 0x72, 0x5f, 0x6c, 0x69, 0x6e,
   0x5f, 0x78, 0x1a, 0x60, 0x68, 0x74, 0x74, 0x70, 0x73, 0x3a, 0x2f, 0x2f, 0x73, 0x65, 0x63, 0x6f,
   0x72, 0x6f, 0x6c, 0x61, 0x62, 0x2e, 0x67, 0x69, 0x74, 0x68, 0x75, 0x62, 0x2e, 0x69, 0x6f, 0x2f,
   0x6d, 0x6f, 0x64, 0x65, 0x6c, 0x73, 0x2f, 0x72, 0x65, 0x61, 0x6c, 0x2d, 0x64, 0x65, 0x6d, 0x6f,
   0x2d, 0x68, 0x6f, 0x6c, 0x64, 0x2f, 0x68, 0x61, 0x6e, 0x64, 0x6c, 0x65, 0x72, 0x2d, 0x6f, 0x70,
   0x65, 0x6e, 0x2f, 0x63, 0x74, 0x72, 0x6c, 0x2d, 0x6f, 0x70, 0x65, 0x6e, 0x2d, 0x68, 0x6f, 0x6c,
   0x64, 0x2d, 0x70, 0x6f, 0x73, 0x69, 0x74, 0x69, 0x6f, 0x6e, 0x2f, 0x65, 0x72, 0x72, 0x2d, 0x6c,
   0x69, 0x6e, 0x2d, 0x78, 0x2a, 0x88, 0x01, 0x08, 0xf9, 0x17, 0x12, 0x21, 0x63, 0x74, 0x72, 0x6c,
   0x5f, 0x6f, 0x70, 0x65, 0x6e, 0x5f, 0x68, 0x6f, 0x6c, 0x64, 0x5f, 0x70, 0x6f, 0x73, 0x69, 0x74,
   0x69, 0x6f, 0x6e, 0x5f, 0x65, 0x72, 0x72, 0x5f, 0x6c, 0x69, 0x6e, 0x5f, 0x79, 0x1a, 0x60, 0x68,
   0x74, 0x74, 0x70, 0x73, 0x3a, 0x2f, 0x2f, 0x73, 0x65, 0x63, 0x6f, 0x72, 0x6f, 0x6c, 0x61, 0x62,
   0x2e, 0x67, 0x69, 0x74, 0x68, 0x75, 0x62, 0x2e, 0x69, 0x6f, 0x2f, 0x6d, 0x6f, 0x64, 0x65, 0x6c,
   0x73, 0x2f, 0x72, 0x65, 0x61, 0x6c, 0x2d, 0x64, 0x65, 0x6d, 0x6f, 0x2d, 0x68, 0x6f, 0x6c, 0x64,
   0x2f, 0x68, 0x61, 0x6e, 0x64, 0x6c, 0x65, 0x72, 0x2d, 0x6f, 0x70, 0x65, 0x6e, 0x2f, 0x63, 0x74,
   0x72, 0x6c, 0x2d, 0x6f, 0x70, 0x65, 0x6e, 0x2d, 0x68, 0x6f, 0x6c, 0x64, 0x2d, 0x70, 0x6f, 0x73,
   0x69, 0x74, 0x69, 0x6f, 0x6e, 0x2f, 0x65, 0x72, 0x72, 0x2d, 0x6c, 0x69, 0x6e, 0x2d, 0x79, 0x2a,
   0x88, 0x01, 0x08, 0xfa, 0x17, 0x12, 0x21, 0x63, 0x74, 0x72, 0x6c, 0x5f, 0x6f, 0x70, 0x65, 0x6e,
   0x5f, 0x68, 0x6f, 0x6c, 0x64, 0x5f, 0x70, 0x6f, 0x73, 0x69, 0x74, 0x69, 0x6f, 0x6e, 0x5f, 0x65,
   0x72, 0x72, 0x5f, 0x6c, 0x69, 0x6e, 0x5f, 0x7a, 0x1a, 0x60, 0x68, 0x74, 0x74, 0x70, 0x73, 0x3a,
   0x2f, 0x2f, 0x73, 0x65, 0x63, 0x6f, 0x72, 0x6f, 0x6c, 0x61, 0x62, 0x2e, 0x67, 0x69, 0x74, 0x68,
   0x75, 0x62, 0x2e, 0x69, 0x6f, 0x2f, 0x6d, 0x6f, 0x64, 0x65, 0x6c, 0x73, 0x2f, 0x72, 0x65, 0x61,
   0x6c, 0x2d, 0x64, 0x65, 0x6d, 0x6f, 0x2d, 0x68, 0x6f, 0x6c, 0x64, 0x2f, 0x68, 0x61, 0x6e, 0x64,
   0x6c, 0x65, 0x72, 0x2d, 0x6f, 0x70, 0x65, 0x6e, 0x2f, 0x63, 0x74, 0x72, 0x6c, 0x2d, 0x6f, 0x70,
   0x65, 0x6e, 0x2d, 0x68, 0x6f, 0x6c, 0x64, 0x2d, 0x70, 0x6f, 0x73, 0x69, 0x74, 0x69, 0x6f, 0x6e,
   0x2f, 0x65, 0x72, 0x72, 0x2d, 0x6c, 0x69, 0x6e, 0x2d, 0x7a, 0x2a, 0x9e, 0x01, 0x08, 0xfb, 0x17,
   0x12, 0x2c, 0x63, 0x74, 0x72, 0x6c, 0x5f, 0x6f, 0x70, 0x65, 0x6e, 0x5f, 0x68, 0x6f, 0x6c, 0x64,
   0x5f, 0x70, 0x6f, 0x73, 0x69, 0x74, 0x69, 0x6f, 0x6e, 0x5f, 0x6c, 0x69, 0x6e, 0x5f, 0x78, 0x5f,
   0x65, 0x72, 0x72, 0x6f, 0x72, 0x5f, 0x69, 0x6e, 0x74, 0x65, 0x67, 0x72, 0x61, 0x6c, 0x1a, 0x6b,
   0x68, 0x74, 0x74, 0x70, 0x73, 0x3a, 0x2f, 0x2f, 0x73, 0x65, 0x63, 0x6f, 0x72, 0x6f, 0x6c, 0x61,
   0x62, 0x2e, 0x67, 0x69, 0x74, 0x68, 0x75, 0x62, 0x2e, 0x69, 0x6f, 0x2f, 0x6d, 0x6f, 0x64, 0x65,
   0x6c, 0x73, 0x2f, 0x72, 0x65, 0x61, 0x6c, 0x2d, 0x64, 0x65, 0x6d, 0x6f, 0x2d, 0x68, 0x6f, 0x6c,
   0x64, 0x2f, 0x68, 0x61, 0x6e, 0x64, 0x6c, 0x65, 0x72, 0x2d, 0x6f, 0x70, 0x65, 0x6e, 0x2f, 0x63,
   0x74, 0x72, 0x6c, 0x2d, 0x6f, 0x70, 0x65, 0x6e, 0x2d, 0x68, 0x6f, 0x6c, 0x64, 0x2d, 0x70, 0x6f,
   0x73, 0x69, 0x74, 0x69, 0x6f, 0x6e, 0x2f, 0x6c, 0x69, 0x6e, 0x2d, 0x78, 0x2f, 0x65, 0x72, 0x72,
   0x6f, 0x72, 0x2d, 0x69, 0x6e, 0x74, 0x65, 0x67, 0x72, 0x61, 0x6c, 0x2a, 0x9e, 0x01, 0x08, 0xfc,
   0x17, 0x12, 0x2c, 0x63, 0x74, 0x72, 0x6c, 0x5f, 0x6f, 0x70, 0x65, 0x6e, 0x5f, 0x68, 0x6f, 0x6c,
   0x64, 0x5f, 0x70, 0x6f, 0x73, 0x69, 0x74, 0x69, 0x6f, 0x6e, 0x5f, 0x6c, 0x69, 0x6e, 0x5f, 0x78,
   0x5f, 0x70, 0x72, 0x65, 0x76, 0x69, 0x6f, 0x75, 0x73, 0x5f, 0x65, 0x72, 0x72, 0x6f, 0x72, 0x1a,
   0x6b, 0x68, 0x74, 0x74, 0x70, 0x73, 0x3a, 0x2f, 0x2f, 0x73, 0x65, 0x63, 0x6f, 0x72, 0x6f, 0x6c,
   0x61, 0x62, 0x2e, 0x67, 0x69, 0x74, 0x68, 0x75, 0x62, 0x2e, 0x69, 0x6f, 0x2f, 0x6d, 0x6f, 0x64,
   0x65, 0x6c, 0x73, 0x2f, 0x72, 0x65, 0x61, 0x6c, 0x2d, 0x64, 0x65, 0x6d, 0x6f, 0x2d, 0x68, 0x6f,
   0x6c, 0x64, 0x2f, 0x68, 0x61, 0x6e, 0x64, 0x6c, 0x65, 0x72, 0x2d, 0x6f, 0x70, 0x65, 0x6e, 0x2f,
   0x63, 0x74, 0x72, 0x6c, 0x2d, 0x6f, 0x70, 0x65, 0x6e, 0x2d, 0x68, 0x6f, 0x6c, 0x64, 0x2d, 0x70,
   0x6f, 0x73, 0x69, 0x74, 0x69, 0x6f, 0x6e, 0x2f, 0x6c, 0x69, 0x6e, 0x2d, 0x78, 0x2f, 0x70, 0x72,
   0x65, 0x76, 0x69, 0x6f, 0x75, 0x73, 0x2d, 0x65, 0x72, 0x72, 0x6f, 0x72, 0x2a, 0x9e, 0x01, 0x08,
   0xfd, 0x17, 0x12, 0x2c, 0x63, 0x74, 0x72, 0x6c, 0x5f, 0x6f, 0x70, 0x65, 0x6e, 0x5f, 0x68, 0x6f,
   0x6c, 0x64, 0x5f, 0x70, 0x6f, 0x73, 0x69, 0x74, 0x69, 0x6f, 0x6e, 0x5f, 0x6c, 0x69, 0x6e, 0x5f,
   0x79, 0x5f, 0x65, 0x72, 0x72, 0x6f, 0x72, 0x5f, 0x69, 0x6e, 0x74, 0x65, 0x67, 0x72, 0x61, 0x6c,
   0x1a, 0x6b, 0x68, 0x74, 0x74, 0x70, 0x73, 0x3a, 0x2f, 0x2f, 0x73, 0x65, 0x63, 0x6f, 0x72, 0x6f,
   0x6c, 0x61, 0x62, 0x2e, 0x67, 0x69, 0x74, 0x68, 0x75, 0x62, 0x2e, 0x69, 0x6f, 0x2f, 0x6d, 0x6f,
   0x64, 0x65, 0x6c, 0x73, 0x2f, 0x72, 0x65, 0x61, 0x6c, 0x2d, 0x64, 0x65, 0x6d, 0x6f, 0x2d, 0x68,
   0x6f, 0x6c, 0x64, 0x2f, 0x68, 0x61, 0x6e, 0x64, 0x6c, 0x65, 0x72, 0x2d, 0x6f, 0x70, 0x65, 0x6e,
   0x2f, 0x63, 0x74, 0x72, 0x6c, 0x2d, 0x6f, 0x70, 0x65, 0x6e, 0x2d, 0x68, 0x6f, 0x6c, 0x64, 0x2d,
   0x70, 0x6f, 0x73, 0x69, 0x74, 0x69, 0x6f, 0x6e, 0x2f, 0x6c, 0x69, 0x6e, 0x2d, 0x79, 0x2f, 0x65,
   0x72, 0x72, 0x6f, 0x72, 0x2d, 0x69, 0x6e, 0x74, 0x65, 0x67, 0x72, 0x61, 0x6c, 0x2a, 0x9e, 0x01,
   0x08, 0xfe, 0x17, 0x12, 0x2c, 0x63, 0x74, 0x72, 0x6c, 0x5f, 0x6f, 0x70, 0x65, 0x6e, 0x5f, 0x68,
   0x6f, 0x6c, 0x64, 0x5f, 0x70, 0x6f, 0x73, 0x69, 0x74, 0x69, 0x6f, 0x6e, 0x5f, 0x6c, 0x69, 0x6e,
   0x5f, 0x79, 0x5f, 0x70, 0x72, 0x65, 0x76, 0x69, 0x6f, 0x75, 0x73, 0x5f, 0x65, 0x72, 0x72, 0x6f,
   0x72, 0x1a, 0x6b, 0x68, 0x74, 0x74, 0x70, 0x73, 0x3a, 0x2f, 0x2f, 0x73, 0x65, 0x63, 0x6f, 0x72,
   0x6f, 0x6c, 0x61, 0x62, 0x2e, 0x67, 0x69, 0x74, 0x68, 0x75, 0x62, 0x2e, 0x69, 0x6f, 0x2f, 0x6d,
   0x6f, 0x64, 0x65, 0x6c, 0x73, 0x2f, 0x72, 0x65, 0x61, 0x6c, 0x2d, 0x64, 0x65, 0x6d, 0x6f, 0x2d,
   0x68, 0x6f, 0x6c, 0x64, 0x2f, 0x68, 0x61, 0x6e, 0x64, 0x6c, 0x65, 0x72, 0x2d, 0x6f, 0x70, 0x65,
   0x6e, 0x2f, 0x63, 0x74, 0x72, 0x6c, 0x2d, 0x6f, 0x70, 0x65, 0x6e, 0x2d, 0x68, 0x6f, 0x6c, 0x64,
   0x2d, 0x70, 0x6f, 0x73, 0x69, 0x74, 0x69, 0x6f, 0x6e, 0x2f, 0x6c, 0x69, 0x6e, 0x2d, 0x79, 0x2f,
   0x70, 0x72, 0x65, 0x76, 0x69, 0x6f, 0x75, 0x73, 0x2d, 0x65, 0x72, 0x72, 0x6f, 0x72, 0x2a, 0x9e,
   0x01, 0x08, 0xff, 0x17, 0x12, 0x2c, 0x63, 0x74, 0x72, 0x6c, 0x5f, 0x6f, 0x70, 0x65, 0x6e, 0x5f,
   0x68, 0x6f, 0x6c, 0x64, 0x5f, 0x70, 0x6f, 0x73, 0x69, 0x74, 0x69, 0x6f, 0x6e, 0x5f, 0x6c, 0x69,
   0x6e, 0x5f, 0x7a, 0x5f, 0x65, 0x72, 0x72, 0x6f, 0x72, 0x5f, 0x69, 0x6e, 0x74, 0x65, 0x67, 0x72,
   0x61, 0x6c, 0x1a, 0x6b, 0x68, 0x74, 0x74, 0x70, 0x73, 0x3a, 0x2f, 0x2f, 0x73, 0x65, 0x63, 0x6f,
   0x72, 0x6f, 0x6c, 0x61, 0x62, 0x2e, 0x67, 0x69, 0x74, 0x68, 0x75, 0x62, 0x2e, 0x69, 0x6f, 0x2f,
   0x6d, 0x6f, 0x64, 0x65, 0x6c, 0x73, 0x2f, 0x72, 0x65, 0x61, 0x6c, 0x2d, 0x64, 0x65, 0x6d, 0x6f,
   0x2d, 0x68, 0x6f, 0x6c, 0x64, 0x2f, 0x68, 0x61, 0x6e, 0x64, 0x6c, 0x65, 0x72, 0x2d, 0x6f, 0x70,
   0x65, 0x6e, 0x2f, 0x63, 0x74, 0x72, 0x6c, 0x2d, 0x6f, 0x70, 0x65, 0x6e, 0x2d, 0x68, 0x6f, 0x6c,
   0x64, 0x2d, 0x70, 0x6f, 0x73, 0x69, 0x74, 0x69, 0x6f, 0x6e, 0x2f, 0x6c, 0x69, 0x6e, 0x2d, 0x7a,
   0x2f, 0x65, 0x72, 0x72, 0x6f, 0x72, 0x2d, 0x69, 0x6e, 0x74, 0x65, 0x67, 0x72, 0x61, 0x6c, 0x2a,
   0x9e, 0x01, 0x08, 0x80, 0x18, 0x12, 0x2c, 0x63, 0x74, 0x72, 0x6c, 0x5f, 0x6f, 0x70, 0x65, 0x6e,
   0x5f, 0x68, 0x6f, 0x6c, 0x64, 0x5f, 0x70, 0x6f, 0x73, 0x69, 0x74, 0x69, 0x6f, 0x6e, 0x5f, 0x6c,
   0x69, 0x6e, 0x5f, 0x7a, 0x5f, 0x70, 0x72, 0x65, 0x76, 0x69, 0x6f, 0x75, 0x73, 0x5f, 0x65, 0x72,
   0x72, 0x6f, 0x72, 0x1a, 0x6b, 0x68, 0x74, 0x74, 0x70, 0x73, 0x3a, 0x2f, 0x2f, 0x73, 0x65, 0x63,
   0x6f, 0x72, 0x6f, 0x6c, 0x61, 0x62, 0x2e, 0x67, 0x69, 0x74, 0x68, 0x75, 0x62, 0x2e, 0x69, 0x6f,
   0x2f, 0x6d, 0x6f, 0x64, 0x65, 0x6c, 0x73, 0x2f, 0x72, 0x65, 0x61, 0x6c, 0x2d, 0x64, 0x65, 0x6d,
   0x6f, 0x2d, 0x68, 0x6f, 0x6c, 0x64, 0x2f, 0x68, 0x61, 0x6e, 0x64, 0x6c, 0x65, 0x72, 0x2d, 0x6f,
   0x70, 0x65, 0x6e, 0x2f, 0x63, 0x74, 0x72, 0x6c, 0x2d, 0x6f, 0x70, 0x65, 0x6e, 0x2d, 0x68, 0x6f,
   0x6c, 0x64, 0x2d, 0x70, 0x6f, 0x73, 0x69, 0x74, 0x69, 0x6f, 0x6e, 0x2f, 0x6c, 0x69, 0x6e, 0x2d,
   0x7a, 0x2f, 0x70, 0x72, 0x65, 0x76, 0x69, 0x6f, 0x75, 0x73, 0x2d, 0x65, 0x72, 0x72, 0x6f, 0x72,
   0x2a, 0x87, 0x01, 0x08, 0x81, 0x18, 0x12, 0x20, 0x65, 0x61, 0x63, 0x63, 0x5f, 0x63, 0x74, 0x72,
   0x6c, 0x5f, 0x68, 0x6f, 0x6c, 0x64, 0x5f, 0x6f, 0x72, 0x69, 0x65, 0x6e, 0x74, 0x61, 0x74, 0x69,
   0x6f, 0x6e, 0x5f, 0x61, 0x6e, 0x67, 0x5f, 0x78, 0x1a, 0x60, 0x68, 0x74, 0x74, 0x70, 0x73, 0x3a,
   0x2f, 0x2f, 0x73, 0x65, 0x63, 0x6f, 0x72, 0x6f, 0x6c, 0x61, 0x62, 0x2e, 0x67, 0x69, 0x74, 0x68,
   0x75, 0x62, 0x2e, 0x69, 0x6f, 0x2f, 0x6d, 0x6f, 0x64, 0x65, 0x6c, 0x73, 0x2f, 0x72, 0x65, 0x61,
   0x6c, 0x2d, 0x64, 0x65, 0x6d, 0x6f, 0x2d, 0x68, 0x6f, 0x6c, 0x64, 0x2f, 0x68, 0x61, 0x6e, 0x64,
   0x6c, 0x65, 0x72, 0x2d, 0x63, 0x6c, 0x6f, 0x73, 0x65, 0x2f, 0x63, 0x74, 0x72, 0x6c, 0x2d, 0x68,
   0x6f, 0x6c, 0x64, 0x2d, 0x6f, 0x72, 0x69, 0x65, 0x6e, 0x74, 0x61, 0x74, 0x69, 0x6f, 0x6e, 0x2f,
   0x65, 0x61, 0x63, 0x63, 0x2d, 0x61, 0x6e, 0x67, 0x2d, 0x78, 0x2a, 0x87, 0x01, 0x08, 0x82, 0x18,
   0x12, 0x20, 0x65, 0x61, 0x63, 0x63, 0x5f, 0x63, 0x74, 0x72, 0x6c, 0x5f, 0x68, 0x6f, 0x6c, 0x64,
   0x5f, 0x6f, 0x72, 0x69, 0x65, 0x6e, 0x74, 0x61, 0x74, 0x69, 0x6f, 0x6e, 0x5f, 0x61, 0x6e, 0x67,
   0x5f, 0x79, 0x1a, 0x60, 0x68, 0x74, 0x74, 0x70, 0x73, 0x3a, 0x2f, 0x2f, 0x73, 0x65, 0x63, 0x6f,
   0x72, 0x6f, 0x6c, 0x61, 0x62, 0x2e, 0x67, 0x69, 0x74, 0x68, 0x75, 0x62, 0x2e, 0x69, 0x6f, 0x2f,
   0x6d, 0x6f, 0x64, 0x65, 0x6c, 0x73, 0x2f, 0x72, 0x65, 0x61, 0x6c, 0x2d, 0x64, 0x65, 0x6d, 0x6f,
   0x2d, 0x68, 0x6f, 0x6c, 0x64, 0x2f, 0x68, 0x61, 0x6e, 0x64, 0x6c, 0x65, 0x72, 0x2d, 0x63, 0x6c,
   0x6f, 0x73, 0x65, 0x2f, 0x63, 0x74, 0x72, 0x6c, 0x2d, 0x68, 0x6f, 0x6c, 0x64, 0x2d, 0x6f, 0x72,
   0x69, 0x65, 0x6e, 0x74, 0x61, 0x74, 0x69, 0x6f, 0x6e, 0x2f, 0x65, 0x61, 0x63, 0x63, 0x2d, 0x61,
   0x6e, 0x67, 0x2d, 0x79, 0x2a, 0x87, 0x01, 0x08, 0x83, 0x18, 0x12, 0x20, 0x65, 0x61, 0x63, 0x63,
   0x5f, 0x63, 0x74, 0x72, 0x6c, 0x5f, 0x68, 0x6f, 0x6c, 0x64, 0x5f, 0x6f, 0x72, 0x69, 0x65, 0x6e,
   0x74, 0x61, 0x74, 0x69, 0x6f, 0x6e, 0x5f, 0x61, 0x6e, 0x67, 0x5f, 0x7a, 0x1a, 0x60, 0x68, 0x74,
   0x74, 0x70, 0x73, 0x3a, 0x2f, 0x2f, 0x73, 0x65, 0x63, 0x6f, 0x72, 0x6f, 0x6c, 0x61, 0x62, 0x2e,
   0x67, 0x69, 0x74, 0x68, 0x75, 0x62, 0x2e, 0x69, 0x6f, 0x2f, 0x6d, 0x6f, 0x64, 0x65, 0x6c, 0x73,
   0x2f, 0x72, 0x65, 0x61, 0x6c, 0x2d, 0x64, 0x65, 0x6d, 0x6f, 0x2d, 0x68, 0x6f, 0x6c, 0x64, 0x2f,
   0x68, 0x61, 0x6e, 0x64, 0x6c, 0x65, 0x72, 0x2d, 0x63, 0x6c, 0x6f, 0x73, 0x65, 0x2f, 0x63, 0x74,
   0x72, 0x6c, 0x2d, 0x68, 0x6f, 0x6c, 0x64, 0x2d, 0x6f, 0x72, 0x69, 0x65, 0x6e, 0x74, 0x61, 0x74,
   0x69, 0x6f, 0x6e, 0x2f, 0x65, 0x61, 0x63, 0x63, 0x2d, 0x61, 0x6e, 0x67, 0x2d, 0x7a, 0x2a, 0x81,
   0x01, 0x08, 0x84, 0x18, 0x12, 0x1d, 0x65, 0x61, 0x63, 0x63, 0x5f, 0x63, 0x74, 0x72, 0x6c, 0x5f,
   0x68, 0x6f, 0x6c, 0x64, 0x5f, 0x70, 0x6f, 0x73, 0x69, 0x74, 0x69, 0x6f, 0x6e, 0x5f, 0x6c, 0x69,
   0x6e, 0x5f, 0x78, 0x1a, 0x5d, 0x68, 0x74, 0x74, 0x70, 0x73, 0x3a, 0x2f, 0x2f, 0x73, 0x65, 0x63,
   0x6f, 0x72, 0x6f, 0x6c, 0x61, 0x62, 0x2e, 0x67, 0x69, 0x74, 0x68, 0x75, 0x62, 0x2e, 0x69, 0x6f,
   0x2f, 0x6d, 0x6f, 0x64, 0x65, 0x6c, 0x73, 0x2f, 0x72, 0x65, 0x61, 0x6c, 0x2d, 0x64, 0x65, 0x6d,
   0x6f, 0x2d, 0x68, 0x6f, 0x6c, 0x64, 0x2f, 0x68, 0x61, 0x6e, 0x64, 0x6c, 0x65, 0x72, 0x2d, 0x63,
   0x6c, 0x6f, 0x73, 0x65, 0x2f, 0x63, 0x74, 0x72, 0x6c, 0x2d, 0x68, 0x6f, 0x6c, 0x64, 0x2d, 0x70,
   0x6f, 0x73, 0x69, 0x74, 0x69, 0x6f, 0x6e, 0x2f, 0x65, 0x61, 0x63, 0x63, 0x2d, 0x6c, 0x69, 0x6e,
   0x2d, 0x78, 0x2a, 0x81, 0x01, 0x08, 0x85, 0x18, 0x12, 0x1d, 0x65, 0x61, 0x63, 0x63, 0x5f, 0x63,
   0x74, 0x72, 0x6c, 0x5f, 0x68, 0x6f, 0x6c, 0x64, 0x5f, 0x70, 0x6f, 0x73, 0x69, 0x74, 0x69, 0x6f,
   0x6e, 0x5f, 0x6c, 0x69, 0x6e, 0x5f, 0x79, 0x1a, 0x5d, 0x68, 0x74, 0x74, 0x70, 0x73, 0x3a, 0x2f,
   0x2f, 0x73, 0x65, 0x63, 0x6f, 0x72, 0x6f, 0x6c, 0x61, 0x62, 0x2e, 0x67, 0x69, 0x74, 0x68, 0x75,
   0x62, 0x2e, 0x69, 0x6f, 0x2f, 0x6d, 0x6f, 0x64, 0x65, 0x6c, 0x73, 0x2f, 0x72, 0x65, 0x61, 0x6c,
   0x2d, 0x64, 0x65, 0x6d, 0x6f, 0x2d, 0x68, 0x6f, 0x6c, 0x64, 0x2f, 0x68, 0x61, 0x6e, 0x64, 0x6c,
   0x65, 0x72, 0x2d, 0x63, 0x6c, 0x6f, 0x73, 0x65, 0x2f, 0x63, 0x74, 0x72, 0x6c, 0x2d, 0x68, 0x6f,
   0x6c, 0x64, 0x2d, 0x70, 0x6f, 0x73, 0x69, 0x74, 0x69, 0x6f, 0x6e, 0x2f, 0x65, 0x61, 0x63, 0x63,
   0x2d, 0x6c, 0x69, 0x6e, 0x2d, 0x79, 0x2a, 0x81, 0x01, 0x08, 0x86, 0x18, 0x12, 0x1d, 0x65, 0x61,
   0x63, 0x63, 0x5f, 0x63, 0x74, 0x72, 0x6c, 0x5f, 0x68, 0x6f, 0x6c, 0x64, 0x5f, 0x70, 0x6f, 0x73,
   0x69, 0x74, 0x69, 0x6f, 0x6e, 0x5f, 0x6c, 0x69, 0x6e, 0x5f, 0x7a, 0x1a, 0x5d, 0x68, 0x74, 0x74,
   0x70, 0x73, 0x3a, 0x2f, 0x2f, 0x73, 0x65, 0x63, 0x6f, 0x72, 0x6f, 0x6c, 0x61, 0x62, 0x2e, 0x67,
   0x69, 0x74, 0x68, 0x75, 0x62, 0x2e, 0x69, 0x6f, 0x2f, 0x6d, 0x6f, 0x64, 0x65, 0x6c, 0x73, 0x2f,
   0x72, 0x65, 0x61, 0x6c, 0x2d, 0x64, 0x65, 0x6d, 0x6f, 0x2d, 0x68, 0x6f, 0x6c, 0x64, 0x2f, 0x68,
   0x61, 0x6e, 0x64, 0x6c, 0x65, 0x72, 0x2d, 0x63, 0x6c, 0x6f, 0x73, 0x65, 0x2f, 0x63, 0x74, 0x72,
   0x6c, 0x2d, 0x68, 0x6f, 0x6c, 0x64, 0x2d, 0x70, 0x6f, 0x73, 0x69, 0x74, 0x69, 0x6f, 0x6e, 0x2f,
   0x65, 0x61, 0x63, 0x63, 0x2d, 0x6c, 0x69, 0x6e, 0x2d, 0x7a, 0x2a, 0x90, 0x01, 0x08, 0x87, 0x18,
   0x12, 0x25, 0x65, 0x61, 0x63, 0x63, 0x5f, 0x63, 0x74, 0x72, 0x6c, 0x5f, 0x6f, 0x70, 0x65, 0x6e,
   0x5f, 0x68, 0x6f, 0x6c, 0x64, 0x5f, 0x6f, 0x72, 0x69, 0x65, 0x6e, 0x74, 0x61, 0x74, 0x69, 0x6f,
   0x6e, 0x5f, 0x61, 0x6e, 0x67, 0x5f, 0x78, 0x1a, 0x64, 0x68, 0x74, 0x74, 0x70, 0x73, 0x3a, 0x2f,
   0x2f, 0x73, 0x65, 0x63, 0x6f, 0x72, 0x6f, 0x6c, 0x61, 0x62, 0x2e, 0x67, 0x69, 0x74, 0x68, 0x75,
   0x62, 0x2e, 0x69, 0x6f, 0x2f, 0x6d, 0x6f, 0x64, 0x65, 0x6c, 0x73, 0x2f, 0x72, 0x65, 0x61, 0x6c,
   0x2d, 0x64, 0x65, 0x6d, 0x6f, 0x2d, 0x68, 0x6f, 0x6c, 0x64, 0x2f, 0x68, 0x61, 0x6e, 0x64, 0x6c,
   0x65, 0x72, 0x2d, 0x6f, 0x70, 0x65, 0x6e, 0x2f, 0x63, 0x74, 0x72, 0x6c, 0x2d, 0x6f, 0x70, 0x65,
   0x6e, 0x2d, 0x68, 0x6f, 0x6c, 0x64, 0x2d, 0x6f, 0x72, 0x69, 0x65, 0x6e, 0x74, 0x61, 0x74, 0x69,
   0x6f, 0x6e, 0x2f, 0x65, 0x61, 0x63, 0x63, 0x2d, 0x61, 0x6e, 0x67, 0x2d, 0x78, 0x2a, 0x90, 0x01,
   0x08, 0x88, 0x18, 0x12, 0x25, 0x65, 0x61, 0x63, 0x63, 0x5f, 0x63, 0x74, 0x72, 0x6c, 0x5f, 0x6f,
   0x70, 0x65, 0x6e, 0x5f, 0x68, 0x6f, 0x6c, 0x64, 0x5f, 0x6f, 0x72, 0x69, 0x65, 0x6e, 0x74, 0x61,
   0x74, 0x69, 0x6f, 0x6e, 0x5f, 0x61, 0x6e, 0x67, 0x5f, 0x79, 0x1a, 0x64, 0x68, 0x74, 0x74, 0x70,
   0x73, 0x3a, 0x2f, 0x2f, 0x73, 0x65, 0x63, 0x6f, 0x72, 0x6f, 0x6c, 0x61, 0x62, 0x2e, 0x67, 0x69,
   0x74, 0x68, 0x75, 0x62, 0x2e, 0x69, 0x6f, 0x2f, 0x6d, 0x6f, 0x64, 0x65, 0x6c, 0x73, 0x2f, 0x72,
   0x65, 0x61, 0x6c, 0x2d, 0x64, 0x65, 0x6d, 0x6f, 0x2d, 0x68, 0x6f, 0x6c, 0x64, 0x2f, 0x68, 0x61,
   0x6e, 0x64, 0x6c, 0x65, 0x72, 0x2d, 0x6f, 0x70, 0x65, 0x6e, 0x2f, 0x63, 0x74, 0x72, 0x6c, 0x2d,
   0x6f, 0x70, 0x65, 0x6e, 0x2d, 0x68, 0x6f, 0x6c, 0x64, 0x2d, 0x6f, 0x72, 0x69, 0x65, 0x6e, 0x74,
   0x61, 0x74, 0x69, 0x6f, 0x6e, 0x2f, 0x65, 0x61, 0x63, 0x63, 0x2d, 0x61, 0x6e, 0x67, 0x2d, 0x79,
   0x2a, 0x90, 0x01, 0x08, 0x89, 0x18, 0x12, 0x25, 0x65, 0x61, 0x63, 0x63, 0x5f, 0x63, 0x74, 0x72,
   0x6c, 0x5f, 0x6f, 0x70, 0x65, 0x6e, 0x5f, 0x68, 0x6f, 0x6c, 0x64, 0x5f, 0x6f, 0x72, 0x69, 0x65,
   0x6e, 0x74, 0x61, 0x74, 0x69, 0x6f, 0x6e, 0x5f, 0x61, 0x6e, 0x67, 0x5f, 0x7a, 0x1a, 0x64, 0x68,
   0x74, 0x74, 0x70, 0x73, 0x3a, 0x2f, 0x2f, 0x73, 0x65, 0x63, 0x6f, 0x72, 0x6f, 0x6c, 0x61, 0x62,
   0x2e, 0x67, 0x69, 0x74, 0x68, 0x75, 0x62, 0x2e, 0x69, 0x6f, 0x2f, 0x6d, 0x6f, 0x64, 0x65, 0x6c,
   0x73, 0x2f, 0x72, 0x65, 0x61, 0x6c, 0x2d, 0x64, 0x65, 0x6d, 0x6f, 0x2d, 0x68, 0x6f, 0x6c, 0x64,
   0x2f, 0x68, 0x61, 0x6e, 0x64, 0x6c, 0x65, 0x72, 0x2d, 0x6f, 0x70, 0x65, 0x6e, 0x2f, 0x63, 0x74,
   0x72, 0x6c, 0x2d, 0x6f, 0x70, 0x65, 0x6e, 0x2d, 0x68, 0x6f, 0x6c, 0x64, 0x2d, 0x6f, 0x72, 0x69,
   0x65, 0x6e, 0x74, 0x61, 0x74, 0x69, 0x6f, 0x6e, 0x2f, 0x65, 0x61, 0x63, 0x63, 0x2d, 0x61, 0x6e,
   0x67, 0x2d, 0x7a, 0x2a, 0x8a, 0x01, 0x08, 0x8a, 0x18, 0x12, 0x22, 0x65, 0x61, 0x63, 0x63, 0x5f,
   0x63, 0x74, 0x72, 0x6c, 0x5f, 0x6f, 0x70, 0x65, 0x6e, 0x5f, 0x68, 0x6f, 0x6c, 0x64, 0x5f, 0x70,
   0x6f, 0x73, 0x69, 0x74, 0x69, 0x6f, 0x6e, 0x5f, 0x6c, 0x69, 0x6e, 0x5f, 0x78, 0x1a, 0x61, 0x68,
   0x74, 0x74, 0x70, 0x73, 0x3a, 0x2f, 0x2f, 0x73, 0x65, 0x63, 0x6f, 0x72, 0x6f, 0x6c, 0x61, 0x62,
   0x2e, 0x67, 0x69, 0x74, 0x68, 0x75, 0x62, 0x2e, 0x69, 0x6f, 0x2f, 0x6d, 0x6f, 0x64, 0x65, 0x6c,
   0x73, 0x2f, 0x72, 0x65, 0x61, 0x6c, 0x2d, 0x64, 0x65, 0x6d, 0x6f, 0x2d, 0x68, 0x6f, 0x6c, 0x64,
   0x2f, 0x68, 0x61, 0x6e, 0x64, 0x6c, 0x65, 0x72, 0x2d, 0x6f, 0x70, 0x65, 0x6e, 0x2f, 0x63, 0x74,
   0x72, 0x6c, 0x2d, 0x6f, 0x70, 0x65, 0x6e, 0x2d, 0x68, 0x6f, 0x6c, 0x64, 0x2d, 0x70, 0x6f, 0x73,
   0x69, 0x74, 0x69, 0x6f, 0x6e, 0x2f, 0x65, 0x61, 0x63, 0x63, 0x2d, 0x6c, 0x69, 0x6e, 0x2d, 0x78,
   0x2a, 0x8a, 0x01, 0x08, 0x8b, 0x18, 0x12, 0x22, 0x65, 0x61, 0x63, 0x63, 0x5f, 0x63, 0x74, 0x72,
   0x6c, 0x5f, 0x6f, 0x70, 0x65, 0x6e, 0x5f, 0x68, 0x6f, 0x6c, 0x64, 0x5f, 0x70, 0x6f, 0x73, 0x69,
   0x74, 0x69, 0x6f, 0x6e, 0x5f, 0x6c, 0x69, 0x6e, 0x5f, 0x79, 0x1a, 0x61, 0x68, 0x74, 0x74, 0x70,
   0x73, 0x3a, 0x2f, 0x2f, 0x73, 0x65, 0x63, 0x6f, 0x72, 0x6f, 0x6c, 0x61, 0x62, 0x2e, 0x67, 0x69,
   0x74, 0x68, 0x75, 0x62, 0x2e, 0x69, 0x6f, 0x2f, 0x6d, 0x6f, 0x64, 0x65, 0x6c, 0x73, 0x2f, 0x72,
   0x65, 0x61, 0x6c, 0x2d, 0x64, 0x65, 0x6d, 0x6f, 0x2d, 0x68, 0x6f, 0x6c, 0x64, 0x2f, 0x68, 0x61,
   0x6e, 0x64, 0x6c, 0x65, 0x72, 0x2d, 0x6f, 0x70, 0x65, 0x6e, 0x2f, 0x63, 0x74, 0x72, 0x6c, 0x2d,
   0x6f, 0x70, 0x65, 0x6e, 0x2d, 0x68, 0x6f, 0x6c, 0x64, 0x2d, 0x70, 0x6f, 0x73, 0x69, 0x74, 0x69,
   0x6f, 0x6e, 0x2f, 0x65, 0x61, 0x63, 0x63, 0x2d, 0x6c, 0x69, 0x6e, 0x2d, 0x79, 0x2a, 0x8a, 0x01,
   0x08, 0x8c, 0x18, 0x12, 0x22, 0x65, 0x61, 0x63, 0x63, 0x5f, 0x63, 0x74, 0x72, 0x6c, 0x5f, 0x6f,
   0x70, 0x65, 0x6e, 0x5f, 0x68, 0x6f, 0x6c, 0x64, 0x5f, 0x70, 0x6f, 0x73, 0x69, 0x74, 0x69, 0x6f,
   0x6e, 0x5f, 0x6c, 0x69, 0x6e, 0x5f, 0x7a, 0x1a, 0x61, 0x68, 0x74, 0x74, 0x70, 0x73, 0x3a, 0x2f,
   0x2f, 0x73, 0x65, 0x63, 0x6f, 0x72, 0x6f, 0x6c, 0x61, 0x62, 0x2e, 0x67, 0x69, 0x74, 0x68, 0x75,
   0x62, 0x2e, 0x69, 0x6f, 0x2f, 0x6d, 0x6f, 0x64, 0x65, 0x6c, 0x73, 0x2f, 0x72, 0x65, 0x61, 0x6c,
   0x2d, 0x64, 0x65, 0x6d, 0x6f, 0x2d, 0x68, 0x6f, 0x6c, 0x64, 0x2f, 0x68, 0x61, 0x6e, 0x64, 0x6c,
   0x65, 0x72, 0x2d, 0x6f, 0x70, 0x65, 0x6e, 0x2f, 0x63, 0x74, 0x72, 0x6c, 0x2d, 0x6f, 0x70, 0x65,
   0x6e, 0x2d, 0x68, 0x6f, 0x6c, 0x64, 0x2d, 0x70, 0x6f, 0x73, 0x69, 0x74, 0x69, 0x6f, 0x6e, 0x2f,
   0x65, 0x61, 0x63, 0x63, 0x2d, 0x6c, 0x69, 0x6e, 0x2d, 0x7a, 0x2a, 0x79, 0x08, 0x8d, 0x18, 0x12,
   0x20, 0x65, 0x76, 0x61, 0x6c, 0x5f, 0x68, 0x6f, 0x6c, 0x64, 0x5f, 0x63, 0x6c, 0x6f, 0x73, 0x65,
   0x5f, 0x75, 0x6e, 0x74, 0x69, 0x6c, 0x5f, 0x63, 0x6c, 0x6f, 0x73, 0x65, 0x64, 0x5f, 0x65, 0x72,
   0x72, 0x1a, 0x52, 0x68, 0x74, 0x74, 0x70, 0x73, 0x3a, 0x2f, 0x2f, 0x73, 0x65, 0x63, 0x6f, 0x72,
   0x6f, 0x6c, 0x61, 0x62, 0x2e, 0x67, 0x69, 0x74, 0x68, 0x75, 0x62, 0x2e, 0x69, 0x6f, 0x2f, 0x6d,
   0x6f, 0x64, 0x65, 0x6c, 0x73, 0x2f, 0x72, 0x65, 0x61, 0x6c, 0x2d, 0x64, 0x65, 0x6d, 0x6f, 0x2d,
   0x68, 0x6f, 0x6c, 0x64, 0x2f, 0x65, 0x76, 0x61, 0x6c, 0x2d, 0x68, 0x6f, 0x6c, 0x64, 0x2d, 0x63,
   0x6c, 0x6f, 0x73, 0x65, 0x2d, 0x75, 0x6e, 0x74, 0x69, 0x6c, 0x2d, 0x63, 0x6c, 0x6f, 0x73, 0x65,
   0x64, 0x2d, 0x65, 0x72, 0x72, 0x2a, 0x77, 0x08, 0x8e, 0x18, 0x12, 0x1f, 0x65, 0x76, 0x61, 0x6c,
   0x5f, 0x68, 0x6f, 0x6c, 0x64, 0x5f, 0x6f, 0x70, 0x65, 0x6e, 0x5f, 0x75, 0x6e, 0x74, 0x69, 0x6c,
   0x5f, 0x6f, 0x70, 0x65, 0x6e, 0x65, 0x64, 0x5f, 0x65, 0x72, 0x72, 0x1a, 0x51, 0x68, 0x74, 0x74,
   0x70, 0x73, 0x3a, 0x2f, 0x2f, 0x73, 0x65, 0x63, 0x6f, 0x72, 0x6f, 0x6c, 0x61, 0x62, 0x2e, 0x67,
   0x69, 0x74, 0x68, 0x75, 0x62, 0x2e, 0x69, 0x6f, 0x2f, 0x6d, 0x6f, 0x64, 0x65, 0x6c, 0x73, 0x2f,
   0x72, 0x65, 0x61, 0x6c, 0x2d, 0x64, 0x65, 0x6d, 0x6f, 0x2d, 0x68, 0x6f, 0x6c, 0x64, 0x2f, 0x65,
   0x76, 0x61, 0x6c, 0x2d, 0x68, 0x6f, 0x6c, 0x64, 0x2d, 0x6f, 0x70, 0x65, 0x6e, 0x2d, 0x75, 0x6e,
   0x74, 0x69, 0x6c, 0x2d, 0x6f, 0x70, 0x65, 0x6e, 0x65, 0x64, 0x2d, 0x65, 0x72, 0x72, 0x2a, 0x5c,
   0x08, 0x8f, 0x18, 0x12, 0x0b, 0x67, 0x72, 0x69, 0x70, 0x70, 0x65, 0x72, 0x5f, 0x70, 0x6f, 0x73,
   0x1a, 0x4a, 0x68, 0x74, 0x74, 0x70, 0x73, 0x3a, 0x2f, 0x2f, 0x73, 0x65, 0x63, 0x6f, 0x72, 0x6f,
   0x6c, 0x61, 0x62, 0x2e, 0x67, 0x69, 0x74, 0x68, 0x75, 0x62, 0x2e, 0x69, 0x6f, 0x2f, 0x6d, 0x6f,
   0x64, 0x65, 0x6c, 0x73, 0x2f, 0x72, 0x65, 0x61, 0x6c, 0x2d, 0x64, 0x65, 0x6d, 0x6f, 0x2d, 0x68,
   0x6f, 0x6c, 0x64, 0x2f, 0x73, 0x68, 0x61, 0x72, 0x65, 0x64, 0x2f, 0x77, 0x6f, 0x72, 0x6c, 0x64,
   0x2f, 0x67, 0x72, 0x69, 0x70, 0x70, 0x65, 0x72, 0x2d, 0x70, 0x6f, 0x73, 0x2a, 0x6d, 0x08, 0x90,
   0x18, 0x12, 0x1a, 0x67, 0x72, 0x69, 0x70, 0x70, 0x65, 0x72, 0x5f, 0x70, 0x6f, 0x73, 0x5f, 0x65,
   0x72, 0x72, 0x5f, 0x68, 0x6f, 0x6c, 0x64, 0x5f, 0x63, 0x6c, 0x6f, 0x73, 0x65, 0x1a, 0x4c, 0x68,
   0x74, 0x74, 0x70, 0x73, 0x3a, 0x2f, 0x2f, 0x73, 0x65, 0x63, 0x6f, 0x72, 0x6f, 0x6c, 0x61, 0x62,
   0x2e, 0x67, 0x69, 0x74, 0x68, 0x75, 0x62, 0x2e, 0x69, 0x6f, 0x2f, 0x6d, 0x6f, 0x64, 0x65, 0x6c,
   0x73, 0x2f, 0x72, 0x65, 0x61, 0x6c, 0x2d, 0x64, 0x65, 0x6d, 0x6f, 0x2d, 0x68, 0x6f, 0x6c, 0x64,
   0x2f, 0x67, 0x72, 0x69, 0x70, 0x70, 0x65, 0x72, 0x2d, 0x70, 0x6f, 0x73, 0x2d, 0x65, 0x72, 0x72,
   0x2d, 0x68, 0x6f, 0x6c, 0x64, 0x2d, 0x63, 0x6c, 0x6f, 0x73, 0x65, 0x2a, 0x6b, 0x08, 0x91, 0x18,
   0x12, 0x19, 0x67, 0x72, 0x69, 0x70, 0x70, 0x65, 0x72, 0x5f, 0x70, 0x6f, 0x73, 0x5f, 0x65, 0x72,
   0x72, 0x5f, 0x68, 0x6f, 0x6c, 0x64, 0x5f, 0x6f, 0x70, 0x65, 0x6e, 0x1a, 0x4b, 0x68, 0x74, 0x74,
   0x70, 0x73, 0x3a, 0x2f, 0x2f, 0x73, 0x65, 0x63, 0x6f, 0x72, 0x6f, 0x6c, 0x61, 0x62, 0x2e, 0x67,
   0x69, 0x74, 0x68, 0x75, 0x62, 0x2e, 0x69, 0x6f, 0x2f, 0x6d, 0x6f, 0x64, 0x65, 0x6c, 0x73, 0x2f,
   0x72, 0x65, 0x61, 0x6c, 0x2d, 0x64, 0x65, 0x6d, 0x6f, 0x2d, 0x68, 0x6f, 0x6c, 0x64, 0x2f, 0x67,
   0x72, 0x69, 0x70, 0x70, 0x65, 0x72, 0x2d, 0x70, 0x6f, 0x73, 0x2d, 0x65, 0x72, 0x72, 0x2d, 0x68,
   0x6f, 0x6c, 0x64, 0x2d, 0x6f, 0x70, 0x65, 0x6e, 0x2a, 0x8f, 0x01, 0x08, 0x92, 0x18, 0x12, 0x29,
   0x70, 0x6f, 0x73, 0x65, 0x5f, 0x64, 0x69, 0x66, 0x66, 0x5f, 0x63, 0x74, 0x72, 0x6c, 0x5f, 0x68,
   0x6f, 0x6c, 0x64, 0x5f, 0x6f, 0x72, 0x69, 0x65, 0x6e, 0x74, 0x61, 0x74, 0x69, 0x6f, 0x6e, 0x2e,
   0x61, 0x6e, 0x67, 0x75, 0x6c, 0x61, 0x72, 0x2e, 0x78, 0x1a, 0x5f, 0x68, 0x74, 0x74, 0x70, 0x73,
   0x3a, 0x2f, 0x2f, 0x73, 0x65, 0x63, 0x6f, 0x72, 0x6f, 0x6c, 0x61, 0x62, 0x2e, 0x67, 0x69, 0x74,
   0x68, 0x75, 0x62, 0x2e, 0x69, 0x6f, 0x2f, 0x6d, 0x6f, 0x64, 0x65, 0x6c, 0x73, 0x2f, 0x72, 0x65,
   0x61, 0x6c, 0x2d, 0x64, 0x65, 0x6d, 0x6f, 0x2d, 0x68, 0x6f, 0x6c, 0x64, 0x2f, 0x68, 0x61, 0x6e,
   0x64, 0x6c, 0x65, 0x72, 0x2d, 0x63, 0x6c, 0x6f, 0x73, 0x65, 0x2f, 0x63, 0x74, 0x72, 0x6c, 0x2d,
   0x68, 0x6f, 0x6c, 0x64, 0x2d, 0x6f, 0x72, 0x69, 0x65, 0x6e, 0x74, 0x61, 0x74, 0x69, 0x6f, 0x6e,
   0x2f, 0x70, 0x6f, 0x73, 0x65, 0x2d, 0x64, 0x69, 0x66, 0x66, 0x2a, 0x8f, 0x01, 0x08, 0x93, 0x18,
   0x12, 0x29, 0x70, 0x6f, 0x73, 0x65, 0x5f, 0x64, 0x69, 0x66, 0x66, 0x5f, 0x63, 0x74, 0x72, 0x6c,
   0x5f, 0x68, 0x6f, 0x6c, 0x64, 0x5f, 0x6f, 0x72, 0x69, 0x65, 0x6e, 0x74, 0x61, 0x74, 0x69, 0x6f,
   0x6e, 0x2e, 0x61, 0x6e, 0x67, 0x75, 0x6c, 0x61, 0x72, 0x2e, 0x79, 0x1a, 0x5f, 0x68, 0x74, 0x74,
   0x70, 0x73, 0x3a, 0x2f, 0x2f, 0x73, 0x65, 0x63, 0x6f, 0x72, 0x6f, 0x6c, 0x61, 0x62, 0x2e, 0x67,
   0x69, 0x74, 0x68, 0x75, 0x62, 0x2e, 0x69, 0x6f, 0x2f, 0x6d, 0x6f, 0x64, 0x65, 0x6c, 0x73, 0x2f,
   0x72, 0x65, 0x61, 0x6c, 0x2d, 0x64, 0x65, 0x6d, 0x6f, 0x2d, 0x68, 0x6f, 0x6c, 0x64, 0x2f, 0x68,
   0x61, 0x6e, 0x64, 0x6c, 0x65, 0x72, 0x2d, 0x63, 0x6c, 0x6f, 0x73, 0x65, 0x2f, 0x63, 0x74, 0x72,
   0x6c, 0x2d, 0x68, 0x6f, 0x6c, 0x64, 0x2d, 0x6f, 0x72, 0x69, 0x65, 0x6e, 0x74, 0x61, 0x74, 0x69,
   0x6f, 0x6e, 0x2f, 0x70, 0x6f, 0x73, 0x65, 0x2d, 0x64, 0x69, 0x66, 0x66, 0x2a, 0x8f, 0x01, 0x08,
   0x94, 0x18, 0x12, 0x29, 0x70, 0x6f, 0x73, 0x65, 0x5f, 0x64, 0x69, 0x66, 0x66, 0x5f, 0x63, 0x74,
   0x72, 0x6c, 0x5f, 0x68, 0x6f, 0x6c, 0x64, 0x5f, 0x6f, 0x72, 0x69, 0x65, 0x6e, 0x74, 0x61, 0x74,
   0x69, 0x6f, 0x6e, 0x2e, 0x61, 0x6e, 0x67, 0x75, 0x6c, 0x61, 0x72, 0x2e, 0x7a, 0x1a, 0x5f, 0x68,
   0x74, 0x74, 0x70, 0x73, 0x3a, 0x2f, 0x2f, 0x73, 0x65, 0x63, 0x6f, 0x72, 0x6f, 0x6c, 0x61, 0x62,
   0x2e, 0x67, 0x69, 0x74, 0x68, 0x75, 0x62, 0x2e, 0x69, 0x6f, 0x2f, 0x6d, 0x6f, 0x64, 0x65, 0x6c,
   0x73, 0x2f, 0x72, 0x65, 0x61, 0x6c, 0x2d, 0x64, 0x65, 0x6d, 0x6f, 0x2d, 0x68, 0x6f, 0x6c, 0x64,
   0x2f, 0x68, 0x61, 0x6e, 0x64, 0x6c, 0x65, 0x72, 0x2d, 0x63, 0x6c, 0x6f, 0x73, 0x65, 0x2f, 0x63,
   0x74, 0x72, 0x6c, 0x2d, 0x68, 0x6f, 0x6c, 0x64, 0x2d, 0x6f, 0x72, 0x69, 0x65, 0x6e, 0x74, 0x61,
   0x74, 0x69, 0x6f, 0x6e, 0x2f, 0x70, 0x6f, 0x73, 0x65, 0x2d, 0x64, 0x69, 0x66, 0x66, 0x2a, 0x8e,
   0x01, 0x08, 0x95, 0x18, 0x12, 0x28, 0x70, 0x6f, 0x73, 0x65, 0x5f, 0x64, 0x69, 0x66, 0x66, 0x5f,
   0x63, 0x74, 0x72, 0x6c, 0x5f, 0x68, 0x6f, 0x6c, 0x64, 0x5f, 0x6f, 0x72, 0x69, 0x65, 0x6e, 0x74,
   0x61, 0x74, 0x69, 0x6f, 0x6e, 0x2e, 0x6c, 0x69, 0x6e, 0x65, 0x61, 0x72, 0x2e, 0x78, 0x1a, 0x5f,
   0x68, 0x74, 0x74, 0x70, 0x73, 0x3a, 0x2f, 0x2f, 0x73, 0x65, 0x63, 0x6f, 0x72, 0x6f, 0x6c, 0x61,
   0x62, 0x2e, 0x67, 0x69, 0x74, 0x68, 0x75, 0x62, 0x2e, 0x69, 0x6f, 0x2f, 0x6d, 0x6f, 0x64, 0x65,
   0x6c, 0x73, 0x2f, 0x72, 0x65, 0x61, 0x6c, 0x2d, 0x64, 0x65, 0x6d, 0x6f, 0x2d, 0x68, 0x6f, 0x6c,
   0x64, 0x2f, 0x68, 0x61, 0x6e, 0x64, 0x6c, 0x65, 0x72, 0x2d, 0x63, 0x6c, 0x6f, 0x73, 0x65, 0x2f,
   0x63, 0x74, 0x72, 0x6c, 0x2d, 0x68, 0x6f, 0x6c, 0x64, 0x2d, 0x6f, 0x72, 0x69, 0x65, 0x6e, 0x74,
   0x61, 0x74, 0x69, 0x6f, 0x6e, 0x2f, 0x70, 0x6f, 0x73, 0x65, 0x2d, 0x64, 0x69, 0x66, 0x66, 0x2a,
   0x8e, 0x01, 0x08, 0x96, 0x18, 0x12, 0x28, 0x70, 0x6f, 0x73, 0x65, 0x5f, 0x64, 0x69, 0x66, 0x66,
   0x5f, 0x63, 0x74, 0x72, 0x6c, 0x5f, 0x68, 0x6f, 0x6c, 0x64, 0x5f, 0x6f, 0x72, 0x69, 0x65, 0x6e,
   0x74, 0x61, 0x74, 0x69, 0x6f, 0x6e, 0x2e, 0x6c, 0x69, 0x6e, 0x65, 0x61, 0x72, 0x2e, 0x79, 0x1a,
   0x5f, 0x68, 0x74, 0x74, 0x70, 0x73, 0x3a, 0x2f, 0x2f, 0x73, 0x65, 0x63, 0x6f, 0x72, 0x6f, 0x6c,
   0x61, 0x62, 0x2e, 0x67, 0x69, 0x74, 0x68, 0x75, 0x62, 0x2e, 0x69, 0x6f, 0x2f, 0x6d, 0x6f, 0x64,
   0x65, 0x6c, 0x73, 0x2f, 0x72, 0x65, 0x61, 0x6c, 0x2d, 0x64, 0x65, 0x6d, 0x6f, 0x2d, 0x68, 0x6f,
   0x6c, 0x64, 0x2f, 0x68, 0x61, 0x6e, 0x64, 0x6c, 0x65, 0x72, 0x2d, 0x63, 0x6c, 0x6f, 0x73, 0x65,
   0x2f, 0x63, 0x74, 0x72, 0x6c, 0x2d, 0x68, 0x6f, 0x6c, 0x64, 0x2d, 0x6f, 0x72, 0x69, 0x65, 0x6e,
   0x74, 0x61, 0x74, 0x69, 0x6f, 0x6e, 0x2f, 0x70, 0x6f, 0x73, 0x65, 0x2d, 0x64, 0x69, 0x66, 0x66,
   0x2a, 0x8e, 0x01, 0x08, 0x97, 0x18, 0x12, 0x28, 0x70, 0x6f, 0x73, 0x65, 0x5f, 0x64, 0x69, 0x66,
   0x66, 0x5f, 0x63, 0x74, 0x72, 0x6c, 0x5f, 0x68, 0x6f, 0x6c, 0x64, 0x5f, 0x6f, 0x72, 0x69, 0x65,
   0x6e, 0x74, 0x61, 0x74, 0x69, 0x6f, 0x6e, 0x2e, 0x6c, 0x69, 0x6e, 0x65, 0x61, 0x72, 0x2e, 0x7a,
   0x1a, 0x5f, 0x68, 0x74, 0x74, 0x70, 0x73, 0x3a, 0x2f, 0x2f, 0x73, 0x65, 0x63, 0x6f, 0x72, 0x6f,
   0x6c, 0x61, 0x62, 0x2e, 0x67, 0x69, 0x74, 0x68, 0x75, 0x62, 0x2e, 0x69, 0x6f, 0x2f, 0x6d, 0x6f,
   0x64, 0x65, 0x6c, 0x73, 0x2f, 0x72, 0x65, 0x61, 0x6c, 0x2d, 0x64, 0x65, 0x6d, 0x6f, 0x2d, 0x68,
   0x6f, 0x6c, 0x64, 0x2f, 0x68, 0x61, 0x6e, 0x64, 0x6c, 0x65, 0x72, 0x2d, 0x63, 0x6c, 0x6f, 0x73,
   0x65, 0x2f, 0x63, 0x74, 0x72, 0x6c, 0x2d, 0x68, 0x6f, 0x6c, 0x64, 0x2d, 0x6f, 0x72, 0x69, 0x65,
   0x6e, 0x74, 0x61, 0x74, 0x69, 0x6f, 0x6e, 0x2f, 0x70, 0x6f, 0x73, 0x65, 0x2d, 0x64, 0x69, 0x66,
   0x66, 0x2a, 0x89, 0x01, 0x08, 0x98, 0x18, 0x12, 0x26, 0x70, 0x6f, 0x73, 0x65, 0x5f, 0x64, 0x69,
   0x66, 0x66, 0x5f, 0x63, 0x74, 0x72, 0x6c, 0x5f, 0x68, 0x6f, 0x6c, 0x64, 0x5f, 0x70, 0x6f, 0x73,
   0x69, 0x74, 0x69, 0x6f, 0x6e, 0x2e, 0x61, 0x6e, 0x67, 0x75, 0x6c, 0x61, 0x72, 0x2e, 0x78, 0x1a,
   0x5c, 0x68, 0x74, 0x74, 0x70, 0x73, 0x3a, 0x2f, 0x2f, 0x73, 0x65, 0x63, 0x6f, 0x72, 0x6f, 0x6c,
   0x61, 0x62, 0x2e, 0x67, 0x69, 0x74, 0x68, 0x75, 0x62, 0x2e, 0x69, 0x6f, 0x2f, 0x6d, 0x6f, 0x64,
   0x65, 0x6c, 0x73, 0x2f, 0x72, 0x65, 0x61, 0x6c, 0x2d, 0x64, 0x65, 0x6d, 0x6f, 0x2d, 0x68, 0x6f,
   0x6c, 0x64, 0x2f, 0x68, 0x61, 0x6e, 0x64, 0x6c, 0x65, 0x72, 0x2d, 0x63, 0x6c, 0x6f, 0x73, 0x65,
   0x2f, 0x63, 0x74, 0x72, 0x6c, 0x2d, 0x68, 0x6f, 0x6c, 0x64, 0x2d, 0x70, 0x6f, 0x73, 0x69, 0x74,
   0x69, 0x6f, 0x6e, 0x2f, 0x70, 0x6f, 0x73, 0x65, 0x2d, 0x64, 0x69, 0x66, 0x66, 0x2a, 0x89, 0x01,
   0x08, 0x99, 0x18, 0x12, 0x26, 0x70, 0x6f, 0x73, 0x65, 0x5f, 0x64, 0x69, 0x66, 0x66, 0x5f, 0x63,
   0x74, 0x72, 0x6c, 0x5f, 0x68, 0x6f, 0x6c, 0x64, 0x5f, 0x70, 0x6f, 0x73, 0x69, 0x74, 0x69, 0x6f,
   0x6e, 0x2e, 0x61, 0x6e, 0x67, 0x75, 0x6c, 0x61, 0x72, 0x2e, 0x79, 0x1a, 0x5c, 0x68, 0x74, 0x74,
   0x70, 0x73, 0x3a, 0x2f, 0x2f, 0x73, 0x65, 0x63, 0x6f, 0x72, 0x6f, 0x6c, 0x61, 0x62, 0x2e, 0x67,
   0x69, 0x74, 0x68, 0x75, 0x62, 0x2e, 0x69, 0x6f, 0x2f, 0x6d, 0x6f, 0x64, 0x65, 0x6c, 0x73, 0x2f,
   0x72, 0x65, 0x61, 0x6c, 0x2d, 0x64, 0x65, 0x6d, 0x6f, 0x2d, 0x68, 0x6f, 0x6c, 0x64, 0x2f, 0x68,
   0x61, 0x6e, 0x64, 0x6c, 0x65, 0x72, 0x2d, 0x63, 0x6c, 0x6f, 0x73, 0x65, 0x2f, 0x63, 0x74, 0x72,
   0x6c, 0x2d, 0x68, 0x6f, 0x6c, 0x64, 0x2d, 0x70, 0x6f, 0x73, 0x69, 0x74, 0x69, 0x6f, 0x6e, 0x2f,
   0x70, 0x6f, 0x73, 0x65, 0x2d, 0x64, 0x69, 0x66, 0x66, 0x2a, 0x89, 0x01, 0x08, 0x9a, 0x18, 0x12,
   0x26, 0x70, 0x6f, 0x73, 0x65, 0x5f, 0x64, 0x69, 0x66, 0x66, 0x5f, 0x63, 0x74, 0x72, 0x6c, 0x5f,
   0x68, 0x6f, 0x6c, 0x64, 0x5f, 0x70, 0x6f, 0x73, 0x69, 0x74, 0x69, 0x6f, 0x6e, 0x2e, 0x61, 0x6e,
   0x67, 0x75, 0x6c, 0x61, 0x72, 0x2e, 0x7a, 0x1a, 0x5c, 0x68, 0x74, 0x74, 0x70, 0x73, 0x3a, 0x2f,
   0x2f, 0x73, 0x65, 0x63, 0x6f, 0x72, 0x6f, 0x6c, 0x61, 0x62, 0x2e, 0x67, 0x69, 0x74, 0x68, 0x75,
   0x62, 0x2e, 0x69, 0x6f, 0x2f, 0x6d, 0x6f, 0x64, 0x65, 0x6c, 0x73, 0x2f, 0x72, 0x65, 0x61, 0x6c,
   0x2d, 0x64, 0x65, 0x6d, 0x6f, 0x2d, 0x68, 0x6f, 0x6c, 0x64, 0x2f, 0x68, 0x61, 0x6e, 0x64, 0x6c,
   0x65, 0x72, 0x2d, 0x63, 0x6c, 0x6f, 0x73, 0x65, 0x2f, 0x63, 0x74, 0x72, 0x6c, 0x2d, 0x68, 0x6f,
   0x6c, 0x64, 0x2d, 0x70, 0x6f, 0x73, 0x69, 0x74, 0x69, 0x6f, 0x6e, 0x2f, 0x70, 0x6f, 0x73, 0x65,
   0x2d, 0x64, 0x69, 0x66, 0x66, 0x2a, 0x88, 0x01, 0x08, 0x9b, 0x18, 0x12, 0x25, 0x70, 0x6f, 0x73,
   0x65, 0x5f, 0x64, 0x69, 0x66, 0x66, 0x5f, 0x63, 0x74, 0x72, 0x6c, 0x5f, 0x68, 0x6f, 0x6c, 0x64,
   0x5f, 0x70, 0x6f, 0x73, 0x69, 0x74, 0x69, 0x6f, 0x6e, 0x2e, 0x6c, 0x69, 0x6e, 0x65, 0x61, 0x72,
   0x2e, 0x78, 0x1a, 0x5c, 0x68, 0x74, 0x74, 0x70, 0x73, 0x3a, 0x2f, 0x2f, 0x73, 0x65, 0x63, 0x6f,
   0x72, 0x6f, 0x6c, 0x61, 0x62, 0x2e, 0x67, 0x69, 0x74, 0x68, 0x75, 0x62, 0x2e, 0x69, 0x6f, 0x2f,
   0x6d, 0x6f, 0x64, 0x65, 0x6c, 0x73, 0x2f, 0x72, 0x65, 0x61, 0x6c, 0x2d, 0x64, 0x65, 0x6d, 0x6f,
   0x2d, 0x68, 0x6f, 0x6c, 0x64, 0x2f, 0x68, 0x61, 0x6e, 0x64, 0x6c, 0x65, 0x72, 0x2d, 0x63, 0x6c,
   0x6f, 0x73, 0x65, 0x2f, 0x63, 0x74, 0x72, 0x6c, 0x2d, 0x68, 0x6f, 0x6c, 0x64, 0x2d, 0x70, 0x6f,
   0x73, 0x69, 0x74, 0x69, 0x6f, 0x6e, 0x2f, 0x70, 0x6f, 0x73, 0x65, 0x2d, 0x64, 0x69, 0x66, 0x66,
   0x2a, 0x88, 0x01, 0x08, 0x9c, 0x18, 0x12, 0x25, 0x70, 0x6f, 0x73, 0x65, 0x5f, 0x64, 0x69, 0x66,
   0x66, 0x5f, 0x63, 0x74, 0x72, 0x6c, 0x5f, 0x68, 0x6f, 0x6c, 0x64, 0x5f, 0x70, 0x6f, 0x73, 0x69,
   0x74, 0x69, 0x6f, 0x6e, 0x2e, 0x6c, 0x69, 0x6e, 0x65, 0x61, 0x72, 0x2e, 0x79, 0x1a, 0x5c, 0x68,
   0x74, 0x74, 0x70, 0x73, 0x3a, 0x2f, 0x2f, 0x73, 0x65, 0x63, 0x6f, 0x72, 0x6f, 0x6c, 0x61, 0x62,
   0x2e, 0x67, 0x69, 0x74, 0x68, 0x75, 0x62, 0x2e, 0x69, 0x6f, 0x2f, 0x6d, 0x6f, 0x64, 0x65, 0x6c,
   0x73, 0x2f, 0x72, 0x65, 0x61, 0x6c, 0x2d, 0x64, 0x65, 0x6d, 0x6f, 0x2d, 0x68, 0x6f, 0x6c, 0x64,
   0x2f, 0x68, 0x61, 0x6e, 0x64, 0x6c, 0x65, 0x72, 0x2d, 0x63, 0x6c, 0x6f, 0x73, 0x65, 0x2f, 0x63,
   0x74, 0x72, 0x6c, 0x2d, 0x68, 0x6f, 0x6c, 0x64, 0x2d, 0x70, 0x6f, 0x73, 0x69, 0x74, 0x69, 0x6f,
   0x6e, 0x2f, 0x70, 0x6f, 0x73, 0x65, 0x2d, 0x64, 0x69, 0x66, 0x66, 0x2a, 0x88, 0x01, 0x08, 0x9d,
   0x18, 0x12, 0x25, 0x70, 0x6f, 0x73, 0x65, 0x5f, 0x64, 0x69, 0x66, 0x66, 0x5f, 0x63, 0x74, 0x72,
   0x6c, 0x5f, 0x68, 0x6f, 0x6c, 0x64, 0x5f, 0x70, 0x6f, 0x73, 0x69, 0x74, 0x69, 0x6f, 0x6e, 0x2e,
   0x6c, 0x69, 0x6e, 0x65, 0x61, 0x72, 0x2e, 0x7a, 0x1a, 0x5c, 0x68, 0x74, 0x74, 0x70, 0x73, 0x3a,
   0x2f, 0x2f, 0x73, 0x65, 0x63, 0x6f, 0x72, 0x6f, 0x6c, 0x61, 0x62, 0x2e, 0x67, 0x69, 0x74, 0x68,
   0x75, 0x62, 0x2e, 0x69, 0x6f, 0x2f, 0x6d, 0x6f, 0x64, 0x65, 0x6c, 0x73, 0x2f, 0x72, 0x65, 0x61,
   0x6c, 0x2d, 0x64, 0x65, 0x6d, 0x6f, 0x2d, 0x68, 0x6f, 0x6c, 0x64, 0x2f, 0x68, 0x61, 0x6e, 0x64,
   0x6c, 0x65, 0x72, 0x2d, 0x63, 0x6c, 0x6f, 0x73, 0x65, 0x2f, 0x63, 0x74, 0x72, 0x6c, 0x2d, 0x68,
   0x6f, 0x6c, 0x64, 0x2d, 0x70, 0x6f, 0x73, 0x69, 0x74, 0x69, 0x6f, 0x6e, 0x2f, 0x70, 0x6f, 0x73,
   0x65, 0x2d, 0x64, 0x69, 0x66, 0x66, 0x2a, 0x98, 0x01, 0x08, 0x9e, 0x18, 0x12, 0x2e, 0x70, 0x6f,
   0x73, 0x65, 0x5f, 0x64, 0x69, 0x66, 0x66, 0x5f, 0x63, 0x74, 0x72, 0x6c, 0x5f, 0x6f, 0x70, 0x65,
   0x6e, 0x5f, 0x68, 0x6f, 0x6c, 0x64, 0x5f, 0x6f, 0x72, 0x69, 0x65, 0x6e, 0x74, 0x61, 0x74, 0x69,
   0x6f, 0x6e, 0x2e, 0x61, 0x6e, 0x67, 0x75, 0x6c, 0x61, 0x72, 0x2e, 0x78, 0x1a, 0x63, 0x68, 0x74,
   0x74, 0x70, 0x73, 0x3a, 0x2f, 0x2f, 0x73, 0x65, 0x63, 0x6f, 0x72, 0x6f, 0x6c, 0x61, 0x62, 0x2e,
   0x67, 0x69, 0x74, 0x68, 0x75, 0x62, 0x2e, 0x69, 0x6f, 0x2f, 0x6d, 0x6f, 0x64, 0x65, 0x6c, 0x73,
   0x2f, 0x72, 0x65, 0x61, 0x6c, 0x2d, 0x64, 0x65, 0x6d, 0x6f, 0x2d, 0x68, 0x6f, 0x6c, 0x64, 0x2f,
   0x68, 0x61, 0x6e, 0x64, 0x6c, 0x65, 0x72, 0x2d, 0x6f, 0x70, 0x65, 0x6e, 0x2f, 0x63, 0x74, 0x72,
   0x6c, 0x2d, 0x6f, 0x70, 0x65, 0x6e, 0x2d, 0x68, 0x6f, 0x6c, 0x64, 0x2d, 0x6f, 0x72, 0x69, 0x65,
   0x6e, 0x74, 0x61, 0x74, 0x69, 0x6f, 0x6e, 0x2f, 0x70, 0x6f, 0x73, 0x65, 0x2d, 0x64, 0x69, 0x66,
   0x66, 0x2a, 0x98, 0x01, 0x08, 0x9f, 0x18, 0x12, 0x2e, 0x70, 0x6f, 0x73, 0x65, 0x5f, 0x64, 0x69,
   0x66, 0x66, 0x5f, 0x63, 0x74, 0x72, 0x6c, 0x5f, 0x6f, 0x70, 0x65, 0x6e, 0x5f, 0x68, 0x6f, 0x6c,
   0x64, 0x5f, 0x6f, 0x72, 0x69, 0x65, 0x6e, 0x74, 0x61, 0x74, 0x69, 0x6f, 0x6e, 0x2e, 0x61, 0x6e,
   0x67, 0x75, 0x6c, 0x61, 0x72, 0x2e, 0x79, 0x1a, 0x63, 0x68, 0x74, 0x74, 0x70, 0x73, 0x3a, 0x2f,
   0x2f, 0x73, 0x65, 0x63, 0x6f, 0x72, 0x6f, 0x6c, 0x61, 0x62, 0x2e, 0x67, 0x69, 0x74, 0x68, 0x75,
   0x62, 0x2e, 0x69, 0x6f, 0x2f, 0x6d, 0x6f, 0x64, 0x65, 0x6c, 0x73, 0x2f, 0x72, 0x65, 0x61, 0x6c,
   0x2d, 0x64, 0x65, 0x6d, 0x6f, 0x2d, 0x68, 0x6f, 0x6c, 0x64, 0x2f, 0x68, 0x61, 0x6e, 0x64, 0x6c,
   0x65, 0x72, 0x2d, 0x6f, 0x70, 0x65, 0x6e, 0x2f, 0x63, 0x74, 0x72, 0x6c, 0x2d, 0x6f, 0x70, 0x65,
   0x6e, 0x2d, 0x68, 0x6f, 0x6c, 0x64, 0x2d, 0x6f, 0x72, 0x69, 0x65, 0x6e, 0x74, 0x61, 0x74, 0x69,
   0x6f, 0x6e, 0x2f, 0x70, 0x6f, 0x73, 0x65, 0x2d, 0x64, 0x69, 0x66, 0x66, 0x2a, 0x98, 0x01, 0x08,
   0xa0, 0x18, 0x12, 0x2e, 0x70, 0x6f, 0x73, 0x65, 0x5f, 0x64, 0x69, 0x66, 0x66, 0x5f, 0x63, 0x74,
   0x72, 0x6c, 0x5f, 0x6f, 0x70, 0x65, 0x6e, 0x5f, 0x68, 0x6f, 0x6c, 0x64, 0x5f, 0x6f, 0x72, 0x69,
   0x65, 0x6e, 0x74, 0x61, 0x74, 0x69, 0x6f, 0x6e, 0x2e, 0x61, 0x6e, 0x67, 0x75, 0x6c, 0x61, 0x72,
   0x2e, 0x7a, 0x1a, 0x63, 0x68, 0x74, 0x74, 0x70, 0x73, 0x3a, 0x2f, 0x2f, 0x73, 0x65, 0x63, 0x6f,
   0x72, 0x6f, 0x6c, 0x61, 0x62, 0x2e, 0x67, 0x69, 0x74, 0x68, 0x75, 0x62, 0x2e, 0x69, 0x6f, 0x2f,
   0x6d, 0x6f, 0x64, 0x65, 0x6c, 0x73, 0x2f, 0x72, 0x65, 0x61, 0x6c, 0x2d, 0x64, 0x65, 0x6d, 0x6f,
   0x2d, 0x68, 0x6f, 0x6c, 0x64, 0x2f, 0x68, 0x61, 0x6e, 0x64, 0x6c, 0x65, 0x72, 0x2d, 0x6f, 0x70,
   0x65, 0x6e, 0x2f, 0x63, 0x74, 0x72, 0x6c, 0x2d, 0x6f, 0x70, 0x65, 0x6e, 0x2d, 0x68, 0x6f, 0x6c,
   0x64, 0x2d, 0x6f, 0x72, 0x69, 0x65, 0x6e, 0x74, 0x61, 0x74, 0x69, 0x6f, 0x6e, 0x2f, 0x70, 0x6f,
   0x73, 0x65, 0x2d, 0x64, 0x69, 0x66, 0x66, 0x2a, 0x97, 0x01, 0x08, 0xa1, 0x18, 0x12, 0x2d, 0x70,
   0x6f, 0x73, 0x65, 0x5f, 0x64, 0x69, 0x66, 0x66, 0x5f, 0x63, 0x74, 0x72, 0x6c, 0x5f, 0x6f, 0x70,
   0x65, 0x6e, 0x5f, 0x68, 0x6f, 0x6c, 0x64, 0x5f, 0x6f, 0x72, 0x69, 0x65, 0x6e, 0x74, 0x61, 0x74,
   0x69, 0x6f, 0x6e, 0x2e, 0x6c, 0x69, 0x6e, 0x65, 0x61, 0x72, 0x2e, 0x78, 0x1a, 0x63, 0x68, 0x74,
   0x74, 0x70, 0x73, 0x3a, 0x2f, 0x2f, 0x73, 0x65, 0x63, 0x6f, 0x72, 0x6f, 0x6c, 0x61, 0x62, 0x2e,
   0x67, 0x69, 0x74, 0x68, 0x75, 0x62, 0x2e, 0x69, 0x6f, 0x2f, 0x6d, 0x6f, 0x64, 0x65, 0x6c, 0x73,
   0x2f, 0x72, 0x65, 0x61, 0x6c, 0x2d, 0x64, 0x65, 0x6d, 0x6f, 0x2d, 0x68, 0x6f, 0x6c, 0x64, 0x2f,
   0x68, 0x61, 0x6e, 0x64, 0x6c, 0x65, 0x72, 0x2d, 0x6f, 0x70, 0x65, 0x6e, 0x2f, 0x63, 0x74, 0x72,
   0x6c, 0x2d, 0x6f, 0x70, 0x65, 0x6e, 0x2d, 0x68, 0x6f, 0x6c, 0x64, 0x2d, 0x6f, 0x72, 0x69, 0x65,
   0x6e, 0x74, 0x61, 0x74, 0x69, 0x6f, 0x6e, 0x2f, 0x70, 0x6f, 0x73, 0x65, 0x2d, 0x64, 0x69, 0x66,
   0x66, 0x2a, 0x97, 0x01, 0x08, 0xa2, 0x18, 0x12, 0x2d, 0x70, 0x6f, 0x73, 0x65, 0x5f, 0x64, 0x69,
   0x66, 0x66, 0x5f, 0x63, 0x74, 0x72, 0x6c, 0x5f, 0x6f, 0x70, 0x65, 0x6e, 0x5f, 0x68, 0x6f, 0x6c,
   0x64, 0x5f, 0x6f, 0x72, 0x69, 0x65, 0x6e, 0x74, 0x61, 0x74, 0x69, 0x6f, 0x6e, 0x2e, 0x6c, 0x69,
   0x6e, 0x65, 0x61, 0x72, 0x2e, 0x79, 0x1a, 0x63, 0x68, 0x74, 0x74, 0x70, 0x73, 0x3a, 0x2f, 0x2f,
   0x73, 0x65, 0x63, 0x6f, 0x72, 0x6f, 0x6c, 0x61, 0x62, 0x2e, 0x67, 0x69, 0x74, 0x68, 0x75, 0x62,
   0x2e, 0x69, 0x6f, 0x2f, 0x6d, 0x6f, 0x64, 0x65, 0x6c, 0x73, 0x2f, 0x72, 0x65, 0x61, 0x6c, 0x2d,
   0x64, 0x65, 0x6d, 0x6f, 0x2d, 0x68, 0x6f, 0x6c, 0x64, 0x2f, 0x68, 0x61, 0x6e, 0x64, 0x6c, 0x65,
   0x72, 0x2d, 0x6f, 0x70, 0x65, 0x6e, 0x2f, 0x63, 0x74, 0x72, 0x6c, 0x2d, 0x6f, 0x70, 0x65, 0x6e,
   0x2d, 0x68, 0x6f, 0x6c, 0x64, 0x2d, 0x6f, 0x72, 0x69, 0x65, 0x6e, 0x74, 0x61, 0x74, 0x69, 0x6f,
   0x6e, 0x2f, 0x70, 0x6f, 0x73, 0x65, 0x2d, 0x64, 0x69, 0x66, 0x66, 0x2a, 0x97, 0x01, 0x08, 0xa3,
   0x18, 0x12, 0x2d, 0x70, 0x6f, 0x73, 0x65, 0x5f, 0x64, 0x69, 0x66, 0x66, 0x5f, 0x63, 0x74, 0x72,
   0x6c, 0x5f, 0x6f, 0x70, 0x65, 0x6e, 0x5f, 0x68, 0x6f, 0x6c, 0x64, 0x5f, 0x6f, 0x72, 0x69, 0x65,
   0x6e, 0x74, 0x61, 0x74, 0x69, 0x6f, 0x6e, 0x2e, 0x6c, 0x69, 0x6e, 0x65, 0x61, 0x72, 0x2e, 0x7a,
   0x1a, 0x63, 0x68, 0x74, 0x74, 0x70, 0x73, 0x3a, 0x2f, 0x2f, 0x73, 0x65, 0x63, 0x6f, 0x72, 0x6f,
   0x6c, 0x61, 0x62, 0x2e, 0x67, 0x69, 0x74, 0x68, 0x75, 0x62, 0x2e, 0x69, 0x6f, 0x2f, 0x6d, 0x6f,
   0x64, 0x65, 0x6c, 0x73, 0x2f, 0x72, 0x65, 0x61, 0x6c, 0x2d, 0x64, 0x65, 0x6d, 0x6f, 0x2d, 0x68,
   0x6f, 0x6c, 0x64, 0x2f, 0x68, 0x61, 0x6e, 0x64, 0x6c, 0x65, 0x72, 0x2d, 0x6f, 0x70, 0x65, 0x6e,
   0x2f, 0x63, 0x74, 0x72, 0x6c, 0x2d, 0x6f, 0x70, 0x65, 0x6e, 0x2d, 0x68, 0x6f, 0x6c, 0x64, 0x2d,
   0x6f, 0x72, 0x69, 0x65, 0x6e, 0x74, 0x61, 0x74, 0x69, 0x6f, 0x6e, 0x2f, 0x70, 0x6f, 0x73, 0x65,
   0x2d, 0x64, 0x69, 0x66, 0x66, 0x2a, 0x92, 0x01, 0x08, 0xa4, 0x18, 0x12, 0x2b, 0x70, 0x6f, 0x73,
   0x65, 0x5f, 0x64, 0x69, 0x66, 0x66, 0x5f, 0x63, 0x74, 0x72, 0x6c, 0x5f, 0x6f, 0x70, 0x65, 0x6e,
   0x5f, 0x68, 0x6f, 0x6c, 0x64, 0x5f, 0x70, 0x6f, 0x73, 0x69, 0x74, 0x69, 0x6f, 0x6e, 0x2e, 0x61,
   0x6e, 0x67, 0x75, 0x6c, 0x61, 0x72, 0x2e, 0x78, 0x1a, 0x60, 0x68, 0x74, 0x74, 0x70, 0x73, 0x3a,
   0x2f, 0x2f, 0x73, 0x65, 0x63, 0x6f, 0x72, 0x6f, 0x6c, 0x61, 0x62, 0x2e, 0x67, 0x69, 0x74, 0x68,
   0x75, 0x62, 0x2e, 0x69, 0x6f, 0x2f, 0x6d, 0x6f, 0x64, 0x65, 0x6c, 0x73, 0x2f, 0x72, 0x65, 0x61,
   0x6c, 0x2d, 0x64, 0x65, 0x6d, 0x6f, 0x2d, 0x68, 0x6f, 0x6c, 0x64, 0x2f, 0x68, 0x61, 0x6e, 0x64,
   0x6c, 0x65, 0x72, 0x2d, 0x6f, 0x70, 0x65, 0x6e, 0x2f, 0x63, 0x74, 0x72, 0x6c, 0x2d, 0x6f, 0x70,
   0x65, 0x6e, 0x2d, 0x68, 0x6f, 0x6c, 0x64, 0x2d, 0x70, 0x6f, 0x73, 0x69, 0x74, 0x69, 0x6f, 0x6e,
   0x2f, 0x70, 0x6f, 0x73, 0x65, 0x2d, 0x64, 0x69, 0x66, 0x66, 0x2a, 0x92, 0x01, 0x08, 0xa5, 0x18,
   0x12, 0x2b, 0x70, 0x6f, 0x73, 0x65, 0x5f, 0x64, 0x69, 0x66, 0x66, 0x5f, 0x63, 0x74, 0x72, 0x6c,
   0x5f, 0x6f, 0x70, 0x65, 0x6e, 0x5f, 0x68, 0x6f, 0x6c, 0x64, 0x5f, 0x70, 0x6f, 0x73, 0x69, 0x74,
   0x69, 0x6f, 0x6e, 0x2e, 0x61, 0x6e, 0x67, 0x75, 0x6c, 0x61, 0x72, 0x2e, 0x79, 0x1a, 0x60, 0x68,
   0x74, 0x74, 0x70, 0x73, 0x3a, 0x2f, 0x2f, 0x73, 0x65, 0x63, 0x6f, 0x72, 0x6f, 0x6c, 0x61, 0x62,
   0x2e, 0x67, 0x69, 0x74, 0x68, 0x75, 0x62, 0x2e, 0x69, 0x6f, 0x2f, 0x6d, 0x6f, 0x64, 0x65, 0x6c,
   0x73, 0x2f, 0x72, 0x65, 0x61, 0x6c, 0x2d, 0x64, 0x65, 0x6d, 0x6f, 0x2d, 0x68, 0x6f, 0x6c, 0x64,
   0x2f, 0x68, 0x61, 0x6e, 0x64, 0x6c, 0x65, 0x72, 0x2d, 0x6f, 0x70, 0x65, 0x6e, 0x2f, 0x63, 0x74,
   0x72, 0x6c, 0x2d, 0x6f, 0x70, 0x65, 0x6e, 0x2d, 0x68, 0x6f, 0x6c, 0x64, 0x2d, 0x70, 0x6f, 0x73,
   0x69, 0x74, 0x69, 0x6f, 0x6e, 0x2f, 0x70, 0x6f, 0x73, 0x65, 0x2d, 0x64, 0x69, 0x66, 0x66, 0x2a,
   0x92, 0x01, 0x08, 0xa6, 0x18, 0x12, 0x2b, 0x70, 0x6f, 0x73, 0x65, 0x5f, 0x64, 0x69, 0x66, 0x66,
   0x5f, 0x63, 0x74, 0x72, 0x6c, 0x5f, 0x6f, 0x70, 0x65, 0x6e, 0x5f, 0x68, 0x6f, 0x6c, 0x64, 0x5f,
   0x70, 0x6f, 0x73, 0x69, 0x74, 0x69, 0x6f, 0x6e, 0x2e, 0x61, 0x6e, 0x67, 0x75, 0x6c, 0x61, 0x72,
   0x2e, 0x7a, 0x1a, 0x60, 0x68, 0x74, 0x74, 0x70, 0x73, 0x3a, 0x2f, 0x2f, 0x73, 0x65, 0x63, 0x6f,
   0x72, 0x6f, 0x6c, 0x61, 0x62, 0x2e, 0x67, 0x69, 0x74, 0x68, 0x75, 0x62, 0x2e, 0x69, 0x6f, 0x2f,
   0x6d, 0x6f, 0x64, 0x65, 0x6c, 0x73, 0x2f, 0x72, 0x65, 0x61, 0x6c, 0x2d, 0x64, 0x65, 0x6d, 0x6f,
   0x2d, 0x68, 0x6f, 0x6c, 0x64, 0x2f, 0x68, 0x61, 0x6e, 0x64, 0x6c, 0x65, 0x72, 0x2d, 0x6f, 0x70,
   0x65, 0x6e, 0x2f, 0x63, 0x74, 0x72, 0x6c, 0x2d, 0x6f, 0x70, 0x65, 0x6e, 0x2d, 0x68, 0x6f, 0x6c,
   0x64, 0x2d, 0x70, 0x6f, 0x73, 0x69, 0x74, 0x69, 0x6f, 0x6e, 0x2f, 0x70, 0x6f, 0x73, 0x65, 0x2d,
   0x64, 0x69, 0x66, 0x66, 0x2a, 0x91, 0x01, 0x08, 0xa7, 0x18, 0x12, 0x2a, 0x70, 0x6f, 0x73, 0x65,
   0x5f, 0x64, 0x69, 0x66, 0x66, 0x5f, 0x63, 0x74, 0x72, 0x6c, 0x5f, 0x6f, 0x70, 0x65, 0x6e, 0x5f,
   0x68, 0x6f, 0x6c, 0x64, 0x5f, 0x70, 0x6f, 0x73, 0x69, 0x74, 0x69, 0x6f, 0x6e, 0x2e, 0x6c, 0x69,
   0x6e, 0x65, 0x61, 0x72, 0x2e, 0x78, 0x1a, 0x60, 0x68, 0x74, 0x74, 0x70, 0x73, 0x3a, 0x2f, 0x2f,
   0x73, 0x65, 0x63, 0x6f, 0x72, 0x6f, 0x6c, 0x61, 0x62, 0x2e, 0x67, 0x69, 0x74, 0x68, 0x75, 0x62,
   0x2e, 0x69, 0x6f, 0x2f, 0x6d, 0x6f, 0x64, 0x65, 0x6c, 0x73, 0x2f, 0x72, 0x65, 0x61, 0x6c, 0x2d,
   0x64, 0x65, 0x6d, 0x6f, 0x2d, 0x68, 0x6f, 0x6c, 0x64, 0x2f, 0x68, 0x61, 0x6e, 0x64, 0x6c, 0x65,
   0x72, 0x2d, 0x6f, 0x70, 0x65, 0x6e, 0x2f, 0x63, 0x74, 0x72, 0x6c, 0x2d, 0x6f, 0x70, 0x65, 0x6e,
   0x2d, 0x68, 0x6f, 0x6c, 0x64, 0x2d, 0x70, 0x6f, 0x73, 0x69, 0x74, 0x69, 0x6f, 0x6e, 0x2f, 0x70,
   0x6f, 0x73, 0x65, 0x2d, 0x64, 0x69, 0x66, 0x66, 0x2a, 0x91, 0x01, 0x08, 0xa8, 0x18, 0x12, 0x2a,
   0x70, 0x6f, 0x73, 0x65, 0x5f, 0x64, 0x69, 0x66, 0x66, 0x5f, 0x63, 0x74, 0x72, 0x6c, 0x5f, 0x6f,
   0x70, 0x65, 0x6e, 0x5f, 0x68, 0x6f, 0x6c, 0x64, 0x5f, 0x70, 0x6f, 0x73, 0x69, 0x74, 0x69, 0x6f,
   0x6e, 0x2e, 0x6c, 0x69, 0x6e, 0x65, 0x61, 0x72, 0x2e, 0x79, 0x1a, 0x60, 0x68, 0x74, 0x74, 0x70,
   0x73, 0x3a, 0x2f, 0x2f, 0x73, 0x65, 0x63, 0x6f, 0x72, 0x6f, 0x6c, 0x61, 0x62, 0x2e, 0x67, 0x69,
   0x74, 0x68, 0x75, 0x62, 0x2e, 0x69, 0x6f, 0x2f, 0x6d, 0x6f, 0x64, 0x65, 0x6c, 0x73, 0x2f, 0x72,
   0x65, 0x61, 0x6c, 0x2d, 0x64, 0x65, 0x6d, 0x6f, 0x2d, 0x68, 0x6f, 0x6c, 0x64, 0x2f, 0x68, 0x61,
   0x6e, 0x64, 0x6c, 0x65, 0x72, 0x2d, 0x6f, 0x70, 0x65, 0x6e, 0x2f, 0x63, 0x74, 0x72, 0x6c, 0x2d,
   0x6f, 0x70, 0x65, 0x6e, 0x2d, 0x68, 0x6f, 0x6c, 0x64, 0x2d, 0x70, 0x6f, 0x73, 0x69, 0x74, 0x69,
   0x6f, 0x6e, 0x2f, 0x70, 0x6f, 0x73, 0x65, 0x2d, 0x64, 0x69, 0x66, 0x66, 0x2a, 0x91, 0x01, 0x08,
   0xa9, 0x18, 0x12, 0x2a, 0x70, 0x6f, 0x73, 0x65, 0x5f, 0x64, 0x69, 0x66, 0x66, 0x5f, 0x63, 0x74,
   0x72, 0x6c, 0x5f, 0x6f, 0x70, 0x65, 0x6e, 0x5f, 0x68, 0x6f, 0x6c, 0x64, 0x5f, 0x70, 0x6f, 0x73,
   0x69, 0x74, 0x69, 0x6f, 0x6e, 0x2e, 0x6c, 0x69, 0x6e, 0x65, 0x61, 0x72, 0x2e, 0x7a, 0x1a, 0x60,
   0x68, 0x74, 0x74, 0x70, 0x73, 0x3a, 0x2f, 0x2f, 0x73, 0x65, 0x63, 0x6f, 0x72, 0x6f, 0x6c, 0x61,
   0x62, 0x2e, 0x67, 0x69, 0x74, 0x68, 0x75, 0x62, 0x2e, 0x69, 0x6f, 0x2f, 0x6d, 0x6f, 0x64, 0x65,
   0x6c, 0x73, 0x2f, 0x72, 0x65, 0x61, 0x6c, 0x2d, 0x64, 0x65, 0x6d, 0x6f, 0x2d, 0x68, 0x6f, 0x6c,
   0x64, 0x2f, 0x68, 0x61, 0x6e, 0x64, 0x6c, 0x65, 0x72, 0x2d, 0x6f, 0x70, 0x65, 0x6e, 0x2f, 0x63,
   0x74, 0x72, 0x6c, 0x2d, 0x6f, 0x70, 0x65, 0x6e, 0x2d, 0x68, 0x6f, 0x6c, 0x64, 0x2d, 0x70, 0x6f,
   0x73, 0x69, 0x74, 0x69, 0x6f, 0x6e, 0x2f, 0x70, 0x6f, 0x73, 0x65, 0x2d, 0x64, 0x69, 0x66, 0x66,
   0x2a, 0x80, 0x01, 0x08, 0xaa, 0x18, 0x12, 0x1e, 0x70, 0x6f, 0x73, 0x65, 0x5f, 0x65, 0x65, 0x5f,
   0x62, 0x61, 0x73, 0x65, 0x5f, 0x6f, 0x72, 0x69, 0x65, 0x6e, 0x74, 0x61, 0x74, 0x69, 0x6f, 0x6e,
   0x5f, 0x72, 0x65, 0x6c, 0x2e, 0x78, 0x1a, 0x5b, 0x68, 0x74, 0x74, 0x70, 0x73, 0x3a, 0x2f, 0x2f,
   0x73, 0x65, 0x63, 0x6f, 0x72, 0x6f, 0x6c, 0x61, 0x62, 0x2e, 0x67, 0x69, 0x74, 0x68, 0x75, 0x62,
   0x2e, 0x69, 0x6f, 0x2f, 0x6d, 0x6f, 0x64, 0x65, 0x6c, 0x73, 0x2f, 0x72, 0x65, 0x61, 0x6c, 0x2d,
   0x64, 0x65, 0x6d, 0x6f, 0x2d, 0x68, 0x6f, 0x6c, 0x64, 0x2f, 0x73, 0x68, 0x61, 0x72, 0x65, 0x64,
   0x2f, 0x77, 0x6f, 0x72, 0x6c, 0x64, 0x2f, 0x70, 0x6f, 0x73, 0x65, 0x2d, 0x65, 0x65, 0x2d, 0x62,
   0x61, 0x73, 0x65, 0x2d, 0x6f, 0x72, 0x69, 0x65, 0x6e, 0x74, 0x61, 0x74, 0x69, 0x6f, 0x6e, 0x2d,
   0x72, 0x65, 0x6c, 0x2a, 0x80, 0x01, 0x08, 0xab, 0x18, 0x12, 0x1e, 0x70, 0x6f, 0x73, 0x65, 0x5f,
   0x65, 0x65, 0x5f, 0x62, 0x61, 0x73, 0x65, 0x5f, 0x6f, 0x72, 0x69, 0x65, 0x6e, 0x74, 0x61, 0x74,
   0x69, 0x6f, 0x6e, 0x5f, 0x72, 0x65, 0x6c, 0x2e, 0x79, 0x1a, 0x5b, 0x68, 0x74, 0x74, 0x70, 0x73,
   0x3a, 0x2f, 0x2f, 0x73, 0x65, 0x63, 0x6f, 0x72, 0x6f, 0x6c, 0x61, 0x62, 0x2e, 0x67, 0x69, 0x74,
   0x68, 0x75, 0x62, 0x2e, 0x69, 0x6f, 0x2f, 0x6d, 0x6f, 0x64, 0x65, 0x6c, 0x73, 0x2f, 0x72, 0x65,
   0x61, 0x6c, 0x2d, 0x64, 0x65, 0x6d, 0x6f, 0x2d, 0x68, 0x6f, 0x6c, 0x64, 0x2f, 0x73, 0x68, 0x61,
   0x72, 0x65, 0x64, 0x2f, 0x77, 0x6f, 0x72, 0x6c, 0x64, 0x2f, 0x70, 0x6f, 0x73, 0x65, 0x2d, 0x65,
   0x65, 0x2d, 0x62, 0x61, 0x73, 0x65, 0x2d, 0x6f, 0x72, 0x69, 0x65, 0x6e, 0x74, 0x61, 0x74, 0x69,
   0x6f, 0x6e, 0x2d, 0x72, 0x65, 0x6c, 0x2a, 0x80, 0x01, 0x08, 0xac, 0x18, 0x12, 0x1e, 0x70, 0x6f,
   0x73, 0x65, 0x5f, 0x65, 0x65, 0x5f, 0x62, 0x61, 0x73, 0x65, 0x5f, 0x6f, 0x72, 0x69, 0x65, 0x6e,
   0x74, 0x61, 0x74, 0x69, 0x6f, 0x6e, 0x5f, 0x72, 0x65, 0x6c, 0x2e, 0x7a, 0x1a, 0x5b, 0x68, 0x74,
   0x74, 0x70, 0x73, 0x3a, 0x2f, 0x2f, 0x73, 0x65, 0x63, 0x6f, 0x72, 0x6f, 0x6c, 0x61, 0x62, 0x2e,
   0x67, 0x69, 0x74, 0x68, 0x75, 0x62, 0x2e, 0x69, 0x6f, 0x2f, 0x6d, 0x6f, 0x64, 0x65, 0x6c, 0x73,
   0x2f, 0x72, 0x65, 0x61, 0x6c, 0x2d, 0x64, 0x65, 0x6d, 0x6f, 0x2d, 0x68, 0x6f, 0x6c, 0x64, 0x2f,
   0x73, 0x68, 0x61, 0x72, 0x65, 0x64, 0x2f, 0x77, 0x6f, 0x72, 0x6c, 0x64, 0x2f, 0x70, 0x6f, 0x73,
   0x65, 0x2d, 0x65, 0x65, 0x2d, 0x62, 0x61, 0x73, 0x65, 0x2d, 0x6f, 0x72, 0x69, 0x65, 0x6e, 0x74,
   0x61, 0x74, 0x69, 0x6f, 0x6e, 0x2d, 0x72, 0x65, 0x6c, 0x2a, 0x7a, 0x08, 0xad, 0x18, 0x12, 0x1b,
   0x70, 0x6f, 0x73, 0x65, 0x5f, 0x65, 0x65, 0x5f, 0x62, 0x61, 0x73, 0x65, 0x5f, 0x70, 0x6f, 0x73,
   0x69, 0x74, 0x69, 0x6f, 0x6e, 0x5f, 0x72, 0x65, 0x6c, 0x2e, 0x78, 0x1a, 0x58, 0x68, 0x74, 0x74,
   0x70, 0x73, 0x3a, 0x2f, 0x2f, 0x73, 0x65, 0x63, 0x6f, 0x72, 0x6f, 0x6c, 0x61, 0x62, 0x2e, 0x67,
   0x69, 0x74, 0x68, 0x75, 0x62, 0x2e, 0x69, 0x6f, 0x2f, 0x6d, 0x6f, 0x64, 0x65, 0x6c, 0x73, 0x2f,
   0x72, 0x65, 0x61, 0x6c, 0x2d, 0x64, 0x65, 0x6d, 0x6f, 0x2d, 0x68, 0x6f, 0x6c, 0x64, 0x2f, 0x73,
   0x68, 0x61, 0x72, 0x65, 0x64, 0x2f, 0x77, 0x6f, 0x72, 0x6c, 0x64, 0x2f, 0x70, 0x6f, 0x73, 0x65,
   0x2d, 0x65, 0x65, 0x2d, 0x62, 0x61, 0x73, 0x65, 0x2d, 0x70, 0x6f, 0x73, 0x69, 0x74, 0x69, 0x6f,
   0x6e, 0x2d, 0x72, 0x65, 0x6c, 0x2a, 0x7a, 0x08, 0xae, 0x18, 0x12, 0x1b, 0x70, 0x6f, 0x73, 0x65,
   0x5f, 0x65, 0x65, 0x5f, 0x62, 0x61, 0x73, 0x65, 0x5f, 0x70, 0x6f, 0x73, 0x69, 0x74, 0x69, 0x6f,
   0x6e, 0x5f, 0x72, 0x65, 0x6c, 0x2e, 0x79, 0x1a, 0x58, 0x68, 0x74, 0x74, 0x70, 0x73, 0x3a, 0x2f,
   0x2f, 0x73, 0x65, 0x63, 0x6f, 0x72, 0x6f, 0x6c, 0x61, 0x62, 0x2e, 0x67, 0x69, 0x74, 0x68, 0x75,
   0x62, 0x2e, 0x69, 0x6f, 0x2f, 0x6d, 0x6f, 0x64, 0x65, 0x6c, 0x73, 0x2f, 0x72, 0x65, 0x61, 0x6c,
   0x2d, 0x64, 0x65, 0x6d, 0x6f, 0x2d, 0x68, 0x6f, 0x6c, 0x64, 0x2f, 0x73, 0x68, 0x61, 0x72, 0x65,
   0x64, 0x2f, 0x77, 0x6f, 0x72, 0x6c, 0x64, 0x2f, 0x70, 0x6f, 0x73, 0x65, 0x2d, 0x65, 0x65, 0x2d,
   0x62, 0x61, 0x73, 0x65, 0x2d, 0x70, 0x6f, 0x73, 0x69, 0x74, 0x69, 0x6f, 0x6e, 0x2d, 0x72, 0x65,
   0x6c, 0x2a, 0x7a, 0x08, 0xaf, 0x18, 0x12, 0x1b, 0x70, 0x6f, 0x73, 0x65, 0x5f, 0x65, 0x65, 0x5f,
   0x62, 0x61, 0x73, 0x65, 0x5f, 0x70, 0x6f, 0x73, 0x69, 0x74, 0x69, 0x6f, 0x6e, 0x5f, 0x72, 0x65,
   0x6c, 0x2e, 0x7a, 0x1a, 0x58, 0x68, 0x74, 0x74, 0x70, 0x73, 0x3a, 0x2f, 0x2f, 0x73, 0x65, 0x63,
   0x6f, 0x72, 0x6f, 0x6c, 0x61, 0x62, 0x2e, 0x67, 0x69, 0x74, 0x68, 0x75, 0x62, 0x2e, 0x69, 0x6f,
   0x2f, 0x6d, 0x6f, 0x64, 0x65, 0x6c, 0x73, 0x2f, 0x72, 0x65, 0x61, 0x6c, 0x2d, 0x64, 0x65, 0x6d,
   0x6f, 0x2d, 0x68, 0x6f, 0x6c, 0x64, 0x2f, 0x73, 0x68, 0x61, 0x72, 0x65, 0x64, 0x2f, 0x77, 0x6f,
   0x72, 0x6c, 0x64, 0x2f, 0x70, 0x6f, 0x73, 0x65, 0x2d, 0x65, 0x65, 0x2d, 0x62, 0x61, 0x73, 0x65,
   0x2d, 0x70, 0x6f, 0x73, 0x69, 0x74, 0x69, 0x6f, 0x6e, 0x2d, 0x72, 0x65, 0x6c, 0x2a, 0x7b, 0x08,
   0xb0, 0x18, 0x12, 0x1c, 0x73, 0x74, 0x61, 0x72, 0x74, 0x5f, 0x70, 0x6f, 0x73, 0x65, 0x5f, 0x6f,
   0x72, 0x69, 0x65, 0x6e, 0x74, 0x61, 0x74, 0x69, 0x6f, 0x6e, 0x5f, 0x72, 0x65, 0x6c, 0x2e, 0x78,
   0x1a, 0x58, 0x68, 0x74, 0x74, 0x70, 0x73, 0x3a, 0x2f, 0x2f, 0x73, 0x65, 0x63, 0x6f, 0x72, 0x6f,
   0x6c, 0x61, 0x62, 0x2e, 0x67, 0x69, 0x74, 0x68, 0x75, 0x62, 0x2e, 0x69, 0x6f, 0x2f, 0x6d, 0x6f,
   0x64, 0x65, 0x6c, 0x73, 0x2f, 0x72, 0x65, 0x61, 0x6c, 0x2d, 0x64, 0x65, 0x6d, 0x6f, 0x2d, 0x68,
   0x6f, 0x6c, 0x64, 0x2f, 0x73, 0x68, 0x61, 0x72, 0x65, 0x64, 0x2f, 0x73, 0x70, 0x65, 0x63, 0x2f,
   0x73, 0x74, 0x61, 0x72, 0x74, 0x2d, 0x70, 0x6f, 0x73, 0x65, 0x2d, 0x6f, 0x72, 0x69, 0x65, 0x6e,
   0x74, 0x61, 0x74, 0x69, 0x6f, 0x6e, 0x2d, 0x72, 0x65, 0x6c, 0x2a, 0x7b, 0x08, 0xb1, 0x18, 0x12,
   0x1c, 0x73, 0x74, 0x61, 0x72, 0x74, 0x5f, 0x70, 0x6f, 0x73, 0x65, 0x5f, 0x6f, 0x72, 0x69, 0x65,
   0x6e, 0x74, 0x61, 0x74, 0x69, 0x6f, 0x6e, 0x5f, 0x72, 0x65, 0x6c, 0x2e, 0x79, 0x1a, 0x58, 0x68,
   0x74, 0x74, 0x70, 0x73, 0x3a, 0x2f, 0x2f, 0x73, 0x65, 0x63, 0x6f, 0x72, 0x6f, 0x6c, 0x61, 0x62,
   0x2e, 0x67, 0x69, 0x74, 0x68, 0x75, 0x62, 0x2e, 0x69, 0x6f, 0x2f, 0x6d, 0x6f, 0x64, 0x65, 0x6c,
   0x73, 0x2f, 0x72, 0x65, 0x61, 0x6c, 0x2d, 0x64, 0x65, 0x6d, 0x6f, 0x2d, 0x68, 0x6f, 0x6c, 0x64,
   0x2f, 0x73, 0x68, 0x61, 0x72, 0x65, 0x64, 0x2f, 0x73, 0x70, 0x65, 0x63, 0x2f, 0x73, 0x74, 0x61,
   0x72, 0x74, 0x2d, 0x70, 0x6f, 0x73, 0x65, 0x2d, 0x6f, 0x72, 0x69, 0x65, 0x6e, 0x74, 0x61, 0x74,
   0x69, 0x6f, 0x6e, 0x2d, 0x72, 0x65, 0x6c, 0x2a, 0x7b, 0x08, 0xb2, 0x18, 0x12, 0x1c, 0x73, 0x74,
   0x61, 0x72, 0x74, 0x5f, 0x70, 0x6f, 0x73, 0x65, 0x5f, 0x6f, 0x72, 0x69, 0x65, 0x6e, 0x74, 0x61,
   0x74, 0x69, 0x6f, 0x6e, 0x5f, 0x72, 0x65, 0x6c, 0x2e, 0x7a, 0x1a, 0x58, 0x68, 0x74, 0x74, 0x70,
   0x73, 0x3a, 0x2f, 0x2f, 0x73, 0x65, 0x63, 0x6f, 0x72, 0x6f, 0x6c, 0x61, 0x62, 0x2e, 0x67, 0x69,
   0x74, 0x68, 0x75, 0x62, 0x2e, 0x69, 0x6f, 0x2f, 0x6d, 0x6f, 0x64, 0x65, 0x6c, 0x73, 0x2f, 0x72,
   0x65, 0x61, 0x6c, 0x2d, 0x64, 0x65, 0x6d, 0x6f, 0x2d, 0x68, 0x6f, 0x6c, 0x64, 0x2f, 0x73, 0x68,
   0x61, 0x72, 0x65, 0x64, 0x2f, 0x73, 0x70, 0x65, 0x63, 0x2f, 0x73, 0x74, 0x61, 0x72, 0x74, 0x2d,
   0x70, 0x6f, 0x73, 0x65, 0x2d, 0x6f, 0x72, 0x69, 0x65, 0x6e, 0x74, 0x61, 0x74, 0x69, 0x6f, 0x6e,
   0x2d, 0x72, 0x65, 0x6c, 0x2a, 0x75, 0x08, 0xb3, 0x18, 0x12, 0x19, 0x73, 0x74, 0x61, 0x72, 0x74,
   0x5f, 0x70, 0x6f, 0x73, 0x65, 0x5f, 0x70, 0x6f, 0x73, 0x69, 0x74, 0x69, 0x6f, 0x6e, 0x5f, 0x72,
   0x65, 0x6c, 0x2e, 0x78, 0x1a, 0x55, 0x68, 0x74, 0x74, 0x70, 0x73, 0x3a, 0x2f, 0x2f, 0x73, 0x65,
   0x63, 0x6f, 0x72, 0x6f, 0x6c, 0x61, 0x62, 0x2e, 0x67, 0x69, 0x74, 0x68, 0x75, 0x62, 0x2e, 0x69,
   0x6f, 0x2f, 0x6d, 0x6f, 0x64, 0x65, 0x6c, 0x73, 0x2f, 0x72, 0x65, 0x61, 0x6c, 0x2d, 0x64, 0x65,
   0x6d, 0x6f, 0x2d, 0x68, 0x6f, 0x6c, 0x64, 0x2f, 0x73, 0x68, 0x61, 0x72, 0x65, 0x64, 0x2f, 0x73,
   0x70, 0x65, 0x63, 0x2f, 0x73, 0x74, 0x61, 0x72, 0x74, 0x2d, 0x70, 0x6f, 0x73, 0x65, 0x2d, 0x70,
   0x6f, 0x73, 0x69, 0x74, 0x69, 0x6f, 0x6e, 0x2d, 0x72, 0x65, 0x6c, 0x2a, 0x75, 0x08, 0xb4, 0x18,
   0x12, 0x19, 0x73, 0x74, 0x61, 0x72, 0x74, 0x5f, 0x70, 0x6f, 0x73, 0x65, 0x5f, 0x70, 0x6f, 0x73,
   0x69, 0x74, 0x69, 0x6f, 0x6e, 0x5f, 0x72, 0x65, 0x6c, 0x2e, 0x79, 0x1a, 0x55, 0x68, 0x74, 0x74,
   0x70, 0x73, 0x3a, 0x2f, 0x2f, 0x73, 0x65, 0x63, 0x6f, 0x72, 0x6f, 0x6c, 0x61, 0x62, 0x2e, 0x67,
   0x69, 0x74, 0x68, 0x75, 0x62, 0x2e, 0x69, 0x6f, 0x2f, 0x6d, 0x6f, 0x64, 0x65, 0x6c, 0x73, 0x2f,
   0x72, 0x65, 0x61, 0x6c, 0x2d, 0x64, 0x65, 0x6d, 0x6f, 0x2d, 0x68, 0x6f, 0x6c, 0x64, 0x2f, 0x73,
   0x68, 0x61, 0x72, 0x65, 0x64, 0x2f, 0x73, 0x70, 0x65, 0x63, 0x2f, 0x73, 0x74, 0x61, 0x72, 0x74,
   0x2d, 0x70, 0x6f, 0x73, 0x65, 0x2d, 0x70, 0x6f, 0x73, 0x69, 0x74, 0x69, 0x6f, 0x6e, 0x2d, 0x72,
   0x65, 0x6c, 0x2a, 0x75, 0x08, 0xb5, 0x18, 0x12, 0x19, 0x73, 0x74, 0x61, 0x72, 0x74, 0x5f, 0x70,
   0x6f, 0x73, 0x65, 0x5f, 0x70, 0x6f, 0x73, 0x69, 0x74, 0x69, 0x6f, 0x6e, 0x5f, 0x72, 0x65, 0x6c,
   0x2e, 0x7a, 0x1a, 0x55, 0x68, 0x74, 0x74, 0x70, 0x73, 0x3a, 0x2f, 0x2f, 0x73, 0x65, 0x63, 0x6f,
   0x72, 0x6f, 0x6c, 0x61, 0x62, 0x2e, 0x67, 0x69, 0x74, 0x68, 0x75, 0x62, 0x2e, 0x69, 0x6f, 0x2f,
   0x6d, 0x6f, 0x64, 0x65, 0x6c, 0x73, 0x2f, 0x72, 0x65, 0x61, 0x6c, 0x2d, 0x64, 0x65, 0x6d, 0x6f,
   0x2d, 0x68, 0x6f, 0x6c, 0x64, 0x2f, 0x73, 0x68, 0x61, 0x72, 0x65, 0x64, 0x2f, 0x73, 0x70, 0x65,
   0x63, 0x2f, 0x73, 0x74, 0x61, 0x72, 0x74, 0x2d, 0x70, 0x6f, 0x73, 0x65, 0x2d, 0x70, 0x6f, 0x73,
   0x69, 0x74, 0x69, 0x6f, 0x6e, 0x2d, 0x72, 0x65, 0x6c, 0x2a, 0x6b, 0x08, 0xb6, 0x18, 0x12, 0x0c,
   0x63, 0x6c, 0x6f, 0x63, 0x6b, 0x5f, 0x74, 0x69, 0x6d, 0x65, 0x5f, 0x73, 0x1a, 0x58, 0x68, 0x74,
   0x74, 0x70, 0x73, 0x3a, 0x2f, 0x2f, 0x73, 0x65, 0x63, 0x6f, 0x72, 0x6f, 0x6c, 0x61, 0x62, 0x2e,
   0x67, 0x69, 0x74, 0x68, 0x75, 0x62, 0x2e, 0x69, 0x6f, 0x2f, 0x6d, 0x6f, 0x64, 0x65, 0x6c, 0x73,
   0x2f, 0x72, 0x65, 0x61, 0x6c, 0x2d, 0x64, 0x65, 0x6d, 0x6f, 0x2d, 0x68, 0x6f, 0x6c, 0x64, 0x2f,
   0x72, 0x65, 0x61, 0x6c, 0x2d, 0x64, 0x65, 0x6d, 0x6f, 0x2d, 0x68, 0x6f, 0x6c, 0x64, 0x2d, 0x65,
   0x78, 0x65, 0x63, 0x2f, 0x63, 0x6c, 0x6f, 0x63, 0x6b, 0x2f, 0x63, 0x6c, 0x6f, 0x63, 0x6b, 0x2d,
   0x74, 0x69, 0x6d, 0x65, 0x2d, 0x73, 0x2a, 0x97, 0x01, 0x08, 0xb7, 0x18, 0x12, 0x28, 0x63, 0x74,
   0x72, 0x6c, 0x5f, 0x68, 0x6f, 0x6c, 0x64, 0x5f, 0x6f, 0x72, 0x69, 0x65, 0x6e, 0x74, 0x61, 0x74,
   0x69, 0x6f, 0x6e, 0x5f, 0x61, 0x6e, 0x67, 0x5f, 0x78, 0x5f, 0x66, 0x69, 0x72, 0x73, 0x74, 0x5f,
   0x73, 0x61, 0x6d, 0x70, 0x6c, 0x65, 0x1a, 0x68, 0x68, 0x74, 0x74, 0x70, 0x73, 0x3a, 0x2f, 0x2f,
   0x73, 0x65, 0x63, 0x6f, 0x72, 0x6f, 0x6c, 0x61, 0x62, 0x2e, 0x67, 0x69, 0x74, 0x68, 0x75, 0x62,
   0x2e, 0x69, 0x6f, 0x2f, 0x6d, 0x6f, 0x64, 0x65, 0x6c, 0x73, 0x2f, 0x72, 0x65, 0x61, 0x6c, 0x2d,
   0x64, 0x65, 0x6d, 0x6f, 0x2d, 0x68, 0x6f, 0x6c, 0x64, 0x2f, 0x68, 0x61, 0x6e, 0x64, 0x6c, 0x65,
   0x72, 0x2d, 0x63, 0x6c, 0x6f, 0x73, 0x65, 0x2f, 0x63, 0x74, 0x72, 0x6c, 0x2d, 0x68, 0x6f, 0x6c,
   0x64, 0x2d, 0x6f, 0x72, 0x69, 0x65, 0x6e, 0x74, 0x61, 0x74, 0x69, 0x6f, 0x6e, 0x2f, 0x61, 0x6e,
   0x67, 0x2d, 0x78, 0x2f, 0x66, 0x69, 0x72, 0x73, 0x74, 0x2d, 0x73, 0x61, 0x6d, 0x70, 0x6c, 0x65,
   0x2a, 0x97, 0x01, 0x08, 0xb8, 0x18, 0x12, 0x28, 0x63, 0x74, 0x72, 0x6c, 0x5f, 0x68, 0x6f, 0x6c,
   0x64, 0x5f, 0x6f, 0x72, 0x69, 0x65, 0x6e, 0x74, 0x61, 0x74, 0x69, 0x6f, 0x6e, 0x5f, 0x61, 0x6e,
   0x67, 0x5f, 0x79, 0x5f, 0x66, 0x69, 0x72, 0x73, 0x74, 0x5f, 0x73, 0x61, 0x6d, 0x70, 0x6c, 0x65,
   0x1a, 0x68, 0x68, 0x74, 0x74, 0x70, 0x73, 0x3a, 0x2f, 0x2f, 0x73, 0x65, 0x63, 0x6f, 0x72, 0x6f,
   0x6c, 0x61, 0x62, 0x2e, 0x67, 0x69, 0x74, 0x68, 0x75, 0x62, 0x2e, 0x69, 0x6f, 0x2f, 0x6d, 0x6f,
   0x64, 0x65, 0x6c, 0x73, 0x2f, 0x72, 0x65, 0x61, 0x6c, 0x2d, 0x64, 0x65, 0x6d, 0x6f, 0x2d, 0x68,
   0x6f, 0x6c, 0x64, 0x2f, 0x68, 0x61, 0x6e, 0x64, 0x6c, 0x65, 0x72, 0x2d, 0x63, 0x6c, 0x6f, 0x73,
   0x65, 0x2f, 0x63, 0x74, 0x72, 0x6c, 0x2d, 0x68, 0x6f, 0x6c, 0x64, 0x2d, 0x6f, 0x72, 0x69, 0x65,
   0x6e, 0x74, 0x61, 0x74, 0x69, 0x6f, 0x6e, 0x2f, 0x61, 0x6e, 0x67, 0x2d, 0x79, 0x2f, 0x66, 0x69,
   0x72, 0x73, 0x74, 0x2d, 0x73, 0x61, 0x6d, 0x70, 0x6c, 0x65, 0x2a, 0x97, 0x01, 0x08, 0xb9, 0x18,
   0x12, 0x28, 0x63, 0x74, 0x72, 0x6c, 0x5f, 0x68, 0x6f, 0x6c, 0x64, 0x5f, 0x6f, 0x72, 0x69, 0x65,
   0x6e, 0x74, 0x61, 0x74, 0x69, 0x6f, 0x6e, 0x5f, 0x61, 0x6e, 0x67, 0x5f, 0x7a, 0x5f, 0x66, 0x69,
   0x72, 0x73, 0x74, 0x5f, 0x73, 0x61, 0x6d, 0x70, 0x6c, 0x65, 0x1a, 0x68, 0x68, 0x74, 0x74, 0x70,
   0x73, 0x3a, 0x2f, 0x2f, 0x73, 0x65, 0x63, 0x6f, 0x72, 0x6f, 0x6c, 0x61, 0x62, 0x2e, 0x67, 0x69,
   0x74, 0x68, 0x75, 0x62, 0x2e, 0x69, 0x6f, 0x2f, 0x6d, 0x6f, 0x64, 0x65, 0x6c, 0x73, 0x2f, 0x72,
   0x65, 0x61, 0x6c, 0x2d, 0x64, 0x65, 0x6d, 0x6f, 0x2d, 0x68, 0x6f, 0x6c, 0x64, 0x2f, 0x68, 0x61,
   0x6e, 0x64, 0x6c, 0x65, 0x72, 0x2d, 0x63, 0x6c, 0x6f, 0x73, 0x65, 0x2f, 0x63, 0x74, 0x72, 0x6c,
   0x2d, 0x68, 0x6f, 0x6c, 0x64, 0x2d, 0x6f, 0x72, 0x69, 0x65, 0x6e, 0x74, 0x61, 0x74, 0x69, 0x6f,
   0x6e, 0x2f, 0x61, 0x6e, 0x67, 0x2d, 0x7a, 0x2f, 0x66, 0x69, 0x72, 0x73, 0x74, 0x2d, 0x73, 0x61,
   0x6d, 0x70, 0x6c, 0x65, 0x2a, 0x91, 0x01, 0x08, 0xba, 0x18, 0x12, 0x25, 0x63, 0x74, 0x72, 0x6c,
   0x5f, 0x68, 0x6f, 0x6c, 0x64, 0x5f, 0x70, 0x6f, 0x73, 0x69, 0x74, 0x69, 0x6f, 0x6e, 0x5f, 0x6c,
   0x69, 0x6e, 0x5f, 0x78, 0x5f, 0x66, 0x69, 0x72, 0x73, 0x74, 0x5f, 0x73, 0x61, 0x6d, 0x70, 0x6c,
   0x65, 0x1a, 0x65, 0x68, 0x74, 0x74, 0x70, 0x73, 0x3a, 0x2f, 0x2f, 0x73, 0x65, 0x63, 0x6f, 0x72,
   0x6f, 0x6c, 0x61, 0x62, 0x2e, 0x67, 0x69, 0x74, 0x68, 0x75, 0x62, 0x2e, 0x69, 0x6f, 0x2f, 0x6d,
   0x6f, 0x64, 0x65, 0x6c, 0x73, 0x2f, 0x72, 0x65, 0x61, 0x6c, 0x2d, 0x64, 0x65, 0x6d, 0x6f, 0x2d,
   0x68, 0x6f, 0x6c, 0x64, 0x2f, 0x68, 0x61, 0x6e, 0x64, 0x6c, 0x65, 0x72, 0x2d, 0x63, 0x6c, 0x6f,
   0x73, 0x65, 0x2f, 0x63, 0x74, 0x72, 0x6c, 0x2d, 0x68, 0x6f, 0x6c, 0x64, 0x2d, 0x70, 0x6f, 0x73,
   0x69, 0x74, 0x69, 0x6f, 0x6e, 0x2f, 0x6c, 0x69, 0x6e, 0x2d, 0x78, 0x2f, 0x66, 0x69, 0x72, 0x73,
   0x74, 0x2d, 0x73, 0x61, 0x6d, 0x70, 0x6c, 0x65, 0x2a, 0x91, 0x01, 0x08, 0xbb, 0x18, 0x12, 0x25,
   0x63, 0x74, 0x72, 0x6c, 0x5f, 0x68, 0x6f, 0x6c, 0x64, 0x5f, 0x70, 0x6f, 0x73, 0x69, 0x74, 0x69,
   0x6f, 0x6e, 0x5f, 0x6c, 0x69, 0x6e, 0x5f, 0x79, 0x5f, 0x66, 0x69, 0x72, 0x73, 0x74, 0x5f, 0x73,
   0x61, 0x6d, 0x70, 0x6c, 0x65, 0x1a, 0x65, 0x68, 0x74, 0x74, 0x70, 0x73, 0x3a, 0x2f, 0x2f, 0x73,
   0x65, 0x63, 0x6f, 0x72, 0x6f, 0x6c, 0x61, 0x62, 0x2e, 0x67, 0x69, 0x74, 0x68, 0x75, 0x62, 0x2e,
   0x69, 0x6f, 0x2f, 0x6d, 0x6f, 0x64, 0x65, 0x6c, 0x73, 0x2f, 0x72, 0x65, 0x61, 0x6c, 0x2d, 0x64,
   0x65, 0x6d, 0x6f, 0x2d, 0x68, 0x6f, 0x6c, 0x64, 0x2f, 0x68, 0x61, 0x6e, 0x64, 0x6c, 0x65, 0x72,
   0x2d, 0x63, 0x6c, 0x6f, 0x73, 0x65, 0x2f, 0x63, 0x74, 0x72, 0x6c, 0x2d, 0x68, 0x6f, 0x6c, 0x64,
   0x2d, 0x70, 0x6f, 0x73, 0x69, 0x74, 0x69, 0x6f, 0x6e, 0x2f, 0x6c, 0x69, 0x6e, 0x2d, 0x79, 0x2f,
   0x66, 0x69, 0x72, 0x73, 0x74, 0x2d, 0x73, 0x61, 0x6d, 0x70, 0x6c, 0x65, 0x2a, 0x91, 0x01, 0x08,
   0xbc, 0x18, 0x12, 0x25, 0x63, 0x74, 0x72, 0x6c, 0x5f, 0x68, 0x6f, 0x6c, 0x64, 0x5f, 0x70, 0x6f,
   0x73, 0x69, 0x74, 0x69, 0x6f, 0x6e, 0x5f, 0x6c, 0x69, 0x6e, 0x5f, 0x7a, 0x5f, 0x66, 0x69, 0x72,
   0x73, 0x74, 0x5f, 0x73, 0x61, 0x6d, 0x70, 0x6c, 0x65, 0x1a, 0x65, 0x68, 0x74, 0x74, 0x70, 0x73,
   0x3a, 0x2f, 0x2f, 0x73, 0x65, 0x63, 0x6f, 0x72, 0x6f, 0x6c, 0x61, 0x62, 0x2e, 0x67, 0x69, 0x74,
   0x68, 0x75, 0x62, 0x2e, 0x69, 0x6f, 0x2f, 0x6d, 0x6f, 0x64, 0x65, 0x6c, 0x73, 0x2f, 0x72, 0x65,
   0x61, 0x6c, 0x2d, 0x64, 0x65, 0x6d, 0x6f, 0x2d, 0x68, 0x6f, 0x6c, 0x64, 0x2f, 0x68, 0x61, 0x6e,
   0x64, 0x6c, 0x65, 0x72, 0x2d, 0x63, 0x6c, 0x6f, 0x73, 0x65, 0x2f, 0x63, 0x74, 0x72, 0x6c, 0x2d,
   0x68, 0x6f, 0x6c, 0x64, 0x2d, 0x70, 0x6f, 0x73, 0x69, 0x74, 0x69, 0x6f, 0x6e, 0x2f, 0x6c, 0x69,
   0x6e, 0x2d, 0x7a, 0x2f, 0x66, 0x69, 0x72, 0x73, 0x74, 0x2d, 0x73, 0x61, 0x6d, 0x70, 0x6c, 0x65,
   0x2a, 0xa0, 0x01, 0x08, 0xbd, 0x18, 0x12, 0x2d, 0x63, 0x74, 0x72, 0x6c, 0x5f, 0x6f, 0x70, 0x65,
   0x6e, 0x5f, 0x68, 0x6f, 0x6c, 0x64, 0x5f, 0x6f, 0x72, 0x69, 0x65, 0x6e, 0x74, 0x61, 0x74, 0x69,
   0x6f, 0x6e, 0x5f, 0x61, 0x6e, 0x67, 0x5f, 0x78, 0x5f, 0x66, 0x69, 0x72, 0x73, 0x74, 0x5f, 0x73,
   0x61, 0x6d, 0x70, 0x6c, 0x65, 0x1a, 0x6c, 0x68, 0x74, 0x74, 0x70, 0x73, 0x3a, 0x2f, 0x2f, 0x73,
   0x65, 0x63, 0x6f, 0x72, 0x6f, 0x6c, 0x61, 0x62, 0x2e, 0x67, 0x69, 0x74, 0x68, 0x75, 0x62, 0x2e,
   0x69, 0x6f, 0x2f, 0x6d, 0x6f, 0x64, 0x65, 0x6c, 0x73, 0x2f, 0x72, 0x65, 0x61, 0x6c, 0x2d, 0x64,
   0x65, 0x6d, 0x6f, 0x2d, 0x68, 0x6f, 0x6c, 0x64, 0x2f, 0x68, 0x61, 0x6e, 0x64, 0x6c, 0x65, 0x72,
   0x2d, 0x6f, 0x70, 0x65, 0x6e, 0x2f, 0x63, 0x74, 0x72, 0x6c, 0x2d, 0x6f, 0x70, 0x65, 0x6e, 0x2d,
   0x68, 0x6f, 0x6c, 0x64, 0x2d, 0x6f, 0x72, 0x69, 0x65, 0x6e, 0x74, 0x61, 0x74, 0x69, 0x6f, 0x6e,
   0x2f, 0x61, 0x6e, 0x67, 0x2d, 0x78, 0x2f, 0x66, 0x69, 0x72, 0x73, 0x74, 0x2d, 0x73, 0x61, 0x6d,
   0x70, 0x6c, 0x65, 0x2a, 0xa0, 0x01, 0x08, 0xbe, 0x18, 0x12, 0x2d, 0x63, 0x74, 0x72, 0x6c, 0x5f,
   0x6f, 0x70, 0x65, 0x6e, 0x5f, 0x68, 0x6f, 0x6c, 0x64, 0x5f, 0x6f, 0x72, 0x69, 0x65, 0x6e, 0x74,
   0x61, 0x74, 0x69, 0x6f, 0x6e, 0x5f, 0x61, 0x6e, 0x67, 0x5f, 0x79, 0x5f, 0x66, 0x69, 0x72, 0x73,
   0x74, 0x5f, 0x73, 0x61, 0x6d, 0x70, 0x6c, 0x65, 0x1a, 0x6c, 0x68, 0x74, 0x74, 0x70, 0x73, 0x3a,
   0x2f, 0x2f, 0x73, 0x65, 0x63, 0x6f, 0x72, 0x6f, 0x6c, 0x61, 0x62, 0x2e, 0x67, 0x69, 0x74, 0x68,
   0x75, 0x62, 0x2e, 0x69, 0x6f, 0x2f, 0x6d, 0x6f, 0x64, 0x65, 0x6c, 0x73, 0x2f, 0x72, 0x65, 0x61,
   0x6c, 0x2d, 0x64, 0x65, 0x6d, 0x6f, 0x2d, 0x68, 0x6f, 0x6c, 0x64, 0x2f, 0x68, 0x61, 0x6e, 0x64,
   0x6c, 0x65, 0x72, 0x2d, 0x6f, 0x70, 0x65, 0x6e, 0x2f, 0x63, 0x74, 0x72, 0x6c, 0x2d, 0x6f, 0x70,
   0x65, 0x6e, 0x2d, 0x68, 0x6f, 0x6c, 0x64, 0x2d, 0x6f, 0x72, 0x69, 0x65, 0x6e, 0x74, 0x61, 0x74,
   0x69, 0x6f, 0x6e, 0x2f, 0x61, 0x6e, 0x67, 0x2d, 0x79, 0x2f, 0x66, 0x69, 0x72, 0x73, 0x74, 0x2d,
   0x73, 0x61, 0x6d, 0x70, 0x6c, 0x65, 0x2a, 0xa0, 0x01, 0x08, 0xbf, 0x18, 0x12, 0x2d, 0x63, 0x74,
   0x72, 0x6c, 0x5f, 0x6f, 0x70, 0x65, 0x6e, 0x5f, 0x68, 0x6f, 0x6c, 0x64, 0x5f, 0x6f, 0x72, 0x69,
   0x65, 0x6e, 0x74, 0x61, 0x74, 0x69, 0x6f, 0x6e, 0x5f, 0x61, 0x6e, 0x67, 0x5f, 0x7a, 0x5f, 0x66,
   0x69, 0x72, 0x73, 0x74, 0x5f, 0x73, 0x61, 0x6d, 0x70, 0x6c, 0x65, 0x1a, 0x6c, 0x68, 0x74, 0x74,
   0x70, 0x73, 0x3a, 0x2f, 0x2f, 0x73, 0x65, 0x63, 0x6f, 0x72, 0x6f, 0x6c, 0x61, 0x62, 0x2e, 0x67,
   0x69, 0x74, 0x68, 0x75, 0x62, 0x2e, 0x69, 0x6f, 0x2f, 0x6d, 0x6f, 0x64, 0x65, 0x6c, 0x73, 0x2f,
   0x72, 0x65, 0x61, 0x6c, 0x2d, 0x64, 0x65, 0x6d, 0x6f, 0x2d, 0x68, 0x6f, 0x6c, 0x64, 0x2f, 0x68,
   0x61, 0x6e, 0x64, 0x6c, 0x65, 0x72, 0x2d, 0x6f, 0x70, 0x65, 0x6e, 0x2f, 0x63, 0x74, 0x72, 0x6c,
   0x2d, 0x6f, 0x70, 0x65, 0x6e, 0x2d, 0x68, 0x6f, 0x6c, 0x64, 0x2d, 0x6f, 0x72, 0x69, 0x65, 0x6e,
   0x74, 0x61, 0x74, 0x69, 0x6f, 0x6e, 0x2f, 0x61, 0x6e, 0x67, 0x2d, 0x7a, 0x2f, 0x66, 0x69, 0x72,
   0x73, 0x74, 0x2d, 0x73, 0x61, 0x6d, 0x70, 0x6c, 0x65, 0x2a, 0x9a, 0x01, 0x08, 0xc0, 0x18, 0x12,
   0x2a, 0x63, 0x74, 0x72, 0x6c, 0x5f, 0x6f, 0x70, 0x65, 0x6e, 0x5f, 0x68, 0x6f, 0x6c, 0x64, 0x5f,
   0x70, 0x6f, 0x73, 0x69, 0x74, 0x69, 0x6f, 0x6e, 0x5f, 0x6c, 0x69, 0x6e, 0x5f, 0x78, 0x5f, 0x66,
   0x69, 0x72, 0x73, 0x74, 0x5f, 0x73, 0x61, 0x6d, 0x70, 0x6c, 0x65, 0x1a, 0x69, 0x68, 0x74, 0x74,
   0x70, 0x73, 0x3a, 0x2f, 0x2f, 0x73, 0x65, 0x63, 0x6f, 0x72, 0x6f, 0x6c, 0x61, 0x62, 0x2e, 0x67,
   0x69, 0x74, 0x68, 0x75, 0x62, 0x2e, 0x69, 0x6f, 0x2f, 0x6d, 0x6f, 0x64, 0x65, 0x6c, 0x73, 0x2f,
   0x72, 0x65, 0x61, 0x6c, 0x2d, 0x64, 0x65, 0x6d, 0x6f, 0x2d, 0x68, 0x6f, 0x6c, 0x64, 0x2f, 0x68,
   0x61, 0x6e, 0x64, 0x6c, 0x65, 0x72, 0x2d, 0x6f, 0x70, 0x65, 0x6e, 0x2f, 0x63, 0x74, 0x72, 0x6c,
   0x2d, 0x6f, 0x70, 0x65, 0x6e, 0x2d, 0x68, 0x6f, 0x6c, 0x64, 0x2d, 0x70, 0x6f, 0x73, 0x69, 0x74,
   0x69, 0x6f, 0x6e, 0x2f, 0x6c, 0x69, 0x6e, 0x2d, 0x78, 0x2f, 0x66, 0x69, 0x72, 0x73, 0x74, 0x2d,
   0x73, 0x61, 0x6d, 0x70, 0x6c, 0x65, 0x2a, 0x9a, 0x01, 0x08, 0xc1, 0x18, 0x12, 0x2a, 0x63, 0x74,
   0x72, 0x6c, 0x5f, 0x6f, 0x70, 0x65, 0x6e, 0x5f, 0x68, 0x6f, 0x6c, 0x64, 0x5f, 0x70, 0x6f, 0x73,
   0x69, 0x74, 0x69, 0x6f, 0x6e, 0x5f, 0x6c, 0x69, 0x6e, 0x5f, 0x79, 0x5f, 0x66, 0x69, 0x72, 0x73,
   0x74, 0x5f, 0x73, 0x61, 0x6d, 0x70, 0x6c, 0x65, 0x1a, 0x69, 0x68, 0x74, 0x74, 0x70, 0x73, 0x3a,
   0x2f, 0x2f, 0x73, 0x65, 0x63, 0x6f, 0x72, 0x6f, 0x6c, 0x61, 0x62, 0x2e, 0x67, 0x69, 0x74, 0x68,
   0x75, 0x62, 0x2e, 0x69, 0x6f, 0x2f, 0x6d, 0x6f, 0x64, 0x65, 0x6c, 0x73, 0x2f, 0x72, 0x65, 0x61,
   0x6c, 0x2d, 0x64, 0x65, 0x6d, 0x6f, 0x2d, 0x68, 0x6f, 0x6c, 0x64, 0x2f, 0x68, 0x61, 0x6e, 0x64,
   0x6c, 0x65, 0x72, 0x2d, 0x6f, 0x70, 0x65, 0x6e, 0x2f, 0x63, 0x74, 0x72, 0x6c, 0x2d, 0x6f, 0x70,
   0x65, 0x6e, 0x2d, 0x68, 0x6f, 0x6c, 0x64, 0x2d, 0x70, 0x6f, 0x73, 0x69, 0x74, 0x69, 0x6f, 0x6e,
   0x2f, 0x6c, 0x69, 0x6e, 0x2d, 0x79, 0x2f, 0x66, 0x69, 0x72, 0x73, 0x74, 0x2d, 0x73, 0x61, 0x6d,
   0x70, 0x6c, 0x65, 0x2a, 0x9a, 0x01, 0x08, 0xc2, 0x18, 0x12, 0x2a, 0x63, 0x74, 0x72, 0x6c, 0x5f,
   0x6f, 0x70, 0x65, 0x6e, 0x5f, 0x68, 0x6f, 0x6c, 0x64, 0x5f, 0x70, 0x6f, 0x73, 0x69, 0x74, 0x69,
   0x6f, 0x6e, 0x5f, 0x6c, 0x69, 0x6e, 0x5f, 0x7a, 0x5f, 0x66, 0x69, 0x72, 0x73, 0x74, 0x5f, 0x73,
   0x61, 0x6d, 0x70, 0x6c, 0x65, 0x1a, 0x69, 0x68, 0x74, 0x74, 0x70, 0x73, 0x3a, 0x2f, 0x2f, 0x73,
   0x65, 0x63, 0x6f, 0x72, 0x6f, 0x6c, 0x61, 0x62, 0x2e, 0x67, 0x69, 0x74, 0x68, 0x75, 0x62, 0x2e,
   0x69, 0x6f, 0x2f, 0x6d, 0x6f, 0x64, 0x65, 0x6c, 0x73, 0x2f, 0x72, 0x65, 0x61, 0x6c, 0x2d, 0x64,
   0x65, 0x6d, 0x6f, 0x2d, 0x68, 0x6f, 0x6c, 0x64, 0x2f, 0x68, 0x61, 0x6e, 0x64, 0x6c, 0x65, 0x72,
   0x2d, 0x6f, 0x70, 0x65, 0x6e, 0x2f, 0x63, 0x74, 0x72, 0x6c, 0x2d, 0x6f, 0x70, 0x65, 0x6e, 0x2d,
   0x68, 0x6f, 0x6c, 0x64, 0x2d, 0x70, 0x6f, 0x73, 0x69, 0x74, 0x69, 0x6f, 0x6e, 0x2f, 0x6c, 0x69,
   0x6e, 0x2d, 0x7a, 0x2f, 0x66, 0x69, 0x72, 0x73, 0x74, 0x2d, 0x73, 0x61, 0x6d, 0x70, 0x6c, 0x65,
   0x2a, 0x6d, 0x08, 0xc3, 0x18, 0x12, 0x0d, 0x64, 0x74, 0x5f, 0x6d, 0x65, 0x61, 0x73, 0x75, 0x72,
   0x65, 0x64, 0x5f, 0x73, 0x1a, 0x59, 0x68, 0x74, 0x74, 0x70, 0x73, 0x3a, 0x2f, 0x2f, 0x73, 0x65,
   0x63, 0x6f, 0x72, 0x6f, 0x6c, 0x61, 0x62, 0x2e, 0x67, 0x69, 0x74, 0x68, 0x75, 0x62, 0x2e, 0x69,
   0x6f, 0x2f, 0x6d, 0x6f, 0x64, 0x65, 0x6c, 0x73, 0x2f, 0x72, 0x65, 0x61, 0x6c, 0x2d, 0x64, 0x65,
   0x6d, 0x6f, 0x2d, 0x68, 0x6f, 0x6c, 0x64, 0x2f, 0x72, 0x65, 0x61, 0x6c, 0x2d, 0x64, 0x65, 0x6d,
   0x6f, 0x2d, 0x68, 0x6f, 0x6c, 0x64, 0x2d, 0x65, 0x78, 0x65, 0x63, 0x2f, 0x63, 0x6c, 0x6f, 0x63,
   0x6b, 0x2f, 0x64, 0x74, 0x2d, 0x6d, 0x65, 0x61, 0x73, 0x75, 0x72, 0x65, 0x64, 0x2d, 0x73, 0x2a,
   0x6c, 0x08, 0xc4, 0x18, 0x12, 0x13, 0x65, 0x78, 0x74, 0x5f, 0x66, 0x6f, 0x72, 0x63, 0x65, 0x5f,
   0x66, 0x74, 0x5f, 0x73, 0x65, 0x74, 0x74, 0x6c, 0x65, 0x1a, 0x52, 0x68, 0x74, 0x74, 0x70, 0x73,
   0x3a, 0x2f, 0x2f, 0x73, 0x65, 0x63, 0x6f, 0x72, 0x6f, 0x6c, 0x61, 0x62, 0x2e, 0x67, 0x69, 0x74,
   0x68, 0x75, 0x62, 0x2e, 0x69, 0x6f, 0x2f, 0x6d, 0x6f, 0x64, 0x65, 0x6c, 0x73, 0x2f, 0x72, 0x65,
   0x61, 0x6c, 0x2d, 0x64, 0x65, 0x6d, 0x6f, 0x2d, 0x68, 0x6f, 0x6c, 0x64, 0x2f, 0x73, 0x68, 0x61,
   0x72, 0x65, 0x64, 0x2f, 0x77, 0x6f, 0x72, 0x6c, 0x64, 0x2f, 0x65, 0x78, 0x74, 0x2d, 0x66, 0x6f,
   0x72, 0x63, 0x65, 0x2f, 0x66, 0x74, 0x2d, 0x73, 0x65, 0x74, 0x74, 0x6c, 0x65, 0x2a, 0x5e, 0x08,
   0x88, 0x27, 0x12, 0x0c, 0x70, 0x6f, 0x73, 0x65, 0x5f, 0x65, 0x65, 0x5f, 0x62, 0x61, 0x73, 0x65,
   0x1a, 0x4b, 0x68, 0x74, 0x74, 0x70, 0x73, 0x3a, 0x2f, 0x2f, 0x73, 0x65, 0x63, 0x6f, 0x72, 0x6f,
   0x6c, 0x61, 0x62, 0x2e, 0x67, 0x69, 0x74, 0x68, 0x75, 0x62, 0x2e, 0x69, 0x6f, 0x2f, 0x6d, 0x6f,
   0x64, 0x65, 0x6c, 0x73, 0x2f, 0x72, 0x65, 0x61, 0x6c, 0x2d, 0x64, 0x65, 0x6d, 0x6f, 0x2d, 0x68,
   0x6f, 0x6c, 0x64, 0x2f, 0x73, 0x68, 0x61, 0x72, 0x65, 0x64, 0x2f, 0x77, 0x6f, 0x72, 0x6c, 0x64,
   0x2f, 0x70, 0x6f, 0x73, 0x65, 0x2d, 0x65, 0x65, 0x2d, 0x62, 0x61, 0x73, 0x65, 0x2a, 0x59, 0x08,
   0x89, 0x27, 0x12, 0x0a, 0x73, 0x74, 0x61, 0x72, 0x74, 0x5f, 0x70, 0x6f, 0x73, 0x65, 0x1a, 0x48,
   0x68, 0x74, 0x74, 0x70, 0x73, 0x3a, 0x2f, 0x2f, 0x73, 0x65, 0x63, 0x6f, 0x72, 0x6f, 0x6c, 0x61,
   0x62, 0x2e, 0x67, 0x69, 0x74, 0x68, 0x75, 0x62, 0x2e, 0x69, 0x6f, 0x2f, 0x6d, 0x6f, 0x64, 0x65,
   0x6c, 0x73, 0x2f, 0x72, 0x65, 0x61, 0x6c, 0x2d, 0x64, 0x65, 0x6d, 0x6f, 0x2d, 0x68, 0x6f, 0x6c,
   0x64, 0x2f, 0x73, 0x68, 0x61, 0x72, 0x65, 0x64, 0x2f, 0x73, 0x70, 0x65, 0x63, 0x2f, 0x73, 0x74,
   0x61, 0x72, 0x74, 0x2d, 0x70, 0x6f, 0x73, 0x65, 0x2a, 0x58, 0x08, 0xd8, 0x36, 0x12, 0x09, 0x65,
   0x78, 0x74, 0x5f, 0x66, 0x6f, 0x72, 0x63, 0x65, 0x1a, 0x48, 0x68, 0x74, 0x74, 0x70, 0x73, 0x3a,
   0x2f, 0x2f, 0x73, 0x65, 0x63, 0x6f, 0x72, 0x6f, 0x6c, 0x61, 0x62, 0x2e, 0x67, 0x69, 0x74, 0x68,
   0x75, 0x62, 0x2e, 0x69, 0x6f, 0x2f, 0x6d, 0x6f, 0x64, 0x65, 0x6c, 0x73, 0x2f, 0x72, 0x65, 0x61,
   0x6c, 0x2d, 0x64, 0x65, 0x6d, 0x6f, 0x2d, 0x68, 0x6f, 0x6c, 0x64, 0x2f, 0x73, 0x68, 0x61, 0x72,
   0x65, 0x64, 0x2f, 0x77, 0x6f, 0x72, 0x6c, 0x64, 0x2f, 0x65, 0x78, 0x74, 0x2d, 0x66, 0x6f, 0x72,
   0x63, 0x65, 0x2a, 0x68, 0x08, 0xd9, 0x36, 0x12, 0x11, 0x65, 0x78, 0x74, 0x5f, 0x66, 0x6f, 0x72,
   0x63, 0x65, 0x5f, 0x66, 0x74, 0x5f, 0x62, 0x69, 0x61, 0x73, 0x1a, 0x50, 0x68, 0x74, 0x74, 0x70,
   0x73, 0x3a, 0x2f, 0x2f, 0x73, 0x65, 0x63, 0x6f, 0x72, 0x6f, 0x6c, 0x61, 0x62, 0x2e, 0x67, 0x69,
   0x74, 0x68, 0x75, 0x62, 0x2e, 0x69, 0x6f, 0x2f, 0x6d, 0x6f, 0x64, 0x65, 0x6c, 0x73, 0x2f, 0x72,
   0x65, 0x61, 0x6c, 0x2d, 0x64, 0x65, 0x6d, 0x6f, 0x2d, 0x68, 0x6f, 0x6c, 0x64, 0x2f, 0x73, 0x68,
   0x61, 0x72, 0x65, 0x64, 0x2f, 0x77, 0x6f, 0x72, 0x6c, 0x64, 0x2f, 0x65, 0x78, 0x74, 0x2d, 0x66,
   0x6f, 0x72, 0x63, 0x65, 0x2f, 0x66, 0x74, 0x2d, 0x62, 0x69, 0x61, 0x73, 0x32, 0xb7, 0x09, 0x12,
   0x11, 0x6d, 0x6f, 0x74, 0x69, 0x6f, 0x6e, 0x5f, 0x68, 0x6f, 0x6c, 0x64, 0x5f, 0x63, 0x6c, 0x6f,
   0x73, 0x65, 0x1a, 0x43, 0x68, 0x74, 0x74, 0x70, 0x73, 0x3a, 0x2f, 0x2f, 0x73, 0x65, 0x63, 0x6f,
   0x72, 0x6f, 0x6c, 0x61, 0x62, 0x2e, 0x67, 0x69, 0x74, 0x68, 0x75, 0x62, 0x2e, 0x69, 0x6f, 0x2f,
   0x6d, 0x6f, 0x64, 0x65, 0x6c, 0x73, 0x2f, 0x72, 0x65, 0x61, 0x6c, 0x2d, 0x64, 0x65, 0x6d, 0x6f,
   0x2d, 0x68, 0x6f, 0x6c, 0x64, 0x2f, 0x6d, 0x6f, 0x74, 0x69, 0x6f, 0x6e, 0x2d, 0x68, 0x6f, 0x6c,
   0x64, 0x2d, 0x63, 0x6c, 0x6f, 0x73, 0x65, 0x20, 0x01, 0x2a, 0x64, 0x00, 0x01, 0x02, 0x03, 0x04,
   0x05, 0x06, 0x07, 0x08, 0x09, 0x0a, 0x0b, 0x0c, 0x0d, 0x0e, 0x0f, 0x10, 0x11, 0x12, 0x13, 0x14,
   0x15, 0x16, 0x17, 0x18, 0x19, 0x1a, 0x1b, 0x1c, 0x1d, 0x1e, 0x1f, 0x20, 0x21, 0x22, 0x23, 0x25,
   0x26, 0x27, 0x28, 0x29, 0x2a, 0x2b, 0x2c, 0x2d, 0x2e, 0x2f, 0x30, 0x31, 0x32, 0x33, 0x34, 0x35,
   0x36, 0x49, 0x4a, 0x4b, 0x4c, 0x4d, 0x4e, 0x55, 0x57, 0x58, 0x5a, 0x5b, 0x5c, 0x5d, 0x5e, 0x5f,
   0x60, 0x61, 0x62, 0x63, 0x64, 0x65, 0x72, 0x73, 0x74, 0x75, 0x76, 0x77, 0x78, 0x79, 0x7a, 0x7b,
   0x7c, 0x7d, 0x7f, 0x80, 0x01, 0x81, 0x01, 0x82, 0x01, 0x83, 0x01, 0x84, 0x01, 0x8c, 0x01, 0x32,
   0x02, 0x00, 0x01, 0x42, 0x02, 0x00, 0x01, 0x4a, 0x74, 0x12, 0x18, 0x63, 0x74, 0x72, 0x6c, 0x5f,
   0x68, 0x6f, 0x6c, 0x64, 0x5f, 0x70, 0x6f, 0x73, 0x69, 0x74, 0x69, 0x6f, 0x6e, 0x5f, 0x6c, 0x69,
   0x6e, 0x5f, 0x78, 0x1a, 0x58, 0x68, 0x74, 0x74, 0x70, 0x73, 0x3a, 0x2f, 0x2f, 0x73, 0x65, 0x63,
   0x6f, 0x72, 0x6f, 0x6c, 0x61, 0x62, 0x2e, 0x67, 0x69, 0x74, 0x68, 0x75, 0x62, 0x2e, 0x69, 0x6f,
   0x2f, 0x6d, 0x6f, 0x64, 0x65, 0x6c, 0x73, 0x2f, 0x72, 0x65, 0x61, 0x6c, 0x2d, 0x64, 0x65, 0x6d,
   0x6f, 0x2d, 0x68, 0x6f, 0x6c, 0x64, 0x2f, 0x68, 0x61, 0x6e, 0x64, 0x6c, 0x65, 0x72, 0x2d, 0x63,
   0x6c, 0x6f, 0x73, 0x65, 0x2f, 0x63, 0x74, 0x72, 0x6c, 0x2d, 0x68, 0x6f, 0x6c, 0x64, 0x2d, 0x70,
   0x6f, 0x73, 0x69, 0x74, 0x69, 0x6f, 0x6e, 0x2f, 0x6c, 0x69, 0x6e, 0x2d, 0x78, 0x4a, 0x76, 0x08,
   0x01, 0x12, 0x18, 0x63, 0x74, 0x72, 0x6c, 0x5f, 0x68, 0x6f, 0x6c, 0x64, 0x5f, 0x70, 0x6f, 0x73,
   0x69, 0x74, 0x69, 0x6f, 0x6e, 0x5f, 0x6c, 0x69, 0x6e, 0x5f, 0x79, 0x1a, 0x58, 0x68, 0x74, 0x74,
   0x70, 0x73, 0x3a, 0x2f, 0x2f, 0x73, 0x65, 0x63, 0x6f, 0x72, 0x6f, 0x6c, 0x61, 0x62, 0x2e, 0x67,
   0x69, 0x74, 0x68, 0x75, 0x62, 0x2e, 0x69, 0x6f, 0x2f, 0x6d, 0x6f, 0x64, 0x65, 0x6c, 0x73, 0x2f,
   0x72, 0x65, 0x61, 0x6c, 0x2d, 0x64, 0x65, 0x6d, 0x6f, 0x2d, 0x68, 0x6f, 0x6c, 0x64, 0x2f, 0x68,
   0x61, 0x6e, 0x64, 0x6c, 0x65, 0x72, 0x2d, 0x63, 0x6c, 0x6f, 0x73, 0x65, 0x2f, 0x63, 0x74, 0x72,
   0x6c, 0x2d, 0x68, 0x6f, 0x6c, 0x64, 0x2d, 0x70, 0x6f, 0x73, 0x69, 0x74, 0x69, 0x6f, 0x6e, 0x2f,
   0x6c, 0x69, 0x6e, 0x2d, 0x79, 0x4a, 0x76, 0x08, 0x02, 0x12, 0x18, 0x63, 0x74, 0x72, 0x6c, 0x5f,
   0x68, 0x6f, 0x6c, 0x64, 0x5f, 0x70, 0x6f, 0x73, 0x69, 0x74, 0x69, 0x6f, 0x6e, 0x5f, 0x6c, 0x69,
   0x6e, 0x5f, 0x7a, 0x1a, 0x58, 0x68, 0x74, 0x74, 0x70, 0x73, 0x3a, 0x2f, 0x2f, 0x73, 0x65, 0x63,
   0x6f, 0x72, 0x6f, 0x6c, 0x61, 0x62, 0x2e, 0x67, 0x69, 0x74, 0x68, 0x75, 0x62, 0x2e, 0x69, 0x6f,
   0x2f, 0x6d, 0x6f, 0x64, 0x65, 0x6c, 0x73, 0x2f, 0x72, 0x65, 0x61, 0x6c, 0x2d, 0x64, 0x65, 0x6d,
   0x6f, 0x2d, 0x68, 0x6f, 0x6c, 0x64, 0x2f, 0x68, 0x61, 0x6e, 0x64, 0x6c, 0x65, 0x72, 0x2d, 0x63,
   0x6c, 0x6f, 0x73, 0x65, 0x2f, 0x63, 0x74, 0x72, 0x6c, 0x2d, 0x68, 0x6f, 0x6c, 0x64, 0x2d, 0x70,
   0x6f, 0x73, 0x69, 0x74, 0x69, 0x6f, 0x6e, 0x2f, 0x6c, 0x69, 0x6e, 0x2d, 0x7a, 0x4a, 0x7c, 0x08,
   0x03, 0x12, 0x1b, 0x63, 0x74, 0x72, 0x6c, 0x5f, 0x68, 0x6f, 0x6c, 0x64, 0x5f, 0x6f, 0x72, 0x69,
   0x65, 0x6e, 0x74, 0x61, 0x74, 0x69, 0x6f, 0x6e, 0x5f, 0x61, 0x6e, 0x67, 0x5f, 0x78, 0x1a, 0x5b,
   0x68, 0x74, 0x74, 0x70, 0x73, 0x3a, 0x2f, 0x2f, 0x73, 0x65, 0x63, 0x6f, 0x72, 0x6f, 0x6c, 0x61,
   0x62, 0x2e, 0x67, 0x69, 0x74, 0x68, 0x75, 0x62, 0x2e, 0x69, 0x6f, 0x2f, 0x6d, 0x6f, 0x64, 0x65,
   0x6c, 0x73, 0x2f, 0x72, 0x65, 0x61, 0x6c, 0x2d, 0x64, 0x65, 0x6d, 0x6f, 0x2d, 0x68, 0x6f, 0x6c,
   0x64, 0x2f, 0x68, 0x61, 0x6e, 0x64, 0x6c, 0x65, 0x72, 0x2d, 0x63, 0x6c, 0x6f, 0x73, 0x65, 0x2f,
   0x63, 0x74, 0x72, 0x6c, 0x2d, 0x68, 0x6f, 0x6c, 0x64, 0x2d, 0x6f, 0x72, 0x69, 0x65, 0x6e, 0x74,
   0x61, 0x74, 0x69, 0x6f, 0x6e, 0x2f, 0x61, 0x6e, 0x67, 0x2d, 0x78, 0x4a, 0x7c, 0x08, 0x04, 0x12,
   0x1b, 0x63, 0x74, 0x72, 0x6c, 0x5f, 0x68, 0x6f, 0x6c, 0x64, 0x5f, 0x6f, 0x72, 0x69, 0x65, 0x6e,
   0x74, 0x61, 0x74, 0x69, 0x6f, 0x6e, 0x5f, 0x61, 0x6e, 0x67, 0x5f, 0x79, 0x1a, 0x5b, 0x68, 0x74,
   0x74, 0x70, 0x73, 0x3a, 0x2f, 0x2f, 0x73, 0x65, 0x63, 0x6f, 0x72, 0x6f, 0x6c, 0x61, 0x62, 0x2e,
   0x67, 0x69, 0x74, 0x68, 0x75, 0x62, 0x2e, 0x69, 0x6f, 0x2f, 0x6d, 0x6f, 0x64, 0x65, 0x6c, 0x73,
   0x2f, 0x72, 0x65, 0x61, 0x6c, 0x2d, 0x64, 0x65, 0x6d, 0x6f, 0x2d, 0x68, 0x6f, 0x6c, 0x64, 0x2f,
   0x68, 0x61, 0x6e, 0x64, 0x6c, 0x65, 0x72, 0x2d, 0x63, 0x6c, 0x6f, 0x73, 0x65, 0x2f, 0x63, 0x74,
   0x72, 0x6c, 0x2d, 0x68, 0x6f, 0x6c, 0x64, 0x2d, 0x6f, 0x72, 0x69, 0x65, 0x6e, 0x74, 0x61, 0x74,
   0x69, 0x6f, 0x6e, 0x2f, 0x61, 0x6e, 0x67, 0x2d, 0x79, 0x4a, 0x7c, 0x08, 0x05, 0x12, 0x1b, 0x63,
   0x74, 0x72, 0x6c, 0x5f, 0x68, 0x6f, 0x6c, 0x64, 0x5f, 0x6f, 0x72, 0x69, 0x65, 0x6e, 0x74, 0x61,
   0x74, 0x69, 0x6f, 0x6e, 0x5f, 0x61, 0x6e, 0x67, 0x5f, 0x7a, 0x1a, 0x5b, 0x68, 0x74, 0x74, 0x70,
   0x73, 0x3a, 0x2f, 0x2f, 0x73, 0x65, 0x63, 0x6f, 0x72, 0x6f, 0x6c, 0x61, 0x62, 0x2e, 0x67, 0x69,
   0x74, 0x68, 0x75, 0x62, 0x2e, 0x69, 0x6f, 0x2f, 0x6d, 0x6f, 0x64, 0x65, 0x6c, 0x73, 0x2f, 0x72,
   0x65, 0x61, 0x6c, 0x2d, 0x64, 0x65, 0x6d, 0x6f, 0x2d, 0x68, 0x6f, 0x6c, 0x64, 0x2f, 0x68, 0x61,
   0x6e, 0x64, 0x6c, 0x65, 0x72, 0x2d, 0x63, 0x6c, 0x6f, 0x73, 0x65, 0x2f, 0x63, 0x74, 0x72, 0x6c,
   0x2d, 0x68, 0x6f, 0x6c, 0x64, 0x2d, 0x6f, 0x72, 0x69, 0x65, 0x6e, 0x74, 0x61, 0x74, 0x69, 0x6f,
   0x6e, 0x2f, 0x61, 0x6e, 0x67, 0x2d, 0x7a, 0x4a, 0x6a, 0x08, 0x06, 0x12, 0x12, 0x63, 0x74, 0x72,
   0x6c, 0x5f, 0x63, 0x6c, 0x6f, 0x73, 0x65, 0x5f, 0x67, 0x72, 0x69, 0x70, 0x70, 0x65, 0x72, 0x1a,
   0x52, 0x68, 0x74, 0x74, 0x70, 0x73, 0x3a, 0x2f, 0x2f, 0x73, 0x65, 0x63, 0x6f, 0x72, 0x6f, 0x6c,
   0x61, 0x62, 0x2e, 0x67, 0x69, 0x74, 0x68, 0x75, 0x62, 0x2e, 0x69, 0x6f, 0x2f, 0x6d, 0x6f, 0x64,
   0x65, 0x6c, 0x73, 0x2f, 0x72, 0x65, 0x61, 0x6c, 0x2d, 0x64, 0x65, 0x6d, 0x6f, 0x2d, 0x68, 0x6f,
   0x6c, 0x64, 0x2f, 0x68, 0x61, 0x6e, 0x64, 0x6c, 0x65, 0x72, 0x2d, 0x63, 0x6c, 0x6f, 0x73, 0x65,
   0x2f, 0x63, 0x74, 0x72, 0x6c, 0x2d, 0x63, 0x6c, 0x6f, 0x73, 0x65, 0x2d, 0x67, 0x72, 0x69, 0x70,
   0x70, 0x65, 0x72, 0x52, 0xa0, 0x01, 0x12, 0x0a, 0x6d, 0x6f, 0x6e, 0x5f, 0x63, 0x6c, 0x6f, 0x73,
   0x65, 0x64, 0x1a, 0x4a, 0x68, 0x74, 0x74, 0x70, 0x73, 0x3a, 0x2f, 0x2f, 0x73, 0x65, 0x63, 0x6f,
   0x72, 0x6f, 0x6c, 0x61, 0x62, 0x2e, 0x67, 0x69, 0x74, 0x68, 0x75, 0x62, 0x2e, 0x69, 0x6f, 0x2f,
   0x6d, 0x6f, 0x64, 0x65, 0x6c, 0x73, 0x2f, 0x72, 0x65, 0x61, 0x6c, 0x2d, 0x64, 0x65, 0x6d, 0x6f,
   0x2d, 0x68, 0x6f, 0x6c, 0x64, 0x2f, 0x68, 0x61, 0x6e, 0x64, 0x6c, 0x65, 0x72, 0x2d, 0x63, 0x6c,
   0x6f, 0x73, 0x65, 0x2f, 0x6d, 0x6f, 0x6e, 0x2d, 0x63, 0x6c, 0x6f, 0x73, 0x65, 0x64, 0x2a, 0x46,
   0x68, 0x74, 0x74, 0x70, 0x73, 0x3a, 0x2f, 0x2f, 0x73, 0x65, 0x63, 0x6f, 0x72, 0x6f, 0x6c, 0x61,
   0x62, 0x2e, 0x67, 0x69, 0x74, 0x68, 0x75, 0x62, 0x2e, 0x69, 0x6f, 0x2f, 0x6d, 0x6f, 0x64, 0x65,
   0x6c, 0x73, 0x2f, 0x72, 0x65, 0x61, 0x6c, 0x2d, 0x64, 0x65, 0x6d, 0x6f, 0x2d, 0x68, 0x6f, 0x6c,
   0x64, 0x2f, 0x66, 0x73, 0x6d, 0x2f, 0x45, 0x5f, 0x47, 0x52, 0x49, 0x50, 0x50, 0x45, 0x52, 0x5f,
   0x43, 0x4c, 0x4f, 0x53, 0x45, 0x44, 0x32, 0xed, 0x09, 0x08, 0x01, 0x12, 0x10, 0x6d, 0x6f, 0x74,
   0x69, 0x6f, 0x6e, 0x5f, 0x68, 0x6f, 0x6c, 0x64, 0x5f, 0x6f, 0x70, 0x65, 0x6e, 0x1a, 0x42, 0x68,
   0x74, 0x74, 0x70, 0x73, 0x3a, 0x2f, 0x2f, 0x73, 0x65, 0x63, 0x6f, 0x72, 0x6f, 0x6c, 0x61, 0x62,
   0x2e, 0x67, 0x69, 0x74, 0x68, 0x75, 0x62, 0x2e, 0x69, 0x6f, 0x2f, 0x6d, 0x6f, 0x64, 0x65, 0x6c,
   0x73, 0x2f, 0x72, 0x65, 0x61, 0x6c, 0x2d, 0x64, 0x65, 0x6d, 0x6f, 0x2d, 0x68, 0x6f, 0x6c, 0x64,
   0x2f, 0x6d, 0x6f, 0x74, 0x69, 0x6f, 0x6e, 0x2d, 0x68, 0x6f, 0x6c, 0x64, 0x2d, 0x6f, 0x70, 0x65,
   0x6e, 0x20, 0x02, 0x2a, 0x65, 0x00, 0x01, 0x02, 0x03, 0x04, 0x05, 0x06, 0x07, 0x08, 0x09, 0x0a,
   0x0b, 0x0c, 0x0d, 0x0e, 0x0f, 0x10, 0x11, 0x12, 0x13, 0x14, 0x15, 0x16, 0x17, 0x18, 0x19, 0x1a,
   0x1b, 0x1c, 0x1d, 0x1e, 0x1f, 0x20, 0x21, 0x22, 0x24, 0x37, 0x38, 0x39, 0x3a, 0x3b, 0x3c, 0x3d,
   0x3e, 0x3f, 0x40, 0x41, 0x42, 0x43, 0x44, 0x45, 0x46, 0x47, 0x48, 0x4f, 0x50, 0x51, 0x52, 0x53,
   0x54, 0x56, 0x57, 0x59, 0x66, 0x67, 0x68, 0x69, 0x6a, 0x6b, 0x6c, 0x6d, 0x6e, 0x6f, 0x70, 0x71,
   0x72, 0x73, 0x74, 0x75, 0x76, 0x77, 0x78, 0x79, 0x7a, 0x7b, 0x7c, 0x7d, 0x85, 0x01, 0x86, 0x01,
   0x87, 0x01, 0x88, 0x01, 0x89, 0x01, 0x8a, 0x01, 0x8c, 0x01, 0x32, 0x02, 0x00, 0x01, 0x42, 0x02,
   0x00, 0x01, 0x4a, 0x7d, 0x12, 0x1d, 0x63, 0x74, 0x72, 0x6c, 0x5f, 0x6f, 0x70, 0x65, 0x6e, 0x5f,
   0x68, 0x6f, 0x6c, 0x64, 0x5f, 0x70, 0x6f, 0x73, 0x69, 0x74, 0x69, 0x6f, 0x6e, 0x5f, 0x6c, 0x69,
   0x6e, 0x5f, 0x78, 0x1a, 0x5c, 0x68, 0x74, 0x74, 0x70, 0x73, 0x3a, 0x2f, 0x2f, 0x73, 0x65, 0x63,
   0x6f, 0x72, 0x6f, 0x6c, 0x61, 0x62, 0x2e, 0x67, 0x69, 0x74, 0x68, 0x75, 0x62, 0x2e, 0x69, 0x6f,
   0x2f, 0x6d, 0x6f, 0x64, 0x65, 0x6c, 0x73, 0x2f, 0x72, 0x65, 0x61, 0x6c, 0x2d, 0x64, 0x65, 0x6d,
   0x6f, 0x2d, 0x68, 0x6f, 0x6c, 0x64, 0x2f, 0x68, 0x61, 0x6e, 0x64, 0x6c, 0x65, 0x72, 0x2d, 0x6f,
   0x70, 0x65, 0x6e, 0x2f, 0x63, 0x74, 0x72, 0x6c, 0x2d, 0x6f, 0x70, 0x65, 0x6e, 0x2d, 0x68, 0x6f,
   0x6c, 0x64, 0x2d, 0x70, 0x6f, 0x73, 0x69, 0x74, 0x69, 0x6f, 0x6e, 0x2f, 0x6c, 0x69, 0x6e, 0x2d,
   0x78, 0x4a, 0x7f, 0x08, 0x01, 0x12, 0x1d, 0x63, 0x74, 0x72, 0x6c, 0x5f, 0x6f, 0x70, 0x65, 0x6e,
   0x5f, 0x68, 0x6f, 0x6c, 0x64, 0x5f, 0x70, 0x6f, 0x73, 0x69, 0x74, 0x69, 0x6f, 0x6e, 0x5f, 0x6c,
   0x69, 0x6e, 0x5f, 0x79, 0x1a, 0x5c, 0x68, 0x74, 0x74, 0x70, 0x73, 0x3a, 0x2f, 0x2f, 0x73, 0x65,
   0x63, 0x6f, 0x72, 0x6f, 0x6c, 0x61, 0x62, 0x2e, 0x67, 0x69, 0x74, 0x68, 0x75, 0x62, 0x2e, 0x69,
   0x6f, 0x2f, 0x6d, 0x6f, 0x64, 0x65, 0x6c, 0x73, 0x2f, 0x72, 0x65, 0x61, 0x6c, 0x2d, 0x64, 0x65,
   0x6d, 0x6f, 0x2d, 0x68, 0x6f, 0x6c, 0x64, 0x2f, 0x68, 0x61, 0x6e, 0x64, 0x6c, 0x65, 0x72, 0x2d,
   0x6f, 0x70, 0x65, 0x6e, 0x2f, 0x63, 0x74, 0x72, 0x6c, 0x2d, 0x6f, 0x70, 0x65, 0x6e, 0x2d, 0x68,
   0x6f, 0x6c, 0x64, 0x2d, 0x70, 0x6f, 0x73, 0x69, 0x74, 0x69, 0x6f, 0x6e, 0x2f, 0x6c, 0x69, 0x6e,
   0x2d, 0x79, 0x4a, 0x7f, 0x08, 0x02, 0x12, 0x1d, 0x63, 0x74, 0x72, 0x6c, 0x5f, 0x6f, 0x70, 0x65,
   0x6e, 0x5f, 0x68, 0x6f, 0x6c, 0x64, 0x5f, 0x70, 0x6f, 0x73, 0x69, 0x74, 0x69, 0x6f, 0x6e, 0x5f,
   0x6c, 0x69, 0x6e, 0x5f, 0x7a, 0x1a, 0x5c, 0x68, 0x74, 0x74, 0x70, 0x73, 0x3a, 0x2f, 0x2f, 0x73,
   0x65, 0x63, 0x6f, 0x72, 0x6f, 0x6c, 0x61, 0x62, 0x2e, 0x67, 0x69, 0x74, 0x68, 0x75, 0x62, 0x2e,
   0x69, 0x6f, 0x2f, 0x6d, 0x6f, 0x64, 0x65, 0x6c, 0x73, 0x2f, 0x72, 0x65, 0x61, 0x6c, 0x2d, 0x64,
   0x65, 0x6d, 0x6f, 0x2d, 0x68, 0x6f, 0x6c, 0x64, 0x2f, 0x68, 0x61, 0x6e, 0x64, 0x6c, 0x65, 0x72,
   0x2d, 0x6f, 0x70, 0x65, 0x6e, 0x2f, 0x63, 0x74, 0x72, 0x6c, 0x2d, 0x6f, 0x70, 0x65, 0x6e, 0x2d,
   0x68, 0x6f, 0x6c, 0x64, 0x2d, 0x70, 0x6f, 0x73, 0x69, 0x74, 0x69, 0x6f, 0x6e, 0x2f, 0x6c, 0x69,
   0x6e, 0x2d, 0x7a, 0x4a, 0x85, 0x01, 0x08, 0x03, 0x12, 0x20, 0x63, 0x74, 0x72, 0x6c, 0x5f, 0x6f,
   0x70, 0x65, 0x6e, 0x5f, 0x68, 0x6f, 0x6c, 0x64, 0x5f, 0x6f, 0x72, 0x69, 0x65, 0x6e, 0x74, 0x61,
   0x74, 0x69, 0x6f, 0x6e, 0x5f, 0x61, 0x6e, 0x67, 0x5f, 0x78, 0x1a, 0x5f, 0x68, 0x74, 0x74, 0x70,
   0x73, 0x3a, 0x2f, 0x2f, 0x73, 0x65, 0x63, 0x6f, 0x72, 0x6f, 0x6c, 0x61, 0x62, 0x2e, 0x67, 0x69,
   0x74, 0x68, 0x75, 0x62, 0x2e, 0x69, 0x6f, 0x2f, 0x6d, 0x6f, 0x64, 0x65, 0x6c, 0x73, 0x2f, 0x72,
   0x65, 0x61, 0x6c, 0x2d, 0x64, 0x65, 0x6d, 0x6f, 0x2d, 0x68, 0x6f, 0x6c, 0x64, 0x2f, 0x68, 0x61,
   0x6e, 0x64, 0x6c, 0x65, 0x72, 0x2d, 0x6f, 0x70, 0x65, 0x6e, 0x2f, 0x63, 0x74, 0x72, 0x6c, 0x2d,
   0x6f, 0x70, 0x65, 0x6e, 0x2d, 0x68, 0x6f, 0x6c, 0x64, 0x2d, 0x6f, 0x72, 0x69, 0x65, 0x6e, 0x74,
   0x61, 0x74, 0x69, 0x6f, 0x6e, 0x2f, 0x61, 0x6e, 0x67, 0x2d, 0x78, 0x4a, 0x85, 0x01, 0x08, 0x04,
   0x12, 0x20, 0x63, 0x74, 0x72, 0x6c, 0x5f, 0x6f, 0x70, 0x65, 0x6e, 0x5f, 0x68, 0x6f, 0x6c, 0x64,
   0x5f, 0x6f, 0x72, 0x69, 0x65, 0x6e, 0x74, 0x61, 0x74, 0x69, 0x6f, 0x6e, 0x5f, 0x61, 0x6e, 0x67,
   0x5f, 0x79, 0x1a, 0x5f, 0x68, 0x74, 0x74, 0x70, 0x73, 0x3a, 0x2f, 0x2f, 0x73, 0x65, 0x63, 0x6f,
   0x72, 0x6f, 0x6c, 0x61, 0x62, 0x2e, 0x67, 0x69, 0x74, 0x68, 0x75, 0x62, 0x2e, 0x69, 0x6f, 0x2f,
   0x6d, 0x6f, 0x64, 0x65, 0x6c, 0x73, 0x2f, 0x72, 0x65, 0x61, 0x6c, 0x2d, 0x64, 0x65, 0x6d, 0x6f,
   0x2d, 0x68, 0x6f, 0x6c, 0x64, 0x2f, 0x68, 0x61, 0x6e, 0x64, 0x6c, 0x65, 0x72, 0x2d, 0x6f, 0x70,
   0x65, 0x6e, 0x2f, 0x63, 0x74, 0x72, 0x6c, 0x2d, 0x6f, 0x70, 0x65, 0x6e, 0x2d, 0x68, 0x6f, 0x6c,
   0x64, 0x2d, 0x6f, 0x72, 0x69, 0x65, 0x6e, 0x74, 0x61, 0x74, 0x69, 0x6f, 0x6e, 0x2f, 0x61, 0x6e,
   0x67, 0x2d, 0x79, 0x4a, 0x85, 0x01, 0x08, 0x05, 0x12, 0x20, 0x63, 0x74, 0x72, 0x6c, 0x5f, 0x6f,
   0x70, 0x65, 0x6e, 0x5f, 0x68, 0x6f, 0x6c, 0x64, 0x5f, 0x6f, 0x72, 0x69, 0x65, 0x6e, 0x74, 0x61,
   0x74, 0x69, 0x6f, 0x6e, 0x5f, 0x61, 0x6e, 0x67, 0x5f, 0x7a, 0x1a, 0x5f, 0x68, 0x74, 0x74, 0x70,
   0x73, 0x3a, 0x2f, 0x2f, 0x73, 0x65, 0x63, 0x6f, 0x72, 0x6f, 0x6c, 0x61, 0x62, 0x2e, 0x67, 0x69,
   0x74, 0x68, 0x75, 0x62, 0x2e, 0x69, 0x6f, 0x2f, 0x6d, 0x6f, 0x64, 0x65, 0x6c, 0x73, 0x2f, 0x72,
   0x65, 0x61, 0x6c, 0x2d, 0x64, 0x65, 0x6d, 0x6f, 0x2d, 0x68, 0x6f, 0x6c, 0x64, 0x2f, 0x68, 0x61,
   0x6e, 0x64, 0x6c, 0x65, 0x72, 0x2d, 0x6f, 0x70, 0x65, 0x6e, 0x2f, 0x63, 0x74, 0x72, 0x6c, 0x2d,
   0x6f, 0x70, 0x65, 0x6e, 0x2d, 0x68, 0x6f, 0x6c, 0x64, 0x2d, 0x6f, 0x72, 0x69, 0x65, 0x6e, 0x74,
   0x61, 0x74, 0x69, 0x6f, 0x6e, 0x2f, 0x61, 0x6e, 0x67, 0x2d, 0x7a, 0x4a, 0x67, 0x08, 0x06, 0x12,
   0x11, 0x63, 0x74, 0x72, 0x6c, 0x5f, 0x6f, 0x70, 0x65, 0x6e, 0x5f, 0x67, 0x72, 0x69, 0x70, 0x70,
   0x65, 0x72, 0x1a, 0x50, 0x68, 0x74, 0x74, 0x70, 0x73, 0x3a, 0x2f, 0x2f, 0x73, 0x65, 0x63, 0x6f,
   0x72, 0x6f, 0x6c, 0x61, 0x62, 0x2e, 0x67, 0x69, 0x74, 0x68, 0x75, 0x62, 0x2e, 0x69, 0x6f, 0x2f,
   0x6d, 0x6f, 0x64, 0x65, 0x6c, 0x73, 0x2f, 0x72, 0x65, 0x61, 0x6c, 0x2d, 0x64, 0x65, 0x6d, 0x6f,
   0x2d, 0x68, 0x6f, 0x6c, 0x64, 0x2f, 0x68, 0x61, 0x6e, 0x64, 0x6c, 0x65, 0x72, 0x2d, 0x6f, 0x70,
   0x65, 0x6e, 0x2f, 0x63, 0x74, 0x72, 0x6c, 0x2d, 0x6f, 0x70, 0x65, 0x6e, 0x2d, 0x67, 0x72, 0x69,
   0x70, 0x70, 0x65, 0x72, 0x52, 0x9f, 0x01, 0x12, 0x0a, 0x6d, 0x6f, 0x6e, 0x5f, 0x6f, 0x70, 0x65,
   0x6e, 0x65, 0x64, 0x1a, 0x49, 0x68, 0x74, 0x74, 0x70, 0x73, 0x3a, 0x2f, 0x2f, 0x73, 0x65, 0x63,
   0x6f, 0x72, 0x6f, 0x6c, 0x61, 0x62, 0x2e, 0x67, 0x69, 0x74, 0x68, 0x75, 0x62, 0x2e, 0x69, 0x6f,
   0x2f, 0x6d, 0x6f, 0x64, 0x65, 0x6c, 0x73, 0x2f, 0x72, 0x65, 0x61, 0x6c, 0x2d, 0x64, 0x65, 0x6d,
   0x6f, 0x2d, 0x68, 0x6f, 0x6c, 0x64, 0x2f, 0x68, 0x61, 0x6e, 0x64, 0x6c, 0x65, 0x72, 0x2d, 0x6f,
   0x70, 0x65, 0x6e, 0x2f, 0x6d, 0x6f, 0x6e, 0x2d, 0x6f, 0x70, 0x65, 0x6e, 0x65, 0x64, 0x2a, 0x46,
   0x68, 0x74, 0x74, 0x70, 0x73, 0x3a, 0x2f, 0x2f, 0x73, 0x65, 0x63, 0x6f, 0x72, 0x6f, 0x6c, 0x61,
   0x62, 0x2e, 0x67, 0x69, 0x74, 0x68, 0x75, 0x62, 0x2e, 0x69, 0x6f, 0x2f, 0x6d, 0x6f, 0x64, 0x65,
   0x6c, 0x73, 0x2f, 0x72, 0x65, 0x61, 0x6c, 0x2d, 0x64, 0x65, 0x6d, 0x6f, 0x2d, 0x68, 0x6f, 0x6c,
   0x64, 0x2f, 0x66, 0x73, 0x6d, 0x2f, 0x45, 0x5f, 0x47, 0x52, 0x49, 0x50, 0x50, 0x45, 0x52, 0x5f,
   0x4f, 0x50, 0x45, 0x4e, 0x45, 0x44, 0x38, 0x20, 0x42, 0x48, 0x12, 0x07, 0x53, 0x5f, 0x53, 0x54,
   0x41, 0x52, 0x54, 0x1a, 0x3d, 0x68, 0x74, 0x74, 0x70, 0x73, 0x3a, 0x2f, 0x2f, 0x73, 0x65, 0x63,
   0x6f, 0x72, 0x6f, 0x6c, 0x61, 0x62, 0x2e, 0x67, 0x69, 0x74, 0x68, 0x75, 0x62, 0x2e, 0x69, 0x6f,
   0x2f, 0x6d, 0x6f, 0x64, 0x65, 0x6c, 0x73, 0x2f, 0x72, 0x65, 0x61, 0x6c, 0x2d, 0x64, 0x65, 0x6d,
   0x6f, 0x2d, 0x68, 0x6f, 0x6c, 0x64, 0x2f, 0x66, 0x73, 0x6d, 0x2f, 0x53, 0x5f, 0x53, 0x54, 0x41,
   0x52, 0x54, 0x42, 0x4a, 0x08, 0x01, 0x12, 0x07, 0x53, 0x5f, 0x43, 0x4c, 0x4f, 0x53, 0x45, 0x1a,
   0x3d, 0x68, 0x74, 0x74, 0x70, 0x73, 0x3a, 0x2f, 0x2f, 0x73, 0x65, 0x63, 0x6f, 0x72, 0x6f, 0x6c,
   0x61, 0x62, 0x2e, 0x67, 0x69, 0x74, 0x68, 0x75, 0x62, 0x2e, 0x69, 0x6f, 0x2f, 0x6d, 0x6f, 0x64,
   0x65, 0x6c, 0x73, 0x2f, 0x72, 0x65, 0x61, 0x6c, 0x2d, 0x64, 0x65, 0x6d, 0x6f, 0x2d, 0x68, 0x6f,
   0x6c, 0x64, 0x2f, 0x66, 0x73, 0x6d, 0x2f, 0x53, 0x5f, 0x43, 0x4c, 0x4f, 0x53, 0x45, 0x42, 0x48,
   0x08, 0x02, 0x12, 0x06, 0x53, 0x5f, 0x4f, 0x50, 0x45, 0x4e, 0x1a, 0x3c, 0x68, 0x74, 0x74, 0x70,
   0x73, 0x3a, 0x2f, 0x2f, 0x73, 0x65, 0x63, 0x6f, 0x72, 0x6f, 0x6c, 0x61, 0x62, 0x2e, 0x67, 0x69,
   0x74, 0x68, 0x75, 0x62, 0x2e, 0x69, 0x6f, 0x2f, 0x6d, 0x6f, 0x64, 0x65, 0x6c, 0x73, 0x2f, 0x72,
   0x65, 0x61, 0x6c, 0x2d, 0x64, 0x65, 0x6d, 0x6f, 0x2d, 0x68, 0x6f, 0x6c, 0x64, 0x2f, 0x66, 0x73,
   0x6d, 0x2f, 0x53, 0x5f, 0x4f, 0x50, 0x45, 0x4e, 0x42, 0x48, 0x08, 0x03, 0x12, 0x06, 0x53, 0x5f,
   0x44, 0x4f, 0x4e, 0x45, 0x1a, 0x3c, 0x68, 0x74, 0x74, 0x70, 0x73, 0x3a, 0x2f, 0x2f, 0x73, 0x65,
   0x63, 0x6f, 0x72, 0x6f, 0x6c, 0x61, 0x62, 0x2e, 0x67, 0x69, 0x74, 0x68, 0x75, 0x62, 0x2e, 0x69,
   0x6f, 0x2f, 0x6d, 0x6f, 0x64, 0x65, 0x6c, 0x73, 0x2f, 0x72, 0x65, 0x61, 0x6c, 0x2d, 0x64, 0x65,
   0x6d, 0x6f, 0x2d, 0x68, 0x6f, 0x6c, 0x64, 0x2f, 0x66, 0x73, 0x6d, 0x2f, 0x53, 0x5f, 0x44, 0x4f,
   0x4e, 0x45, 0x4a, 0x5a, 0x12, 0x10, 0x45, 0x5f, 0x47, 0x52, 0x49, 0x50, 0x50, 0x45, 0x52, 0x5f,
   0x43, 0x4c, 0x4f, 0x53, 0x45, 0x44, 0x1a, 0x46, 0x68, 0x74, 0x74, 0x70, 0x73, 0x3a, 0x2f, 0x2f,
   0x73, 0x65, 0x63, 0x6f, 0x72, 0x6f, 0x6c, 0x61, 0x62, 0x2e, 0x67, 0x69, 0x74, 0x68, 0x75, 0x62,
   0x2e, 0x69, 0x6f, 0x2f, 0x6d, 0x6f, 0x64, 0x65, 0x6c, 0x73, 0x2f, 0x72, 0x65, 0x61, 0x6c, 0x2d,
   0x64, 0x65, 0x6d, 0x6f, 0x2d, 0x68, 0x6f, 0x6c, 0x64, 0x2f, 0x66, 0x73, 0x6d, 0x2f, 0x45, 0x5f,
   0x47, 0x52, 0x49, 0x50, 0x50, 0x45, 0x52, 0x5f, 0x43, 0x4c, 0x4f, 0x53, 0x45, 0x44, 0x4a, 0x5c,
   0x08, 0x01, 0x12, 0x10, 0x45, 0x5f, 0x47, 0x52, 0x49, 0x50, 0x50, 0x45, 0x52, 0x5f, 0x4f, 0x50,
   0x45, 0x4e, 0x45, 0x44, 0x1a, 0x46, 0x68, 0x74, 0x74, 0x70, 0x73, 0x3a, 0x2f, 0x2f, 0x73, 0x65,
   0x63, 0x6f, 0x72, 0x6f, 0x6c, 0x61, 0x62, 0x2e, 0x67, 0x69, 0x74, 0x68, 0x75, 0x62, 0x2e, 0x69,
   0x6f, 0x2f, 0x6d, 0x6f, 0x64, 0x65, 0x6c, 0x73, 0x2f, 0x72, 0x65, 0x61, 0x6c, 0x2d, 0x64, 0x65,
   0x6d, 0x6f, 0x2d, 0x68, 0x6f, 0x6c, 0x64, 0x2f, 0x66, 0x73, 0x6d, 0x2f, 0x45, 0x5f, 0x47, 0x52,
   0x49, 0x50, 0x50, 0x45, 0x52, 0x5f, 0x4f, 0x50, 0x45, 0x4e, 0x45, 0x44, 0x4a, 0x48, 0x08, 0x02,
   0x12, 0x06, 0x45, 0x5f, 0x53, 0x54, 0x45, 0x50, 0x1a, 0x3c, 0x68, 0x74, 0x74, 0x70, 0x73, 0x3a,
   0x2f, 0x2f, 0x73, 0x65, 0x63, 0x6f, 0x72, 0x6f, 0x6c, 0x61, 0x62, 0x2e, 0x67, 0x69, 0x74, 0x68,
   0x75, 0x62, 0x2e, 0x69, 0x6f, 0x2f, 0x6d, 0x6f, 0x64, 0x65, 0x6c, 0x73, 0x2f, 0x72, 0x65, 0x61,
   0x6c, 0x2d, 0x64, 0x65, 0x6d, 0x6f, 0x2d, 0x68, 0x6f, 0x6c, 0x64, 0x2f, 0x66, 0x73, 0x6d, 0x2f,
   0x45, 0x5f, 0x53, 0x54, 0x45, 0x50, 0x52, 0x59, 0x12, 0x0c, 0x54, 0x5f, 0x43, 0x4c, 0x4f, 0x53,
   0x45, 0x5f, 0x4f, 0x50, 0x45, 0x4e, 0x1a, 0x42, 0x68, 0x74, 0x74, 0x70, 0x73, 0x3a, 0x2f, 0x2f,
   0x73, 0x65, 0x63, 0x6f, 0x72, 0x6f, 0x6c, 0x61, 0x62, 0x2e, 0x67, 0x69, 0x74, 0x68, 0x75, 0x62,
   0x2e, 0x69, 0x6f, 0x2f, 0x6d, 0x6f, 0x64, 0x65, 0x6c, 0x73, 0x2f, 0x72, 0x65, 0x61, 0x6c, 0x2d,
   0x64, 0x65, 0x6d, 0x6f, 0x2d, 0x68, 0x6f, 0x6c, 0x64, 0x2f, 0x66, 0x73, 0x6d, 0x2f, 0x54, 0x5f,
   0x43, 0x4c, 0x4f, 0x53, 0x45, 0x5f, 0x4f, 0x50, 0x45, 0x4e, 0x20, 0x01, 0x28, 0x02, 0x3a, 0x01,
   0x00, 0x52, 0x5d, 0x08, 0x01, 0x12, 0x0c, 0x54, 0x5f, 0x4f, 0x50, 0x45, 0x4e, 0x5f, 0x43, 0x4c,
   0x4f, 0x53, 0x45, 0x1a, 0x42, 0x68, 0x74, 0x74, 0x70, 0x73, 0x3a, 0x2f, 0x2f, 0x73, 0x65, 0x63,
   0x6f, 0x72, 0x6f, 0x6c, 0x61, 0x62, 0x2e, 0x67, 0x69, 0x74, 0x68, 0x75, 0x62, 0x2e, 0x69, 0x6f,
   0x2f, 0x6d, 0x6f, 0x64, 0x65, 0x6c, 0x73, 0x2f, 0x72, 0x65, 0x61, 0x6c, 0x2d, 0x64, 0x65, 0x6d,
   0x6f, 0x2d, 0x68, 0x6f, 0x6c, 0x64, 0x2f, 0x66, 0x73, 0x6d, 0x2f, 0x54, 0x5f, 0x4f, 0x50, 0x45,
   0x4e, 0x5f, 0x43, 0x4c, 0x4f, 0x53, 0x45, 0x20, 0x02, 0x28, 0x01, 0x30, 0x01, 0x3a, 0x01, 0x01,
   0x52, 0x5d, 0x08, 0x02, 0x12, 0x0d, 0x54, 0x5f, 0x53, 0x54, 0x41, 0x52, 0x54, 0x5f, 0x43, 0x4c,
   0x4f, 0x53, 0x45, 0x1a, 0x43, 0x68, 0x74, 0x74, 0x70, 0x73, 0x3a, 0x2f, 0x2f, 0x73, 0x65, 0x63,
   0x6f, 0x72, 0x6f, 0x6c, 0x61, 0x62, 0x2e, 0x67, 0x69, 0x74, 0x68, 0x75, 0x62, 0x2e, 0x69, 0x6f,
   0x2f, 0x6d, 0x6f, 0x64, 0x65, 0x6c, 0x73, 0x2f, 0x72, 0x65, 0x61, 0x6c, 0x2d, 0x64, 0x65, 0x6d,
   0x6f, 0x2d, 0x68, 0x6f, 0x6c, 0x64, 0x2f, 0x66, 0x73, 0x6d, 0x2f, 0x54, 0x5f, 0x53, 0x54, 0x41,
   0x52, 0x54, 0x5f, 0x43, 0x4c, 0x4f, 0x53, 0x45, 0x28, 0x01, 0x30, 0x02, 0x3a, 0x01, 0x02, 0x5a,
   0x61, 0x0a, 0x2b, 0x62, 0x61, 0x73, 0x65, 0x5f, 0x6c, 0x69, 0x6e, 0x6b, 0x5f, 0x63, 0x6f, 0x6d,
   0x5f, 0x69, 0x6e, 0x5f, 0x62, 0x61, 0x73, 0x65, 0x5f, 0x6c, 0x69, 0x6e, 0x6b, 0x5f, 0x70, 0x6f,
   0x73, 0x69, 0x74, 0x69, 0x6f, 0x6e, 0x5f, 0x63, 0x6f, 0x6f, 0x72, 0x64, 0x2e, 0x78, 0x12, 0x29,
   0x62, 0x61, 0x73, 0x65, 0x5f, 0x6c, 0x69, 0x6e, 0x6b, 0x5f, 0x63, 0x6f, 0x6d, 0x5f, 0x69, 0x6e,
   0x5f, 0x62, 0x61, 0x73, 0x65, 0x5f, 0x6c, 0x69, 0x6e, 0x6b, 0x5f, 0x70, 0x6f, 0x73, 0x69, 0x74,
   0x69, 0x6f, 0x6e, 0x5f, 0x63, 0x6f, 0x6f, 0x72, 0x64, 0x19, 0xa7, 0x40, 0x66, 0x67, 0xd1, 0x3b,
   0x45, 0xbf, 0x5a, 0x61, 0x0a, 0x2b, 0x62, 0x61, 0x73, 0x65, 0x5f, 0x6c, 0x69, 0x6e, 0x6b, 0x5f,
   0x63, 0x6f, 0x6d, 0x5f, 0x69, 0x6e, 0x5f, 0x62, 0x61, 0x73, 0x65, 0x5f, 0x6c, 0x69, 0x6e, 0x6b,
   0x5f, 0x70, 0x6f, 0x73, 0x69, 0x74, 0x69, 0x6f, 0x6e, 0x5f, 0x63, 0x6f, 0x6f, 0x72, 0x64, 0x2e,
   0x79, 0x12, 0x29, 0x62, 0x61, 0x73, 0x65, 0x5f, 0x6c, 0x69, 0x6e, 0x6b, 0x5f, 0x63, 0x6f, 0x6d,
   0x5f, 0x69, 0x6e, 0x5f, 0x62, 0x61, 0x73, 0x65, 0x5f, 0x6c, 0x69, 0x6e, 0x6b, 0x5f, 0x70, 0x6f,
   0x73, 0x69, 0x74, 0x69, 0x6f, 0x6e, 0x5f, 0x63, 0x6f, 0x6f, 0x72, 0x64, 0x19, 0x13, 0xf0, 0x6b,
   0x24, 0x09, 0xc2, 0x25, 0xbf, 0x5a, 0x61, 0x0a, 0x2b, 0x62, 0x61, 0x73, 0x65, 0x5f, 0x6c, 0x69,
   0x6e, 0x6b, 0x5f, 0x63, 0x6f, 0x6d, 0x5f, 0x69, 0x6e, 0x5f, 0x62, 0x61, 0x73, 0x65, 0x5f, 0x6c,
   0x69, 0x6e, 0x6b, 0x5f, 0x70, 0x6f, 0x73, 0x69, 0x74, 0x69, 0x6f, 0x6e, 0x5f, 0x63, 0x6f, 0x6f,
   0x72, 0x64, 0x2e, 0x7a, 0x12, 0x29, 0x62, 0x61, 0x73, 0x65, 0x5f, 0x6c, 0x69, 0x6e, 0x6b, 0x5f,
   0x63, 0x6f, 0x6d, 0x5f, 0x69, 0x6e, 0x5f, 0x62, 0x61, 0x73, 0x65, 0x5f, 0x6c, 0x69, 0x6e, 0x6b,
   0x5f, 0x70, 0x6f, 0x73, 0x69, 0x74, 0x69, 0x6f, 0x6e, 0x5f, 0x63, 0x6f, 0x6f, 0x72, 0x64, 0x19,
   0x32, 0xe9, 0xef, 0xa5, 0xf0, 0xa0, 0xb5, 0x3f, 0x5a, 0x71, 0x0a, 0x33, 0x62, 0x72, 0x61, 0x63,
   0x65, 0x6c, 0x65, 0x74, 0x5f, 0x6c, 0x69, 0x6e, 0x6b, 0x5f, 0x63, 0x6f, 0x6d, 0x5f, 0x69, 0x6e,
   0x5f, 0x62, 0x72, 0x61, 0x63, 0x65, 0x6c, 0x65, 0x74, 0x5f, 0x6c, 0x69, 0x6e, 0x6b, 0x5f, 0x70,
   0x6f, 0x73, 0x69, 0x74, 0x69, 0x6f, 0x6e, 0x5f, 0x63, 0x6f, 0x6f, 0x72, 0x64, 0x2e, 0x78, 0x12,
   0x31, 0x62, 0x72, 0x61, 0x63, 0x65, 0x6c, 0x65, 0x74, 0x5f, 0x6c, 0x69, 0x6e, 0x6b, 0x5f, 0x63,
   0x6f, 0x6d, 0x5f, 0x69, 0x6e, 0x5f, 0x62, 0x72, 0x61, 0x63, 0x65, 0x6c, 0x65, 0x74, 0x5f, 0x6c,
   0x69, 0x6e, 0x6b, 0x5f, 0x70, 0x6f, 0x73, 0x69, 0x74, 0x69, 0x6f, 0x6e, 0x5f, 0x63, 0x6f, 0x6f,
   0x72, 0x64, 0x19, 0xc0, 0xb1, 0x67, 0xcf, 0x65, 0x6a, 0x32, 0x3f, 0x5a, 0x71, 0x0a, 0x33, 0x62,
   0x72, 0x61, 0x63, 0x65, 0x6c, 0x65, 0x74, 0x5f, 0x6c, 0x69, 0x6e, 0x6b, 0x5f, 0x63, 0x6f, 0x6d,
   0x5f, 0x69, 0x6e, 0x5f, 0x62, 0x72, 0x61, 0x63, 0x65, 0x6c, 0x65, 0x74, 0x5f, 0x6c, 0x69, 0x6e,
   0x6b, 0x5f, 0x70, 0x6f, 0x73, 0x69, 0x74, 0x69, 0x6f, 0x6e, 0x5f, 0x63, 0x6f, 0x6f, 0x72, 0x64,
   0x2e, 0x79, 0x12, 0x31, 0x62, 0x72, 0x61, 0x63, 0x65, 0x6c, 0x65, 0x74, 0x5f, 0x6c, 0x69, 0x6e,
   0x6b, 0x5f, 0x63, 0x6f, 0x6d, 0x5f, 0x69, 0x6e, 0x5f, 0x62, 0x72, 0x61, 0x63, 0x65, 0x6c, 0x65,
   0x74, 0x5f, 0x6c, 0x69, 0x6e, 0x6b, 0x5f, 0x70, 0x6f, 0x73, 0x69, 0x74, 0x69, 0x6f, 0x6e, 0x5f,
   0x63, 0x6f, 0x6f, 0x72, 0x64, 0x19, 0x33, 0x37, 0xdf, 0x88, 0xee, 0x59, 0x87, 0x3f, 0x5a, 0x71,
   0x0a, 0x33, 0x62, 0x72, 0x61, 0x63, 0x65, 0x6c, 0x65, 0x74, 0x5f, 0x6c, 0x69, 0x6e, 0x6b, 0x5f,
   0x63, 0x6f, 0x6d, 0x5f, 0x69, 0x6e, 0x5f, 0x62, 0x72, 0x61, 0x63, 0x65, 0x6c, 0x65, 0x74, 0x5f,
   0x6c, 0x69, 0x6e, 0x6b, 0x5f, 0x70, 0x6f, 0x73, 0x69, 0x74, 0x69, 0x6f, 0x6e, 0x5f, 0x63, 0x6f,
   0x6f, 0x72, 0x64, 0x2e, 0x7a, 0x12, 0x31, 0x62, 0x72, 0x61, 0x63, 0x65, 0x6c, 0x65, 0x74, 0x5f,
   0x6c, 0x69, 0x6e, 0x6b, 0x5f, 0x63, 0x6f, 0x6d, 0x5f, 0x69, 0x6e, 0x5f, 0x62, 0x72, 0x61, 0x63,
   0x65, 0x6c, 0x65, 0x74, 0x5f, 0x6c, 0x69, 0x6e, 0x6b, 0x5f, 0x70, 0x6f, 0x73, 0x69, 0x74, 0x69,
   0x6f, 0x6e, 0x5f, 0x63, 0x6f, 0x6f, 0x72, 0x64, 0x19, 0x83, 0xe0, 0xf1, 0xed, 0x5d, 0x83, 0x9e,
   0xbf, 0x5a, 0x59, 0x0a, 0x26, 0x63, 0x74, 0x72, 0x6c, 0x5f, 0x68, 0x6f, 0x6c, 0x64, 0x5f, 0x6f,
   0x72, 0x69, 0x65, 0x6e, 0x74, 0x61, 0x74, 0x69, 0x6f, 0x6e, 0x5f, 0x61, 0x6e, 0x67, 0x5f, 0x78,
   0x5f, 0x64, 0x65, 0x63, 0x61, 0x79, 0x5f, 0x72, 0x61, 0x74, 0x65, 0x12, 0x26, 0x63, 0x74, 0x72,
   0x6c, 0x5f, 0x68, 0x6f, 0x6c, 0x64, 0x5f, 0x6f, 0x72, 0x69, 0x65, 0x6e, 0x74, 0x61, 0x74, 0x69,
   0x6f, 0x6e, 0x5f, 0x61, 0x6e, 0x67, 0x5f, 0x78, 0x5f, 0x64, 0x65, 0x63, 0x61, 0x79, 0x5f, 0x72,
   0x61, 0x74, 0x65, 0x19, 0x9a, 0x99, 0x99, 0x99, 0x99, 0x99, 0xb9, 0x3f, 0x5a, 0x49, 0x0a, 0x1e,
   0x63, 0x74, 0x72, 0x6c, 0x5f, 0x68, 0x6f, 0x6c, 0x64, 0x5f, 0x6f, 0x72, 0x69, 0x65, 0x6e, 0x74,
   0x61, 0x74, 0x69, 0x6f, 0x6e, 0x5f, 0x61, 0x6e, 0x67, 0x5f, 0x78, 0x5f, 0x6b, 0x64, 0x12, 0x1e,
   0x63, 0x74, 0x72, 0x6c, 0x5f, 0x68, 0x6f, 0x6c, 0x64, 0x5f, 0x6f, 0x72, 0x69, 0x65, 0x6e, 0x74,
   0x61, 0x74, 0x69, 0x6f, 0x6e, 0x5f, 0x61, 0x6e, 0x67, 0x5f, 0x78, 0x5f, 0x6b, 0x64, 0x19, 0x00,
   0x00, 0x00, 0x00, 0x00, 0x00, 0x00, 0x40, 0x5a, 0x49, 0x0a, 0x1e, 0x63, 0x74, 0x72, 0x6c, 0x5f,
   0x68, 0x6f, 0x6c, 0x64, 0x5f, 0x6f, 0x72, 0x69, 0x65, 0x6e, 0x74, 0x61, 0x74, 0x69, 0x6f, 0x6e,
   0x5f, 0x61, 0x6e, 0x67, 0x5f, 0x78, 0x5f, 0x6b, 0x69, 0x12, 0x1e, 0x63, 0x74, 0x72, 0x6c, 0x5f,
   0x68, 0x6f, 0x6c, 0x64, 0x5f, 0x6f, 0x72, 0x69, 0x65, 0x6e, 0x74, 0x61, 0x74, 0x69, 0x6f, 0x6e,
   0x5f, 0x61, 0x6e, 0x67, 0x5f, 0x78, 0x5f, 0x6b, 0x69, 0x19, 0x00, 0x00, 0x00, 0x00, 0x00, 0x00,
   0x49, 0x40, 0x5a, 0x49, 0x0a, 0x1e, 0x63, 0x74, 0x72, 0x6c, 0x5f, 0x68, 0x6f, 0x6c, 0x64, 0x5f,
   0x6f, 0x72, 0x69, 0x65, 0x6e, 0x74, 0x61, 0x74, 0x69, 0x6f, 0x6e, 0x5f, 0x61, 0x6e, 0x67, 0x5f,
   0x78, 0x5f, 0x6b, 0x70, 0x12, 0x1e, 0x63, 0x74, 0x72, 0x6c, 0x5f, 0x68, 0x6f, 0x6c, 0x64, 0x5f,
   0x6f, 0x72, 0x69, 0x65, 0x6e, 0x74, 0x61, 0x74, 0x69, 0x6f, 0x6e, 0x5f, 0x61, 0x6e, 0x67, 0x5f,
   0x78, 0x5f, 0x6b, 0x70, 0x19, 0x00, 0x00, 0x00, 0x00, 0x00, 0x40, 0x6f, 0x40, 0x5a, 0x59, 0x0a,
   0x26, 0x63, 0x74, 0x72, 0x6c, 0x5f, 0x68, 0x6f, 0x6c, 0x64, 0x5f, 0x6f, 0x72, 0x69, 0x65, 0x6e,
   0x74, 0x61, 0x74, 0x69, 0x6f, 0x6e, 0x5f, 0x61, 0x6e, 0x67, 0x5f, 0x79, 0x5f, 0x64, 0x65, 0x63,
   0x61, 0x79, 0x5f, 0x72, 0x61, 0x74, 0x65, 0x12, 0x26, 0x63, 0x74, 0x72, 0x6c, 0x5f, 0x68, 0x6f,
   0x6c, 0x64, 0x5f, 0x6f, 0x72, 0x69, 0x65, 0x6e, 0x74, 0x61, 0x74, 0x69, 0x6f, 0x6e, 0x5f, 0x61,
   0x6e, 0x67, 0x5f, 0x79, 0x5f, 0x64, 0x65, 0x63, 0x61, 0x79, 0x5f, 0x72, 0x61, 0x74, 0x65, 0x19,
   0x9a, 0x99, 0x99, 0x99, 0x99, 0x99, 0xb9, 0x3f, 0x5a, 0x49, 0x0a, 0x1e, 0x63, 0x74, 0x72, 0x6c,
   0x5f, 0x68, 0x6f, 0x6c, 0x64, 0x5f, 0x6f, 0x72, 0x69, 0x65, 0x6e, 0x74, 0x61, 0x74, 0x69, 0x6f,
   0x6e, 0x5f, 0x61, 0x6e, 0x67, 0x5f, 0x79, 0x5f, 0x6b, 0x64, 0x12, 0x1e, 0x63, 0x74, 0x72, 0x6c,
   0x5f, 0x68, 0x6f, 0x6c, 0x64, 0x5f, 0x6f, 0x72, 0x69, 0x65, 0x6e, 0x74, 0x61, 0x74, 0x69, 0x6f,
   0x6e, 0x5f, 0x61, 0x6e, 0x67, 0x5f, 0x79, 0x5f, 0x6b, 0x64, 0x19, 0x00, 0x00, 0x00, 0x00, 0x00,
   0x00, 0x00, 0x40, 0x5a, 0x49, 0x0a, 0x1e, 0x63, 0x74, 0x72, 0x6c, 0x5f, 0x68, 0x6f, 0x6c, 0x64,
   0x5f, 0x6f, 0x72, 0x69, 0x65, 0x6e, 0x74, 0x61, 0x74, 0x69, 0x6f, 0x6e, 0x5f, 0x61, 0x6e, 0x67,
   0x5f, 0x79, 0x5f, 0x6b, 0x69, 0x12, 0x1e, 0x63, 0x74, 0x72, 0x6c, 0x5f, 0x68, 0x6f, 0x6c, 0x64,
   0x5f, 0x6f, 0x72, 0x69, 0x65, 0x6e, 0x74, 0x61, 0x74, 0x69, 0x6f, 0x6e, 0x5f, 0x61, 0x6e, 0x67,
   0x5f, 0x79, 0x5f, 0x6b, 0x69, 0x19, 0x00, 0x00, 0x00, 0x00, 0x00, 0x00, 0x49, 0x40, 0x5a, 0x49,
   0x0a, 0x1e, 0x63, 0x74, 0x72, 0x6c, 0x5f, 0x68, 0x6f, 0x6c, 0x64, 0x5f, 0x6f, 0x72, 0x69, 0x65,
   0x6e, 0x74, 0x61, 0x74, 0x69, 0x6f, 0x6e, 0x5f, 0x61, 0x6e, 0x67, 0x5f, 0x79, 0x5f, 0x6b, 0x70,
   0x12, 0x1e, 0x63, 0x74, 0x72, 0x6c, 0x5f, 0x68, 0x6f, 0x6c, 0x64, 0x5f, 0x6f, 0x72, 0x69, 0x65,
   0x6e, 0x74, 0x61, 0x74, 0x69, 0x6f, 0x6e, 0x5f, 0x61, 0x6e, 0x67, 0x5f, 0x79, 0x5f, 0x6b, 0x70,
   0x19, 0x00, 0x00, 0x00, 0x00, 0x00, 0x40, 0x6f, 0x40, 0x5a, 0x59, 0x0a, 0x26, 0x63, 0x74, 0x72,
   0x6c, 0x5f, 0x68, 0x6f, 0x6c, 0x64, 0x5f, 0x6f, 0x72, 0x69, 0x65, 0x6e, 0x74, 0x61, 0x74, 0x69,
   0x6f, 0x6e, 0x5f, 0x61, 0x6e, 0x67, 0x5f, 0x7a, 0x5f, 0x64, 0x65, 0x63, 0x61, 0x79, 0x5f, 0x72,
   0x61, 0x74, 0x65, 0x12, 0x26, 0x63, 0x74, 0x72, 0x6c, 0x5f, 0x68, 0x6f, 0x6c, 0x64, 0x5f, 0x6f,
   0x72, 0x69, 0x65, 0x6e, 0x74, 0x61, 0x74, 0x69, 0x6f, 0x6e, 0x5f, 0x61, 0x6e, 0x67, 0x5f, 0x7a,
   0x5f, 0x64, 0x65, 0x63, 0x61, 0x79, 0x5f, 0x72, 0x61, 0x74, 0x65, 0x19, 0x9a, 0x99, 0x99, 0x99,
   0x99, 0x99, 0xb9, 0x3f, 0x5a, 0x49, 0x0a, 0x1e, 0x63, 0x74, 0x72, 0x6c, 0x5f, 0x68, 0x6f, 0x6c,
   0x64, 0x5f, 0x6f, 0x72, 0x69, 0x65, 0x6e, 0x74, 0x61, 0x74, 0x69, 0x6f, 0x6e, 0x5f, 0x61, 0x6e,
   0x67, 0x5f, 0x7a, 0x5f, 0x6b, 0x64, 0x12, 0x1e, 0x63, 0x74, 0x72, 0x6c, 0x5f, 0x68, 0x6f, 0x6c,
   0x64, 0x5f, 0x6f, 0x72, 0x69, 0x65, 0x6e, 0x74, 0x61, 0x74, 0x69, 0x6f, 0x6e, 0x5f, 0x61, 0x6e,
   0x67, 0x5f, 0x7a, 0x5f, 0x6b, 0x64, 0x19, 0x00, 0x00, 0x00, 0x00, 0x00, 0x00, 0x00, 0x40, 0x5a,
   0x49, 0x0a, 0x1e, 0x63, 0x74, 0x72, 0x6c, 0x5f, 0x68, 0x6f, 0x6c, 0x64, 0x5f, 0x6f, 0x72, 0x69,
   0x65, 0x6e, 0x74, 0x61, 0x74, 0x69, 0x6f, 0x6e, 0x5f, 0x61, 0x6e, 0x67, 0x5f, 0x7a, 0x5f, 0x6b,
   0x69, 0x12, 0x1e, 0x63, 0x74, 0x72, 0x6c, 0x5f, 0x68, 0x6f, 0x6c, 0x64, 0x5f, 0x6f, 0x72, 0x69,
   0x65, 0x6e, 0x74, 0x61, 0x74, 0x69, 0x6f, 0x6e, 0x5f, 0x61, 0x6e, 0x67, 0x5f, 0x7a, 0x5f, 0x6b,
   0x69, 0x19, 0x00, 0x00, 0x00, 0x00, 0x00, 0x00, 0x49, 0x40, 0x5a, 0x49, 0x0a, 0x1e, 0x63, 0x74,
   0x72, 0x6c, 0x5f, 0x68, 0x6f, 0x6c, 0x64, 0x5f, 0x6f, 0x72, 0x69, 0x65, 0x6e, 0x74, 0x61, 0x74,
   0x69, 0x6f, 0x6e, 0x5f, 0x61, 0x6e, 0x67, 0x5f, 0x7a, 0x5f, 0x6b, 0x70, 0x12, 0x1e, 0x63, 0x74,
   0x72, 0x6c, 0x5f, 0x68, 0x6f, 0x6c, 0x64, 0x5f, 0x6f, 0x72, 0x69, 0x65, 0x6e, 0x74, 0x61, 0x74,
   0x69, 0x6f, 0x6e, 0x5f, 0x61, 0x6e, 0x67, 0x5f, 0x7a, 0x5f, 0x6b, 0x70, 0x19, 0x00, 0x00, 0x00,
   0x00, 0x00, 0x40, 0x6f, 0x40, 0x5a, 0x53, 0x0a, 0x23, 0x63, 0x74, 0x72, 0x6c, 0x5f, 0x68, 0x6f,
   0x6c, 0x64, 0x5f, 0x70, 0x6f, 0x73, 0x69, 0x74, 0x69, 0x6f, 0x6e, 0x5f, 0x6c, 0x69, 0x6e, 0x5f,
   0x78, 0x5f, 0x64, 0x65, 0x63, 0x61, 0x79, 0x5f, 0x72, 0x61, 0x74, 0x65, 0x12, 0x23, 0x63, 0x74,
   0x72, 0x6c, 0x5f, 0x68, 0x6f, 0x6c, 0x64, 0x5f, 0x70, 0x6f, 0x73, 0x69, 0x74, 0x69, 0x6f, 0x6e,
   0x5f, 0x6c, 0x69, 0x6e, 0x5f, 0x78, 0x5f, 0x64, 0x65, 0x63, 0x61, 0x79, 0x5f, 0x72, 0x61, 0x74,
   0x65, 0x19, 0x9a, 0x99, 0x99, 0x99, 0x99, 0x99, 0xb9, 0x3f, 0x5a, 0x43, 0x0a, 0x1b, 0x63, 0x74,
   0x72, 0x6c, 0x5f, 0x68, 0x6f, 0x6c, 0x64, 0x5f, 0x70, 0x6f, 0x73, 0x69, 0x74, 0x69, 0x6f, 0x6e,
   0x5f, 0x6c, 0x69, 0x6e, 0x5f, 0x78, 0x5f, 0x6b, 0x64, 0x12, 0x1b, 0x63, 0x74, 0x72, 0x6c, 0x5f,
   0x68, 0x6f, 0x6c, 0x64, 0x5f, 0x70, 0x6f, 0x73, 0x69, 0x74, 0x69, 0x6f, 0x6e, 0x5f, 0x6c, 0x69,
   0x6e, 0x5f, 0x78, 0x5f, 0x6b, 0x64, 0x19, 0x00, 0x00, 0x00, 0x00, 0x00, 0x00, 0x00, 0x40, 0x5a,
   0x43, 0x0a, 0x1b, 0x63, 0x74, 0x72, 0x6c, 0x5f, 0x68, 0x6f, 0x6c, 0x64, 0x5f, 0x70, 0x6f, 0x73,
   0x69, 0x74, 0x69, 0x6f, 0x6e, 0x5f, 0x6c, 0x69, 0x6e, 0x5f, 0x78, 0x5f, 0x6b, 0x69, 0x12, 0x1b,
   0x63, 0x74, 0x72, 0x6c, 0x5f, 0x68, 0x6f, 0x6c, 0x64, 0x5f, 0x70, 0x6f, 0x73, 0x69, 0x74, 0x69,
   0x6f, 0x6e, 0x5f, 0x6c, 0x69, 0x6e, 0x5f, 0x78, 0x5f, 0x6b, 0x69, 0x19, 0x00, 0x00, 0x00, 0x00,
   0x00, 0x00, 0x49, 0x40, 0x5a, 0x43, 0x0a, 0x1b, 0x63, 0x74, 0x72, 0x6c, 0x5f, 0x68, 0x6f, 0x6c,
   0x64, 0x5f, 0x70, 0x6f, 0x73, 0x69, 0x74, 0x69, 0x6f, 0x6e, 0x5f, 0x6c, 0x69, 0x6e, 0x5f, 0x78,
   0x5f, 0x6b, 0x70, 0x12, 0x1b, 0x63, 0x74, 0x72, 0x6c, 0x5f, 0x68, 0x6f, 0x6c, 0x64, 0x5f, 0x70,
   0x6f, 0x73, 0x69, 0x74, 0x69, 0x6f, 0x6e, 0x5f, 0x6c, 0x69, 0x6e, 0x5f, 0x78, 0x5f, 0x6b, 0x70,
   0x19, 0x00, 0x00, 0x00, 0x00, 0x00, 0x30, 0x81, 0x40, 0x5a, 0x53, 0x0a, 0x23, 0x63, 0x74, 0x72,
   0x6c, 0x5f, 0x68, 0x6f, 0x6c, 0x64, 0x5f, 0x70, 0x6f, 0x73, 0x69, 0x74, 0x69, 0x6f, 0x6e, 0x5f,
   0x6c, 0x69, 0x6e, 0x5f, 0x79, 0x5f, 0x64, 0x65, 0x63, 0x61, 0x79, 0x5f, 0x72, 0x61, 0x74, 0x65,
   0x12, 0x23, 0x63, 0x74, 0x72, 0x6c, 0x5f, 0x68, 0x6f, 0x6c, 0x64, 0x5f, 0x70, 0x6f, 0x73, 0x69,
   0x74, 0x69, 0x6f, 0x6e, 0x5f, 0x6c, 0x69, 0x6e, 0x5f, 0x79, 0x5f, 0x64, 0x65, 0x63, 0x61, 0x79,
   0x5f, 0x72, 0x61, 0x74, 0x65, 0x19, 0x9a, 0x99, 0x99, 0x99, 0x99, 0x99, 0xb9, 0x3f, 0x5a, 0x43,
   0x0a, 0x1b, 0x63, 0x74, 0x72, 0x6c, 0x5f, 0x68, 0x6f, 0x6c, 0x64, 0x5f, 0x70, 0x6f, 0x73, 0x69,
   0x74, 0x69, 0x6f, 0x6e, 0x5f, 0x6c, 0x69, 0x6e, 0x5f, 0x79, 0x5f, 0x6b, 0x64, 0x12, 0x1b, 0x63,
   0x74, 0x72, 0x6c, 0x5f, 0x68, 0x6f, 0x6c, 0x64, 0x5f, 0x70, 0x6f, 0x73, 0x69, 0x74, 0x69, 0x6f,
   0x6e, 0x5f, 0x6c, 0x69, 0x6e, 0x5f, 0x79, 0x5f, 0x6b, 0x64, 0x19, 0x00, 0x00, 0x00, 0x00, 0x00,
   0x00, 0x00, 0x40, 0x5a, 0x43, 0x0a, 0x1b, 0x63, 0x74, 0x72, 0x6c, 0x5f, 0x68, 0x6f, 0x6c, 0x64,
   0x5f, 0x70, 0x6f, 0x73, 0x69, 0x74, 0x69, 0x6f, 0x6e, 0x5f, 0x6c, 0x69, 0x6e, 0x5f, 0x79, 0x5f,
   0x6b, 0x69, 0x12, 0x1b, 0x63, 0x74, 0x72, 0x6c, 0x5f, 0x68, 0x6f, 0x6c, 0x64, 0x5f, 0x70, 0x6f,
   0x73, 0x69, 0x74, 0x69, 0x6f, 0x6e, 0x5f, 0x6c, 0x69, 0x6e, 0x5f, 0x79, 0x5f, 0x6b, 0x69, 0x19,
   0x00, 0x00, 0x00, 0x00, 0x00, 0x00, 0x49, 0x40, 0x5a, 0x43, 0x0a, 0x1b, 0x63, 0x74, 0x72, 0x6c,
   0x5f, 0x68, 0x6f, 0x6c, 0x64, 0x5f, 0x70, 0x6f, 0x73, 0x69, 0x74, 0x69, 0x6f, 0x6e, 0x5f, 0x6c,
   0x69, 0x6e, 0x5f, 0x79, 0x5f, 0x6b, 0x70, 0x12, 0x1b, 0x63, 0x74, 0x72, 0x6c, 0x5f, 0x68, 0x6f,
   0x6c, 0x64, 0x5f, 0x70, 0x6f, 0x73, 0x69, 0x74, 0x69, 0x6f, 0x6e, 0x5f, 0x6c, 0x69, 0x6e, 0x5f,
   0x79, 0x5f, 0x6b, 0x70, 0x19, 0x00, 0x00, 0x00, 0x00, 0x00, 0x30, 0x81, 0x40, 0x5a, 0x53, 0x0a,
   0x23, 0x63, 0x74, 0x72, 0x6c, 0x5f, 0x68, 0x6f, 0x6c, 0x64, 0x5f, 0x70, 0x6f, 0x73, 0x69, 0x74,
   0x69, 0x6f, 0x6e, 0x5f, 0x6c, 0x69, 0x6e, 0x5f, 0x7a, 0x5f, 0x64, 0x65, 0x63, 0x61, 0x79, 0x5f,
   0x72, 0x61, 0x74, 0x65, 0x12, 0x23, 0x63, 0x74, 0x72, 0x6c, 0x5f, 0x68, 0x6f, 0x6c, 0x64, 0x5f,
   0x70, 0x6f, 0x73, 0x69, 0x74, 0x69, 0x6f, 0x6e, 0x5f, 0x6c, 0x69, 0x6e, 0x5f, 0x7a, 0x5f, 0x64,
   0x65, 0x63, 0x61, 0x79, 0x5f, 0x72, 0x61, 0x74, 0x65, 0x19, 0x9a, 0x99, 0x99, 0x99, 0x99, 0x99,
   0xb9, 0x3f, 0x5a, 0x43, 0x0a, 0x1b, 0x63, 0x74, 0x72, 0x6c, 0x5f, 0x68, 0x6f, 0x6c, 0x64, 0x5f,
   0x70, 0x6f, 0x73, 0x69, 0x74, 0x69, 0x6f, 0x6e, 0x5f, 0x6c, 0x69, 0x6e, 0x5f, 0x7a, 0x5f, 0x6b,
   0x64, 0x12, 0x1b, 0x63, 0x74, 0x72, 0x6c, 0x5f, 0x68, 0x6f, 0x6c, 0x64, 0x5f, 0x70, 0x6f, 0x73,
   0x69, 0x74, 0x69, 0x6f, 0x6e, 0x5f, 0x6c, 0x69, 0x6e, 0x5f, 0x7a, 0x5f, 0x6b, 0x64, 0x19, 0x00,
   0x00, 0x00, 0x00, 0x00, 0x00, 0x00, 0x40, 0x5a, 0x43, 0x0a, 0x1b, 0x63, 0x74, 0x72, 0x6c, 0x5f,
   0x68, 0x6f, 0x6c, 0x64, 0x5f, 0x70, 0x6f, 0x73, 0x69, 0x74, 0x69, 0x6f, 0x6e, 0x5f, 0x6c, 0x69,
   0x6e, 0x5f, 0x7a, 0x5f, 0x6b, 0x69, 0x12, 0x1b, 0x63, 0x74, 0x72, 0x6c, 0x5f, 0x68, 0x6f, 0x6c,
   0x64, 0x5f, 0x70, 0x6f, 0x73, 0x69, 0x74, 0x69, 0x6f, 0x6e, 0x5f, 0x6c, 0x69, 0x6e, 0x5f, 0x7a,
   0x5f, 0x6b, 0x69, 0x19, 0x00, 0x00, 0x00, 0x00, 0x00, 0x00, 0x49, 0x40, 0x5a, 0x43, 0x0a, 0x1b,
   0x63, 0x74, 0x72, 0x6c, 0x5f, 0x68, 0x6f, 0x6c, 0x64, 0x5f, 0x70, 0x6f, 0x73, 0x69, 0x74, 0x69,
   0x6f, 0x6e, 0x5f, 0x6c, 0x69, 0x6e, 0x5f, 0x7a, 0x5f, 0x6b, 0x70, 0x12, 0x1b, 0x63, 0x74, 0x72,
   0x6c, 0x5f, 0x68, 0x6f, 0x6c, 0x64, 0x5f, 0x70, 0x6f, 0x73, 0x69, 0x74, 0x69, 0x6f, 0x6e, 0x5f,
   0x6c, 0x69, 0x6e, 0x5f, 0x7a, 0x5f, 0x6b, 0x70, 0x19, 0x00, 0x00, 0x00, 0x00, 0x00, 0x30, 0x81,
   0x40, 0x5a, 0x63, 0x0a, 0x2b, 0x63, 0x74, 0x72, 0x6c, 0x5f, 0x6f, 0x70, 0x65, 0x6e, 0x5f, 0x68,
   0x6f, 0x6c, 0x64, 0x5f, 0x6f, 0x72, 0x69, 0x65, 0x6e, 0x74, 0x61, 0x74, 0x69, 0x6f, 0x6e, 0x5f,
   0x61, 0x6e, 0x67, 0x5f, 0x78, 0x5f, 0x64, 0x65, 0x63, 0x61, 0x79, 0x5f, 0x72, 0x61, 0x74, 0x65,
   0x12, 0x2b, 0x63, 0x74, 0x72, 0x6c, 0x5f, 0x6f, 0x70, 0x65, 0x6e, 0x5f, 0x68, 0x6f, 0x6c, 0x64,
   0x5f, 0x6f, 0x72, 0x69, 0x65, 0x6e, 0x74, 0x61, 0x74, 0x69, 0x6f, 0x6e, 0x5f, 0x61, 0x6e, 0x67,
   0x5f, 0x78, 0x5f, 0x64, 0x65, 0x63, 0x61, 0x79, 0x5f, 0x72, 0x61, 0x74, 0x65, 0x19, 0x9a, 0x99,
   0x99, 0x99, 0x99, 0x99, 0xb9, 0x3f, 0x5a, 0x53, 0x0a, 0x23, 0x63, 0x74, 0x72, 0x6c, 0x5f, 0x6f,
   0x70, 0x65, 0x6e, 0x5f, 0x68, 0x6f, 0x6c, 0x64, 0x5f, 0x6f, 0x72, 0x69, 0x65, 0x6e, 0x74, 0x61,
   0x74, 0x69, 0x6f, 0x6e, 0x5f, 0x61, 0x6e, 0x67, 0x5f, 0x78, 0x5f, 0x6b, 0x64, 0x12, 0x23, 0x63,
   0x74, 0x72, 0x6c, 0x5f, 0x6f, 0x70, 0x65, 0x6e, 0x5f, 0x68, 0x6f, 0x6c, 0x64, 0x5f, 0x6f, 0x72,
   0x69, 0x65, 0x6e, 0x74, 0x61, 0x74, 0x69, 0x6f, 0x6e, 0x5f, 0x61, 0x6e, 0x67, 0x5f, 0x78, 0x5f,
   0x6b, 0x64, 0x19, 0x00, 0x00, 0x00, 0x00, 0x00, 0x00, 0x00, 0x40, 0x5a, 0x53, 0x0a, 0x23, 0x63,
   0x74, 0x72, 0x6c, 0x5f, 0x6f, 0x70, 0x65, 0x6e, 0x5f, 0x68, 0x6f, 0x6c, 0x64, 0x5f, 0x6f, 0x72,
   0x69, 0x65, 0x6e, 0x74, 0x61, 0x74, 0x69, 0x6f, 0x6e, 0x5f, 0x61, 0x6e, 0x67, 0x5f, 0x78, 0x5f,
   0x6b, 0x69, 0x12, 0x23, 0x63, 0x74, 0x72, 0x6c, 0x5f, 0x6f, 0x70, 0x65, 0x6e, 0x5f, 0x68, 0x6f,
   0x6c, 0x64, 0x5f, 0x6f, 0x72, 0x69, 0x65, 0x6e, 0x74, 0x61, 0x74, 0x69, 0x6f, 0x6e, 0x5f, 0x61,
   0x6e, 0x67, 0x5f, 0x78, 0x5f, 0x6b, 0x69, 0x19, 0x00, 0x00, 0x00, 0x00, 0x00, 0x00, 0x49, 0x40,
   0x5a, 0x53, 0x0a, 0x23, 0x63, 0x74, 0x72, 0x6c, 0x5f, 0x6f, 0x70, 0x65, 0x6e, 0x5f, 0x68, 0x6f,
   0x6c, 0x64, 0x5f, 0x6f, 0x72, 0x69, 0x65, 0x6e, 0x74, 0x61, 0x74, 0x69, 0x6f, 0x6e, 0x5f, 0x61,
   0x6e, 0x67, 0x5f, 0x78, 0x5f, 0x6b, 0x70, 0x12, 0x23, 0x63, 0x74, 0x72, 0x6c, 0x5f, 0x6f, 0x70,
   0x65, 0x6e, 0x5f, 0x68, 0x6f, 0x6c, 0x64, 0x5f, 0x6f, 0x72, 0x69, 0x65, 0x6e, 0x74, 0x61, 0x74,
   0x69, 0x6f, 0x6e, 0x5f, 0x61, 0x6e, 0x67, 0x5f, 0x78, 0x5f, 0x6b, 0x70, 0x19, 0x00, 0x00, 0x00,
   0x00, 0x00, 0x40, 0x6f, 0x40, 0x5a, 0x63, 0x0a, 0x2b, 0x63, 0x74, 0x72, 0x6c, 0x5f, 0x6f, 0x70,
   0x65, 0x6e, 0x5f, 0x68, 0x6f, 0x6c, 0x64, 0x5f, 0x6f, 0x72, 0x69, 0x65, 0x6e, 0x74, 0x61, 0x74,
   0x69, 0x6f, 0x6e, 0x5f, 0x61, 0x6e, 0x67, 0x5f, 0x79, 0x5f, 0x64, 0x65, 0x63, 0x61, 0x79, 0x5f,
   0x72, 0x61, 0x74, 0x65, 0x12, 0x2b, 0x63, 0x74, 0x72, 0x6c, 0x5f, 0x6f, 0x70, 0x65, 0x6e, 0x5f,
   0x68, 0x6f, 0x6c, 0x64, 0x5f, 0x6f, 0x72, 0x69, 0x65, 0x6e, 0x74, 0x61, 0x74, 0x69, 0x6f, 0x6e,
   0x5f, 0x61, 0x6e, 0x67, 0x5f, 0x79, 0x5f, 0x64, 0x65, 0x63, 0x61, 0x79, 0x5f, 0x72, 0x61, 0x74,
   0x65, 0x19, 0x9a, 0x99, 0x99, 0x99, 0x99, 0x99, 0xb9, 0x3f, 0x5a, 0x53, 0x0a, 0x23, 0x63, 0x74,
   0x72, 0x6c, 0x5f, 0x6f, 0x70, 0x65, 0x6e, 0x5f, 0x68, 0x6f, 0x6c, 0x64, 0x5f, 0x6f, 0x72, 0x69,
   0x65, 0x6e, 0x74, 0x61, 0x74, 0x69, 0x6f, 0x6e, 0x5f, 0x61, 0x6e, 0x67, 0x5f, 0x79, 0x5f, 0x6b,
   0x64, 0x12, 0x23, 0x63, 0x74, 0x72, 0x6c, 0x5f, 0x6f, 0x70, 0x65, 0x6e, 0x5f, 0x68, 0x6f, 0x6c,
   0x64, 0x5f, 0x6f, 0x72, 0x69, 0x65, 0x6e, 0x74, 0x61, 0x74, 0x69, 0x6f, 0x6e, 0x5f, 0x61, 0x6e,
   0x67, 0x5f, 0x79, 0x5f, 0x6b, 0x64, 0x19, 0x00, 0x00, 0x00, 0x00, 0x00, 0x00, 0x00, 0x40, 0x5a,
   0x53, 0x0a, 0x23, 0x63, 0x74, 0x72, 0x6c, 0x5f, 0x6f, 0x70, 0x65, 0x6e, 0x5f, 0x68, 0x6f, 0x6c,
   0x64, 0x5f, 0x6f, 0x72, 0x69, 0x65, 0x6e, 0x74, 0x61, 0x74, 0x69, 0x6f, 0x6e, 0x5f, 0x61, 0x6e,
   0x67, 0x5f, 0x79, 0x5f, 0x6b, 0x69, 0x12, 0x23, 0x63, 0x74, 0x72, 0x6c, 0x5f, 0x6f, 0x70, 0x65,
   0x6e, 0x5f, 0x68, 0x6f, 0x6c, 0x64, 0x5f, 0x6f, 0x72, 0x69, 0x65, 0x6e, 0x74, 0x61, 0x74, 0x69,
   0x6f, 0x6e, 0x5f, 0x61, 0x6e, 0x67, 0x5f, 0x79, 0x5f, 0x6b, 0x69, 0x19, 0x00, 0x00, 0x00, 0x00,
   0x00, 0x00, 0x49, 0x40, 0x5a, 0x53, 0x0a, 0x23, 0x63, 0x74, 0x72, 0x6c, 0x5f, 0x6f, 0x70, 0x65,
   0x6e, 0x5f, 0x68, 0x6f, 0x6c, 0x64, 0x5f, 0x6f, 0x72, 0x69, 0x65, 0x6e, 0x74, 0x61, 0x74, 0x69,
   0x6f, 0x6e, 0x5f, 0x61, 0x6e, 0x67, 0x5f, 0x79, 0x5f, 0x6b, 0x70, 0x12, 0x23, 0x63, 0x74, 0x72,
   0x6c, 0x5f, 0x6f, 0x70, 0x65, 0x6e, 0x5f, 0x68, 0x6f, 0x6c, 0x64, 0x5f, 0x6f, 0x72, 0x69, 0x65,
   0x6e, 0x74, 0x61, 0x74, 0x69, 0x6f, 0x6e, 0x5f, 0x61, 0x6e, 0x67, 0x5f, 0x79, 0x5f, 0x6b, 0x70,
   0x19, 0x00, 0x00, 0x00, 0x00, 0x00, 0x40, 0x6f, 0x40, 0x5a, 0x63, 0x0a, 0x2b, 0x63, 0x74, 0x72,
   0x6c, 0x5f, 0x6f, 0x70, 0x65, 0x6e, 0x5f, 0x68, 0x6f, 0x6c, 0x64, 0x5f, 0x6f, 0x72, 0x69, 0x65,
   0x6e, 0x74, 0x61, 0x74, 0x69, 0x6f, 0x6e, 0x5f, 0x61, 0x6e, 0x67, 0x5f, 0x7a, 0x5f, 0x64, 0x65,
   0x63, 0x61, 0x79, 0x5f, 0x72, 0x61, 0x74, 0x65, 0x12, 0x2b, 0x63, 0x74, 0x72, 0x6c, 0x5f, 0x6f,
   0x70, 0x65, 0x6e, 0x5f, 0x68, 0x6f, 0x6c, 0x64, 0x5f, 0x6f, 0x72, 0x69, 0x65, 0x6e, 0x74, 0x61,
   0x74, 0x69, 0x6f, 0x6e, 0x5f, 0x61, 0x6e, 0x67, 0x5f, 0x7a, 0x5f, 0x64, 0x65, 0x63, 0x61, 0x79,
   0x5f, 0x72, 0x61, 0x74, 0x65, 0x19, 0x9a, 0x99, 0x99, 0x99, 0x99, 0x99, 0xb9, 0x3f, 0x5a, 0x53,
   0x0a, 0x23, 0x63, 0x74, 0x72, 0x6c, 0x5f, 0x6f, 0x70, 0x65, 0x6e, 0x5f, 0x68, 0x6f, 0x6c, 0x64,
   0x5f, 0x6f, 0x72, 0x69, 0x65, 0x6e, 0x74, 0x61, 0x74, 0x69, 0x6f, 0x6e, 0x5f, 0x61, 0x6e, 0x67,
   0x5f, 0x7a, 0x5f, 0x6b, 0x64, 0x12, 0x23, 0x63, 0x74, 0x72, 0x6c, 0x5f, 0x6f, 0x70, 0x65, 0x6e,
   0x5f, 0x68, 0x6f, 0x6c, 0x64, 0x5f, 0x6f, 0x72, 0x69, 0x65, 0x6e, 0x74, 0x61, 0x74, 0x69, 0x6f,
   0x6e, 0x5f, 0x61, 0x6e, 0x67, 0x5f, 0x7a, 0x5f, 0x6b, 0x64, 0x19, 0x00, 0x00, 0x00, 0x00, 0x00,
   0x00, 0x00, 0x40, 0x5a, 0x53, 0x0a, 0x23, 0x63, 0x74, 0x72, 0x6c, 0x5f, 0x6f, 0x70, 0x65, 0x6e,
   0x5f, 0x68, 0x6f, 0x6c, 0x64, 0x5f, 0x6f, 0x72, 0x69, 0x65, 0x6e, 0x74, 0x61, 0x74, 0x69, 0x6f,
   0x6e, 0x5f, 0x61, 0x6e, 0x67, 0x5f, 0x7a, 0x5f, 0x6b, 0x69, 0x12, 0x23, 0x63, 0x74, 0x72, 0x6c,
   0x5f, 0x6f, 0x70, 0x65, 0x6e, 0x5f, 0x68, 0x6f, 0x6c, 0x64, 0x5f, 0x6f, 0x72, 0x69, 0x65, 0x6e,
   0x74, 0x61, 0x74, 0x69, 0x6f, 0x6e, 0x5f, 0x61, 0x6e, 0x67, 0x5f, 0x7a, 0x5f, 0x6b, 0x69, 0x19,
   0x00, 0x00, 0x00, 0x00, 0x00, 0x00, 0x49, 0x40, 0x5a, 0x53, 0x0a, 0x23, 0x63, 0x74, 0x72, 0x6c,
   0x5f, 0x6f, 0x70, 0x65, 0x6e, 0x5f, 0x68, 0x6f, 0x6c, 0x64, 0x5f, 0x6f, 0x72, 0x69, 0x65, 0x6e,
   0x74, 0x61, 0x74, 0x69, 0x6f, 0x6e, 0x5f, 0x61, 0x6e, 0x67, 0x5f, 0x7a, 0x5f, 0x6b, 0x70, 0x12,
   0x23, 0x63, 0x74, 0x72, 0x6c, 0x5f, 0x6f, 0x70, 0x65, 0x6e, 0x5f, 0x68, 0x6f, 0x6c, 0x64, 0x5f,
   0x6f, 0x72, 0x69, 0x65, 0x6e, 0x74, 0x61, 0x74, 0x69, 0x6f, 0x6e, 0x5f, 0x61, 0x6e, 0x67, 0x5f,
   0x7a, 0x5f, 0x6b, 0x70, 0x19, 0x00, 0x00, 0x00, 0x00, 0x00, 0x40, 0x6f, 0x40, 0x5a, 0x5d, 0x0a,
   0x28, 0x63, 0x74, 0x72, 0x6c, 0x5f, 0x6f, 0x70, 0x65, 0x6e, 0x5f, 0x68, 0x6f, 0x6c, 0x64, 0x5f,
   0x70, 0x6f, 0x73, 0x69, 0x74, 0x69, 0x6f, 0x6e, 0x5f, 0x6c, 0x69, 0x6e, 0x5f, 0x78, 0x5f, 0x64,
   0x65, 0x63, 0x61, 0x79, 0x5f, 0x72, 0x61, 0x74, 0x65, 0x12, 0x28, 0x63, 0x74, 0x72, 0x6c, 0x5f,
   0x6f, 0x70, 0x65, 0x6e, 0x5f, 0x68, 0x6f, 0x6c, 0x64, 0x5f, 0x70, 0x6f, 0x73, 0x69, 0x74, 0x69,
   0x6f, 0x6e, 0x5f, 0x6c, 0x69, 0x6e, 0x5f, 0x78, 0x5f, 0x64, 0x65, 0x63, 0x61, 0x79, 0x5f, 0x72,
   0x61, 0x74, 0x65, 0x19, 0x9a, 0x99, 0x99, 0x99, 0x99, 0x99, 0xb9, 0x3f, 0x5a, 0x4d, 0x0a, 0x20,
   0x63, 0x74, 0x72, 0x6c, 0x5f, 0x6f, 0x70, 0x65, 0x6e, 0x5f, 0x68, 0x6f, 0x6c, 0x64, 0x5f, 0x70,
   0x6f, 0x73, 0x69, 0x74, 0x69, 0x6f, 0x6e, 0x5f, 0x6c, 0x69, 0x6e, 0x5f, 0x78, 0x5f, 0x6b, 0x64,
   0x12, 0x20, 0x63, 0x74, 0x72, 0x6c, 0x5f, 0x6f, 0x70, 0x65, 0x6e, 0x5f, 0x68, 0x6f, 0x6c, 0x64,
   0x5f, 0x70, 0x6f, 0x73, 0x69, 0x74, 0x69, 0x6f, 0x6e, 0x5f, 0x6c, 0x69, 0x6e, 0x5f, 0x78, 0x5f,
   0x6b, 0x64, 0x19, 0x00, 0x00, 0x00, 0x00, 0x00, 0x00, 0x00, 0x40, 0x5a, 0x4d, 0x0a, 0x20, 0x63,
   0x74, 0x72, 0x6c, 0x5f, 0x6f, 0x70, 0x65, 0x6e, 0x5f, 0x68, 0x6f, 0x6c, 0x64, 0x5f, 0x70, 0x6f,
   0x73, 0x69, 0x74, 0x69, 0x6f, 0x6e, 0x5f, 0x6c, 0x69, 0x6e, 0x5f, 0x78, 0x5f, 0x6b, 0x69, 0x12,
   0x20, 0x63, 0x74, 0x72, 0x6c, 0x5f, 0x6f, 0x70, 0x65, 0x6e, 0x5f, 0x68, 0x6f, 0x6c, 0x64, 0x5f,
   0x70, 0x6f, 0x73, 0x69, 0x74, 0x69, 0x6f, 0x6e, 0x5f, 0x6c, 0x69, 0x6e, 0x5f, 0x78, 0x5f, 0x6b,
   0x69, 0x19, 0x00, 0x00, 0x00, 0x00, 0x00, 0x00, 0x49, 0x40, 0x5a, 0x4d, 0x0a, 0x20, 0x63, 0x74,
   0x72, 0x6c, 0x5f, 0x6f, 0x70, 0x65, 0x6e, 0x5f, 0x68, 0x6f, 0x6c, 0x64, 0x5f, 0x70, 0x6f, 0x73,
   0x69, 0x74, 0x69, 0x6f, 0x6e, 0x5f, 0x6c, 0x69, 0x6e, 0x5f, 0x78, 0x5f, 0x6b, 0x70, 0x12, 0x20,
   0x63, 0x74, 0x72, 0x6c, 0x5f, 0x6f, 0x70, 0x65, 0x6e, 0x5f, 0x68, 0x6f, 0x6c, 0x64, 0x5f, 0x70,
   0x6f, 0x73, 0x69, 0x74, 0x69, 0x6f, 0x6e, 0x5f, 0x6c, 0x69, 0x6e, 0x5f, 0x78, 0x5f, 0x6b, 0x70,
   0x19, 0x00, 0x00, 0x00, 0x00, 0x00, 0x30, 0x81, 0x40, 0x5a, 0x5d, 0x0a, 0x28, 0x63, 0x74, 0x72,
   0x6c, 0x5f, 0x6f, 0x70, 0x65, 0x6e, 0x5f, 0x68, 0x6f, 0x6c, 0x64, 0x5f, 0x70, 0x6f, 0x73, 0x69,
   0x74, 0x69, 0x6f, 0x6e, 0x5f, 0x6c, 0x69, 0x6e, 0x5f, 0x79, 0x5f, 0x64, 0x65, 0x63, 0x61, 0x79,
   0x5f, 0x72, 0x61, 0x74, 0x65, 0x12, 0x28, 0x63, 0x74, 0x72, 0x6c, 0x5f, 0x6f, 0x70, 0x65, 0x6e,
   0x5f, 0x68, 0x6f, 0x6c, 0x64, 0x5f, 0x70, 0x6f, 0x73, 0x69, 0x74, 0x69, 0x6f, 0x6e, 0x5f, 0x6c,
   0x69, 0x6e, 0x5f, 0x79, 0x5f, 0x64, 0x65, 0x63, 0x61, 0x79, 0x5f, 0x72, 0x61, 0x74, 0x65, 0x19,
   0x9a, 0x99, 0x99, 0x99, 0x99, 0x99, 0xb9, 0x3f, 0x5a, 0x4d, 0x0a, 0x20, 0x63, 0x74, 0x72, 0x6c,
   0x5f, 0x6f, 0x70, 0x65, 0x6e, 0x5f, 0x68, 0x6f, 0x6c, 0x64, 0x5f, 0x70, 0x6f, 0x73, 0x69, 0x74,
   0x69, 0x6f, 0x6e, 0x5f, 0x6c, 0x69, 0x6e, 0x5f, 0x79, 0x5f, 0x6b, 0x64, 0x12, 0x20, 0x63, 0x74,
   0x72, 0x6c, 0x5f, 0x6f, 0x70, 0x65, 0x6e, 0x5f, 0x68, 0x6f, 0x6c, 0x64, 0x5f, 0x70, 0x6f, 0x73,
   0x69, 0x74, 0x69, 0x6f, 0x6e, 0x5f, 0x6c, 0x69, 0x6e, 0x5f, 0x79, 0x5f, 0x6b, 0x64, 0x19, 0x00,
   0x00, 0x00, 0x00, 0x00, 0x00, 0x00, 0x40, 0x5a, 0x4d, 0x0a, 0x20, 0x63, 0x74, 0x72, 0x6c, 0x5f,
   0x6f, 0x70, 0x65, 0x6e, 0x5f, 0x68, 0x6f, 0x6c, 0x64, 0x5f, 0x70, 0x6f, 0x73, 0x69, 0x74, 0x69,
   0x6f, 0x6e, 0x5f, 0x6c, 0x69, 0x6e, 0x5f, 0x79, 0x5f, 0x6b, 0x69, 0x12, 0x20, 0x63, 0x74, 0x72,
   0x6c, 0x5f, 0x6f, 0x70, 0x65, 0x6e, 0x5f, 0x68, 0x6f, 0x6c, 0x64, 0x5f, 0x70, 0x6f, 0x73, 0x69,
   0x74, 0x69, 0x6f, 0x6e, 0x5f, 0x6c, 0x69, 0x6e, 0x5f, 0x79, 0x5f, 0x6b, 0x69, 0x19, 0x00, 0x00,
   0x00, 0x00, 0x00, 0x00, 0x49, 0x40, 0x5a, 0x4d, 0x0a, 0x20, 0x63, 0x74, 0x72, 0x6c, 0x5f, 0x6f,
   0x70, 0x65, 0x6e, 0x5f, 0x68, 0x6f, 0x6c, 0x64, 0x5f, 0x70, 0x6f, 0x73, 0x69, 0x74, 0x69, 0x6f,
   0x6e, 0x5f, 0x6c, 0x69, 0x6e, 0x5f, 0x79, 0x5f, 0x6b, 0x70, 0x12, 0x20, 0x63, 0x74, 0x72, 0x6c,
   0x5f, 0x6f, 0x70, 0x65, 0x6e, 0x5f, 0x68, 0x6f, 0x6c, 0x64, 0x5f, 0x70, 0x6f, 0x73, 0x69, 0x74,
   0x69, 0x6f, 0x6e, 0x5f, 0x6c, 0x69, 0x6e, 0x5f, 0x79, 0x5f, 0x6b, 0x70, 0x19, 0x00, 0x00, 0x00,
   0x00, 0x00, 0x30, 0x81, 0x40, 0x5a, 0x5d, 0x0a, 0x28, 0x63, 0x74, 0x72, 0x6c, 0x5f, 0x6f, 0x70,
   0x65, 0x6e, 0x5f, 0x68, 0x6f, 0x6c, 0x64, 0x5f, 0x70, 0x6f, 0x73, 0x69, 0x74, 0x69, 0x6f, 0x6e,
   0x5f, 0x6c, 0x69, 0x6e, 0x5f, 0x7a, 0x5f, 0x64, 0x65, 0x63, 0x61, 0x79, 0x5f, 0x72, 0x61, 0x74,
   0x65, 0x12, 0x28, 0x63, 0x74, 0x72, 0x6c, 0x5f, 0x6f, 0x70, 0x65, 0x6e, 0x5f, 0x68, 0x6f, 0x6c,
   0x64, 0x5f, 0x70, 0x6f, 0x73, 0x69, 0x74, 0x69, 0x6f, 0x6e, 0x5f, 0x6c, 0x69, 0x6e, 0x5f, 0x7a,
   0x5f, 0x64, 0x65, 0x63, 0x61, 0x79, 0x5f, 0x72, 0x61, 0x74, 0x65, 0x19, 0x9a, 0x99, 0x99, 0x99,
   0x99, 0x99, 0xb9, 0x3f, 0x5a, 0x4d, 0x0a, 0x20, 0x63, 0x74, 0x72, 0x6c, 0x5f, 0x6f, 0x70, 0x65,
   0x6e, 0x5f, 0x68, 0x6f, 0x6c, 0x64, 0x5f, 0x70, 0x6f, 0x73, 0x69, 0x74, 0x69, 0x6f, 0x6e, 0x5f,
   0x6c, 0x69, 0x6e, 0x5f, 0x7a, 0x5f, 0x6b, 0x64, 0x12, 0x20, 0x63, 0x74, 0x72, 0x6c, 0x5f, 0x6f,
   0x70, 0x65, 0x6e, 0x5f, 0x68, 0x6f, 0x6c, 0x64, 0x5f, 0x70, 0x6f, 0x73, 0x69, 0x74, 0x69, 0x6f,
   0x6e, 0x5f, 0x6c, 0x69, 0x6e, 0x5f, 0x7a, 0x5f, 0x6b, 0x64, 0x19, 0x00, 0x00, 0x00, 0x00, 0x00,
   0x00, 0x00, 0x40, 0x5a, 0x4d, 0x0a, 0x20, 0x63, 0x74, 0x72, 0x6c, 0x5f, 0x6f, 0x70, 0x65, 0x6e,
   0x5f, 0x68, 0x6f, 0x6c, 0x64, 0x5f, 0x70, 0x6f, 0x73, 0x69, 0x74, 0x69, 0x6f, 0x6e, 0x5f, 0x6c,
   0x69, 0x6e, 0x5f, 0x7a, 0x5f, 0x6b, 0x69, 0x12, 0x20, 0x63, 0x74, 0x72, 0x6c, 0x5f, 0x6f, 0x70,
   0x65, 0x6e, 0x5f, 0x68, 0x6f, 0x6c, 0x64, 0x5f, 0x70, 0x6f, 0x73, 0x69, 0x74, 0x69, 0x6f, 0x6e,
   0x5f, 0x6c, 0x69, 0x6e, 0x5f, 0x7a, 0x5f, 0x6b, 0x69, 0x19, 0x00, 0x00, 0x00, 0x00, 0x00, 0x00,
   0x49, 0x40, 0x5a, 0x4d, 0x0a, 0x20, 0x63, 0x74, 0x72, 0x6c, 0x5f, 0x6f, 0x70, 0x65, 0x6e, 0x5f,
   0x68, 0x6f, 0x6c, 0x64, 0x5f, 0x70, 0x6f, 0x73, 0x69, 0x74, 0x69, 0x6f, 0x6e, 0x5f, 0x6c, 0x69,
   0x6e, 0x5f, 0x7a, 0x5f, 0x6b, 0x70, 0x12, 0x20, 0x63, 0x74, 0x72, 0x6c, 0x5f, 0x6f, 0x70, 0x65,
   0x6e, 0x5f, 0x68, 0x6f, 0x6c, 0x64, 0x5f, 0x70, 0x6f, 0x73, 0x69, 0x74, 0x69, 0x6f, 0x6e, 0x5f,
   0x6c, 0x69, 0x6e, 0x5f, 0x7a, 0x5f, 0x6b, 0x70, 0x19, 0x00, 0x00, 0x00, 0x00, 0x00, 0x30, 0x81,
   0x40, 0x5a, 0x3b, 0x0a, 0x17, 0x64, 0x65, 0x66, 0x61, 0x75, 0x6c, 0x74, 0x5f, 0x74, 0x6f, 0x6c,
   0x65, 0x72, 0x61, 0x6e, 0x63, 0x65, 0x5f, 0x41, 0x6e, 0x67, 0x6c, 0x65, 0x12, 0x17, 0x64, 0x65,
   0x66, 0x61, 0x75, 0x6c, 0x74, 0x5f, 0x74, 0x6f, 0x6c, 0x65, 0x72, 0x61, 0x6e, 0x63, 0x65, 0x5f,
   0x41, 0x6e, 0x67, 0x6c, 0x65, 0x19, 0x7b, 0x14, 0xae, 0x47, 0xe1, 0x7a, 0x84, 0x3f, 0x5a, 0x47,
   0x0a, 0x1d, 0x64, 0x65, 0x66, 0x61, 0x75, 0x6c, 0x74, 0x5f, 0x74, 0x6f, 0x6c, 0x65, 0x72, 0x61,
   0x6e, 0x63, 0x65, 0x5f, 0x4f, 0x72, 0x69, 0x65, 0x6e, 0x74, 0x61, 0x74, 0x69, 0x6f, 0x6e, 0x12,
   0x1d, 0x64, 0x65, 0x66, 0x61, 0x75, 0x6c, 0x74, 0x5f, 0x74, 0x6f, 0x6c, 0x65, 0x72, 0x61, 0x6e,
   0x63, 0x65, 0x5f, 0x4f, 0x72, 0x69, 0x65, 0x6e, 0x74, 0x61, 0x74, 0x69, 0x6f, 0x6e, 0x19, 0x9a,
   0x99, 0x99, 0x99, 0x99, 0x99, 0xb9, 0x3f, 0x5a, 0x41, 0x0a, 0x1a, 0x64, 0x65, 0x66, 0x61, 0x75,
   0x6c, 0x74, 0x5f, 0x74, 0x6f, 0x6c, 0x65, 0x72, 0x61, 0x6e, 0x63, 0x65, 0x5f, 0x50, 0x6f, 0x73,
   0x69, 0x74, 0x69, 0x6f, 0x6e, 0x12, 0x1a, 0x64, 0x65, 0x66, 0x61, 0x75, 0x6c, 0x74, 0x5f, 0x74,
   0x6f, 0x6c, 0x65, 0x72, 0x61, 0x6e, 0x63, 0x65, 0x5f, 0x50, 0x6f, 0x73, 0x69, 0x74, 0x69, 0x6f,
   0x6e, 0x19, 0x9a, 0x99, 0x99, 0x99, 0x99, 0x99, 0xa9, 0x3f, 0x5a, 0x6d, 0x0a, 0x31, 0x66, 0x6f,
   0x72, 0x65, 0x61, 0x72, 0x6d, 0x5f, 0x6c, 0x69, 0x6e, 0x6b, 0x5f, 0x63, 0x6f, 0x6d, 0x5f, 0x69,
   0x6e, 0x5f, 0x66, 0x6f, 0x72, 0x65, 0x61, 0x72, 0x6d, 0x5f, 0x6c, 0x69, 0x6e, 0x6b, 0x5f, 0x70,
   0x6f, 0x73, 0x69, 0x74, 0x69, 0x6f, 0x6e, 0x5f, 0x63, 0x6f, 0x6f, 0x72, 0x64, 0x2e, 0x78, 0x12,
   0x2f, 0x66, 0x6f, 0x72, 0x65, 0x61, 0x72, 0x6d, 0x5f, 0x6c, 0x69, 0x6e, 0x6b, 0x5f, 0x63, 0x6f,
   0x6d, 0x5f, 0x69, 0x6e, 0x5f, 0x66, 0x6f, 0x72, 0x65, 0x61, 0x72, 0x6d, 0x5f, 0x6c, 0x69, 0x6e,
   0x6b, 0x5f, 0x70, 0x6f, 0x73, 0x69, 0x74, 0x69, 0x6f, 0x6e, 0x5f, 0x63, 0x6f, 0x6f, 0x72, 0x64,
   0x19, 0x3f, 0xab, 0xcc, 0x94, 0xd6, 0xdf, 0xf2, 0xbe, 0x5a, 0x6d, 0x0a, 0x31, 0x66, 0x6f, 0x72,
   0x65, 0x61, 0x72, 0x6d, 0x5f, 0x6c, 0x69, 0x6e, 0x6b, 0x5f, 0x63, 0x6f, 0x6d, 0x5f, 0x69, 0x6e,
   0x5f, 0x66, 0x6f, 0x72, 0x65, 0x61, 0x72, 0x6d, 0x5f, 0x6c, 0x69, 0x6e, 0x6b, 0x5f, 0x70, 0x6f,
   0x73, 0x69, 0x74, 0x69, 0x6f, 0x6e, 0x5f, 0x63, 0x6f, 0x6f, 0x72, 0x64, 0x2e, 0x79, 0x12, 0x2f,
   0x66, 0x6f, 0x72, 0x65, 0x61, 0x72, 0x6d, 0x5f, 0x6c, 0x69, 0x6e, 0x6b, 0x5f, 0x63, 0x6f, 0x6d,
   0x5f, 0x69, 0x6e, 0x5f, 0x66, 0x6f, 0x72, 0x65, 0x61, 0x72, 0x6d, 0x5f, 0x6c, 0x69, 0x6e, 0x6b,
   0x5f, 0x70, 0x6f, 0x73, 0x69, 0x74, 0x69, 0x6f, 0x6e, 0x5f, 0x63, 0x6f, 0x6f, 0x72, 0x64, 0x19,
   0xe5, 0x46, 0x91, 0xb5, 0x86, 0x52, 0xb3, 0xbf, 0x5a, 0x6d, 0x0a, 0x31, 0x66, 0x6f, 0x72, 0x65,
   0x61, 0x72, 0x6d, 0x5f, 0x6c, 0x69, 0x6e, 0x6b, 0x5f, 0x63, 0x6f, 0x6d, 0x5f, 0x69, 0x6e, 0x5f,
   0x66, 0x6f, 0x72, 0x65, 0x61, 0x72, 0x6d, 0x5f, 0x6c, 0x69, 0x6e, 0x6b, 0x5f, 0x70, 0x6f, 0x73,
   0x69, 0x74, 0x69, 0x6f, 0x6e, 0x5f, 0x63, 0x6f, 0x6f, 0x72, 0x64, 0x2e, 0x7a, 0x12, 0x2f, 0x66,
   0x6f, 0x72, 0x65, 0x61, 0x72, 0x6d, 0x5f, 0x6c, 0x69, 0x6e, 0x6b, 0x5f, 0x63, 0x6f, 0x6d, 0x5f,
   0x69, 0x6e, 0x5f, 0x66, 0x6f, 0x72, 0x65, 0x61, 0x72, 0x6d, 0x5f, 0x6c, 0x69, 0x6e, 0x6b, 0x5f,
   0x70, 0x6f, 0x73, 0x69, 0x74, 0x69, 0x6f, 0x6e, 0x5f, 0x63, 0x6f, 0x6f, 0x72, 0x64, 0x19, 0xd5,
   0x40, 0xf3, 0x39, 0x77, 0xbb, 0x8e, 0xbf, 0x5a, 0x4c, 0x0a, 0x25, 0x67, 0x5f, 0x62, 0x61, 0x73,
   0x65, 0x5f, 0x63, 0x6f, 0x6d, 0x5f, 0x69, 0x6e, 0x5f, 0x67, 0x5f, 0x62, 0x61, 0x73, 0x65, 0x5f,
   0x70, 0x6f, 0x73, 0x69, 0x74, 0x69, 0x6f, 0x6e, 0x5f, 0x63, 0x6f, 0x6f, 0x72, 0x64, 0x2e, 0x78,
   0x12, 0x23, 0x67, 0x5f, 0x62, 0x61, 0x73, 0x65, 0x5f, 0x63, 0x6f, 0x6d, 0x5f, 0x69, 0x6e, 0x5f,
   0x67, 0x5f, 0x62, 0x61, 0x73, 0x65, 0x5f, 0x70, 0x6f, 0x73, 0x69, 0x74, 0x69, 0x6f, 0x6e, 0x5f,
   0x63, 0x6f, 0x6f, 0x72, 0x64, 0x5a, 0x55, 0x0a, 0x25, 0x67, 0x5f, 0x62, 0x61, 0x73, 0x65, 0x5f,
   0x63, 0x6f, 0x6d, 0x5f, 0x69, 0x6e, 0x5f, 0x67, 0x5f, 0x62, 0x61, 0x73, 0x65, 0x5f, 0x70, 0x6f,
   0x73, 0x69, 0x74, 0x69, 0x6f, 0x6e, 0x5f, 0x63, 0x6f, 0x6f, 0x72, 0x64, 0x2e, 0x79, 0x12, 0x23,
   0x67, 0x5f, 0x62, 0x61, 0x73, 0x65, 0x5f, 0x63, 0x6f, 0x6d, 0x5f, 0x69, 0x6e, 0x5f, 0x67, 0x5f,
   0x62, 0x61, 0x73, 0x65, 0x5f, 0x70, 0x6f, 0x73, 0x69, 0x74, 0x69, 0x6f, 0x6e, 0x5f, 0x63, 0x6f,
   0x6f, 0x72, 0x64, 0x19, 0x61, 0x52, 0x54, 0x6b, 0x55, 0x5a, 0xfc, 0xbe, 0x5a, 0x55, 0x0a, 0x25,
   0x67, 0x5f, 0x62, 0x61, 0x73, 0x65, 0x5f, 0x63, 0x6f, 0x6d, 0x5f, 0x69, 0x6e, 0x5f, 0x67, 0x5f,
   0x62, 0x61, 0x73, 0x65, 0x5f, 0x70, 0x6f, 0x73, 0x69, 0x74, 0x69, 0x6f, 0x6e, 0x5f, 0x63, 0x6f,
   0x6f, 0x72, 0x64, 0x2e, 0x7a, 0x12, 0x23, 0x67, 0x5f, 0x62, 0x61, 0x73, 0x65, 0x5f, 0x63, 0x6f,
   0x6d, 0x5f, 0x69, 0x6e, 0x5f, 0x67, 0x5f, 0x62, 0x61, 0x73, 0x65, 0x5f, 0x70, 0x6f, 0x73, 0x69,
   0x74, 0x69, 0x6f, 0x6e, 0x5f, 0x63, 0x6f, 0x6f, 0x72, 0x64, 0x19, 0x62, 0x4a, 0x24, 0xd1, 0xcb,
   0x28, 0xa2, 0x3f, 0x5a, 0x50, 0x0a, 0x27, 0x67, 0x5f, 0x62, 0x61, 0x73, 0x65, 0x5f, 0x69, 0x6e,
   0x5f, 0x67, 0x5f, 0x62, 0x61, 0x73, 0x65, 0x5f, 0x6d, 0x6f, 0x75, 0x6e, 0x74, 0x5f, 0x70, 0x6f,
   0x73, 0x69, 0x74, 0x69, 0x6f, 0x6e, 0x5f, 0x63, 0x6f, 0x6f, 0x72, 0x64, 0x2e, 0x78, 0x12, 0x25,
   0x67, 0x5f, 0x62, 0x61, 0x73, 0x65, 0x5f, 0x69, 0x6e, 0x5f, 0x67, 0x5f, 0x62, 0x61, 0x73, 0x65,
   0x5f, 0x6d, 0x6f, 0x75, 0x6e, 0x74, 0x5f, 0x70, 0x6f, 0x73, 0x69, 0x74, 0x69, 0x6f, 0x6e, 0x5f,
   0x63, 0x6f, 0x6f, 0x72, 0x64, 0x5a, 0x50, 0x0a, 0x27, 0x67, 0x5f, 0x62, 0x61, 0x73, 0x65, 0x5f,
   0x69, 0x6e, 0x5f, 0x67, 0x5f, 0x62, 0x61, 0x73, 0x65, 0x5f, 0x6d, 0x6f, 0x75, 0x6e, 0x74, 0x5f,
   0x70, 0x6f, 0x73, 0x69, 0x74, 0x69, 0x6f, 0x6e, 0x5f, 0x63, 0x6f, 0x6f, 0x72, 0x64, 0x2e, 0x79,
   0x12, 0x25, 0x67, 0x5f, 0x62, 0x61, 0x73, 0x65, 0x5f, 0x69, 0x6e, 0x5f, 0x67, 0x5f, 0x62, 0x61,
   0x73, 0x65, 0x5f, 0x6d, 0x6f, 0x75, 0x6e, 0x74, 0x5f, 0x70, 0x6f, 0x73, 0x69, 0x74, 0x69, 0x6f,
   0x6e, 0x5f, 0x63, 0x6f, 0x6f, 0x72, 0x64, 0x5a, 0x59, 0x0a, 0x27, 0x67, 0x5f, 0x62, 0x61, 0x73,
   0x65, 0x5f, 0x69, 0x6e, 0x5f, 0x67, 0x5f, 0x62, 0x61, 0x73, 0x65, 0x5f, 0x6d, 0x6f, 0x75, 0x6e,
   0x74, 0x5f, 0x70, 0x6f, 0x73, 0x69, 0x74, 0x69, 0x6f, 0x6e, 0x5f, 0x63, 0x6f, 0x6f, 0x72, 0x64,
   0x2e, 0x7a, 0x12, 0x25, 0x67, 0x5f, 0x62, 0x61, 0x73, 0x65, 0x5f, 0x69, 0x6e, 0x5f, 0x67, 0x5f,
   0x62, 0x61, 0x73, 0x65, 0x5f, 0x6d, 0x6f, 0x75, 0x6e, 0x74, 0x5f, 0x70, 0x6f, 0x73, 0x69, 0x74,
   0x69, 0x6f, 0x6e, 0x5f, 0x63, 0x6f, 0x6f, 0x72, 0x64, 0x19, 0xc5, 0x8f, 0x31, 0x77, 0x2d, 0x21,
   0x6f, 0x3f, 0x5a, 0x5a, 0x0a, 0x2c, 0x67, 0x5f, 0x62, 0x61, 0x73, 0x65, 0x5f, 0x6c, 0x75, 0x6d,
   0x70, 0x65, 0x64, 0x5f, 0x63, 0x6f, 0x6d, 0x5f, 0x69, 0x6e, 0x5f, 0x67, 0x5f, 0x62, 0x61, 0x73,
   0x65, 0x5f, 0x70, 0x6f, 0x73, 0x69, 0x74, 0x69, 0x6f, 0x6e, 0x5f, 0x63, 0x6f, 0x6f, 0x72, 0x64,
   0x2e, 0x78, 0x12, 0x2a, 0x67, 0x5f, 0x62, 0x61, 0x73, 0x65, 0x5f, 0x6c, 0x75, 0x6d, 0x70, 0x65,
   0x64, 0x5f, 0x63, 0x6f, 0x6d, 0x5f, 0x69, 0x6e, 0x5f, 0x67, 0x5f, 0x62, 0x61, 0x73, 0x65, 0x5f,
   0x70, 0x6f, 0x73, 0x69, 0x74, 0x69, 0x6f, 0x6e, 0x5f, 0x63, 0x6f, 0x6f, 0x72, 0x64, 0x5a, 0x63,
   0x0a, 0x2c, 0x67, 0x5f, 0x62, 0x61, 0x73, 0x65, 0x5f, 0x6c, 0x75, 0x6d, 0x70, 0x65, 0x64, 0x5f,
   0x63, 0x6f, 0x6d, 0x5f, 0x69, 0x6e, 0x5f, 0x67, 0x5f, 0x62, 0x61, 0x73, 0x65, 0x5f, 0x70, 0x6f,
   0x73, 0x69, 0x74, 0x69, 0x6f, 0x6e, 0x5f, 0x63, 0x6f, 0x6f, 0x72, 0x64, 0x2e, 0x79, 0x12, 0x2a,
   0x67, 0x5f, 0x62, 0x61, 0x73, 0x65, 0x5f, 0x6c, 0x75, 0x6d, 0x70, 0x65, 0x64, 0x5f, 0x63, 0x6f,
   0x6d, 0x5f, 0x69, 0x6e, 0x5f, 0x67, 0x5f, 0x62, 0x61, 0x73, 0x65, 0x5f, 0x70, 0x6f, 0x73, 0x69,
   0x74, 0x69, 0x6f, 0x6e, 0x5f, 0x63, 0x6f, 0x6f, 0x72, 0x64, 0x19, 0x92, 0x52, 0x53, 0xaf, 0xd1,
   0x6b, 0xf8, 0xbe, 0x5a, 0x63, 0x0a, 0x2c, 0x67, 0x5f, 0x62, 0x61, 0x73, 0x65, 0x5f, 0x6c, 0x75,
   0x6d, 0x70, 0x65, 0x64, 0x5f, 0x63, 0x6f, 0x6d, 0x5f, 0x69, 0x6e, 0x5f, 0x67, 0x5f, 0x62, 0x61,
   0x73, 0x65, 0x5f, 0x70, 0x6f, 0x73, 0x69, 0x74, 0x69, 0x6f, 0x6e, 0x5f, 0x63, 0x6f, 0x6f, 0x72,
   0x64, 0x2e, 0x7a, 0x12, 0x2a, 0x67, 0x5f, 0x62, 0x61, 0x73, 0x65, 0x5f, 0x6c, 0x75, 0x6d, 0x70,
   0x65, 0x64, 0x5f, 0x63, 0x6f, 0x6d, 0x5f, 0x69, 0x6e, 0x5f, 0x67, 0x5f, 0x62, 0x61, 0x73, 0x65,
   0x5f, 0x70, 0x6f, 0x73, 0x69, 0x74, 0x69, 0x6f, 0x6e, 0x5f, 0x63, 0x6f, 0x6f, 0x72, 0x64, 0x19,
   0x09, 0xad, 0xf9, 0x1a, 0x8c, 0xbf, 0xa5, 0x3f, 0x5a, 0x6d, 0x0a, 0x31, 0x67, 0x5f, 0x62, 0x61,
   0x73, 0x65, 0x5f, 0x6d, 0x6f, 0x75, 0x6e, 0x74, 0x5f, 0x63, 0x6f, 0x6d, 0x5f, 0x69, 0x6e, 0x5f,
   0x67, 0x5f, 0x62, 0x61, 0x73, 0x65, 0x5f, 0x6d, 0x6f, 0x75, 0x6e, 0x74, 0x5f, 0x70, 0x6f, 0x73,
   0x69, 0x74, 0x69, 0x6f, 0x6e, 0x5f, 0x63, 0x6f, 0x6f, 0x72, 0x64, 0x2e, 0x78, 0x12, 0x2f, 0x67,
   0x5f, 0x62, 0x61, 0x73, 0x65, 0x5f, 0x6d, 0x6f, 0x75, 0x6e, 0x74, 0x5f, 0x63, 0x6f, 0x6d, 0x5f,
   0x69, 0x6e, 0x5f, 0x67, 0x5f, 0x62, 0x61, 0x73, 0x65, 0x5f, 0x6d, 0x6f, 0x75, 0x6e, 0x74, 0x5f,
   0x70, 0x6f, 0x73, 0x69, 0x74, 0x69, 0x6f, 0x6e, 0x5f, 0x63, 0x6f, 0x6f, 0x72, 0x64, 0x19, 0xdc,
   0x13, 0x64, 0xc0, 0x96, 0xa1, 0x37, 0xbf, 0x5a, 0x6d, 0x0a, 0x31, 0x67, 0x5f, 0x62, 0x61, 0x73,
   0x65, 0x5f, 0x6d, 0x6f, 0x75, 0x6e, 0x74, 0x5f, 0x63, 0x6f, 0x6d, 0x5f, 0x69, 0x6e, 0x5f, 0x67,
   0x5f, 0x62, 0x61, 0x73, 0x65, 0x5f, 0x6d, 0x6f, 0x75, 0x6e, 0x74, 0x5f, 0x70, 0x6f, 0x73, 0x69,
   0x74, 0x69, 0x6f, 0x6e, 0x5f, 0x63, 0x6f, 0x6f, 0x72, 0x64, 0x2e, 0x79, 0x12, 0x2f, 0x67, 0x5f,
   0x62, 0x61, 0x73, 0x65, 0x5f, 0x6d, 0x6f, 0x75, 0x6e, 0x74, 0x5f, 0x63, 0x6f, 0x6d, 0x5f, 0x69,
   0x6e, 0x5f, 0x67, 0x5f, 0x62, 0x61, 0x73, 0x65, 0x5f, 0x6d, 0x6f, 0x75, 0x6e, 0x74, 0x5f, 0x70,
   0x6f, 0x73, 0x69, 0x74, 0x69, 0x6f, 0x6e, 0x5f, 0x63, 0x6f, 0x6f, 0x72, 0x64, 0x19, 0xbb, 0x95,
   0x0f, 0xd8, 0x98, 0x60, 0x16, 0x3f, 0x5a, 0x6d, 0x0a, 0x31, 0x67, 0x5f, 0x62, 0x61, 0x73, 0x65,
   0x5f, 0x6d, 0x6f, 0x75, 0x6e, 0x74, 0x5f, 0x63, 0x6f, 0x6d, 0x5f, 0x69, 0x6e, 0x5f, 0x67, 0x5f,
   0x62, 0x61, 0x73, 0x65, 0x5f, 0x6d, 0x6f, 0x75, 0x6e, 0x74, 0x5f, 0x70, 0x6f, 0x73, 0x69, 0x74,
   0x69, 0x6f, 0x6e, 0x5f, 0x63, 0x6f, 0x6f, 0x72, 0x64, 0x2e, 0x7a, 0x12, 0x2f, 0x67, 0x5f, 0x62,
   0x61, 0x73, 0x65, 0x5f, 0x6d, 0x6f, 0x75, 0x6e, 0x74, 0x5f, 0x63, 0x6f, 0x6d, 0x5f, 0x69, 0x6e,
   0x5f, 0x67, 0x5f, 0x62, 0x61, 0x73, 0x65, 0x5f, 0x6d, 0x6f, 0x75, 0x6e, 0x74, 0x5f, 0x70, 0x6f,
   0x73, 0x69, 0x74, 0x69, 0x6f, 0x6e, 0x5f, 0x63, 0x6f, 0x6f, 0x72, 0x64, 0x19, 0xc4, 0x93, 0x08,
   0x03, 0x93, 0x09, 0x0f, 0xbf, 0x5a, 0x68, 0x0a, 0x33, 0x67, 0x5f, 0x6c, 0x65, 0x66, 0x74, 0x5f,
   0x64, 0x72, 0x69, 0x76, 0x65, 0x72, 0x5f, 0x63, 0x6f, 0x6d, 0x5f, 0x69, 0x6e, 0x5f, 0x67, 0x5f,
   0x6c, 0x65, 0x66, 0x74, 0x5f, 0x64, 0x72, 0x69, 0x76, 0x65, 0x72, 0x5f, 0x70, 0x6f, 0x73, 0x69,
   0x74, 0x69, 0x6f, 0x6e, 0x5f, 0x63, 0x6f, 0x6f, 0x72, 0x64, 0x2e, 0x78, 0x12, 0x31, 0x67, 0x5f,
   0x6c, 0x65, 0x66, 0x74, 0x5f, 0x64, 0x72, 0x69, 0x76, 0x65, 0x72, 0x5f, 0x63, 0x6f, 0x6d, 0x5f,
   0x69, 0x6e, 0x5f, 0x67, 0x5f, 0x6c, 0x65, 0x66, 0x74, 0x5f, 0x64, 0x72, 0x69, 0x76, 0x65, 0x72,
   0x5f, 0x70, 0x6f, 0x73, 0x69, 0x74, 0x69, 0x6f, 0x6e, 0x5f, 0x63, 0x6f, 0x6f, 0x72, 0x64, 0x5a,
   0x71, 0x0a, 0x33, 0x67, 0x5f, 0x6c, 0x65, 0x66, 0x74, 0x5f, 0x64, 0x72, 0x69, 0x76, 0x65, 0x72,
   0x5f, 0x63, 0x6f, 0x6d, 0x5f, 0x69, 0x6e, 0x5f, 0x67, 0x5f, 0x6c, 0x65, 0x66, 0x74, 0x5f, 0x64,
   0x72, 0x69, 0x76, 0x65, 0x72, 0x5f, 0x70, 0x6f, 0x73, 0x69, 0x74, 0x69, 0x6f, 0x6e, 0x5f, 0x63,
   0x6f, 0x6f, 0x72, 0x64, 0x2e, 0x79, 0x12, 0x31, 0x67, 0x5f, 0x6c, 0x65, 0x66, 0x74, 0x5f, 0x64,
   0x72, 0x69, 0x76, 0x65, 0x72, 0x5f, 0x63, 0x6f, 0x6d, 0x5f, 0x69, 0x6e, 0x5f, 0x67, 0x5f, 0x6c,
   0x65, 0x66, 0x74, 0x5f, 0x64, 0x72, 0x69, 0x76, 0x65, 0x72, 0x5f, 0x70, 0x6f, 0x73, 0x69, 0x74,
   0x69, 0x6f, 0x6e, 0x5f, 0x63, 0x6f, 0x6f, 0x72, 0x64, 0x19, 0xbd, 0xb2, 0x66, 0xbf, 0x49, 0x2e,
   0x92, 0x3f, 0x5a, 0x71, 0x0a, 0x33, 0x67, 0x5f, 0x6c, 0x65, 0x66, 0x74, 0x5f, 0x64, 0x72, 0x69,
   0x76, 0x65, 0x72, 0x5f, 0x63, 0x6f, 0x6d, 0x5f, 0x69, 0x6e, 0x5f, 0x67, 0x5f, 0x6c, 0x65, 0x66,
   0x74, 0x5f, 0x64, 0x72, 0x69, 0x76, 0x65, 0x72, 0x5f, 0x70, 0x6f, 0x73, 0x69, 0x74, 0x69, 0x6f,
   0x6e, 0x5f, 0x63, 0x6f, 0x6f, 0x72, 0x64, 0x2e, 0x7a, 0x12, 0x31, 0x67, 0x5f, 0x6c, 0x65, 0x66,
   0x74, 0x5f, 0x64, 0x72, 0x69, 0x76, 0x65, 0x72, 0x5f, 0x63, 0x6f, 0x6d, 0x5f, 0x69, 0x6e, 0x5f,
   0x67, 0x5f, 0x6c, 0x65, 0x66, 0x74, 0x5f, 0x64, 0x72, 0x69, 0x76, 0x65, 0x72, 0x5f, 0x70, 0x6f,
   0x73, 0x69, 0x74, 0x69, 0x6f, 0x6e, 0x5f, 0x63, 0x6f, 0x6f, 0x72, 0x64, 0x19, 0x7f, 0xd1, 0x0e,
   0x4d, 0x13, 0x95, 0x51, 0x3f, 0x5a, 0x6c, 0x0a, 0x35, 0x67, 0x5f, 0x6c, 0x65, 0x66, 0x74, 0x5f,
   0x64, 0x72, 0x69, 0x76, 0x65, 0x72, 0x5f, 0x6a, 0x6f, 0x69, 0x6e, 0x74, 0x5f, 0x61, 0x6e, 0x63,
   0x68, 0x6f, 0x72, 0x5f, 0x69, 0x6e, 0x5f, 0x67, 0x5f, 0x62, 0x61, 0x73, 0x65, 0x5f, 0x70, 0x6f,
   0x73, 0x69, 0x74, 0x69, 0x6f, 0x6e, 0x5f, 0x63, 0x6f, 0x6f, 0x72, 0x64, 0x2e, 0x78, 0x12, 0x33,
   0x67, 0x5f, 0x6c, 0x65, 0x66, 0x74, 0x5f, 0x64, 0x72, 0x69, 0x76, 0x65, 0x72, 0x5f, 0x6a, 0x6f,
   0x69, 0x6e, 0x74, 0x5f, 0x61, 0x6e, 0x63, 0x68, 0x6f, 0x72, 0x5f, 0x69, 0x6e, 0x5f, 0x67, 0x5f,
   0x62, 0x61, 0x73, 0x65, 0x5f, 0x70, 0x6f, 0x73, 0x69, 0x74, 0x69, 0x6f, 0x6e, 0x5f, 0x63, 0x6f,
   0x6f, 0x72, 0x64, 0x5a, 0x75, 0x0a, 0x35, 0x67, 0x5f, 0x6c, 0x65, 0x66, 0x74, 0x5f, 0x64, 0x72,
   0x69, 0x76, 0x65, 0x72, 0x5f, 0x6a, 0x6f, 0x69, 0x6e, 0x74, 0x5f, 0x61, 0x6e, 0x63, 0x68, 0x6f,
   0x72, 0x5f, 0x69, 0x6e, 0x5f, 0x67, 0x5f, 0x62, 0x61, 0x73, 0x65, 0x5f, 0x70, 0x6f, 0x73, 0x69,
   0x74, 0x69, 0x6f, 0x6e, 0x5f, 0x63, 0x6f, 0x6f, 0x72, 0x64, 0x2e, 0x79, 0x12, 0x33, 0x67, 0x5f,
   0x6c, 0x65, 0x66, 0x74, 0x5f, 0x64, 0x72, 0x69, 0x76, 0x65, 0x72, 0x5f, 0x6a, 0x6f, 0x69, 0x6e,
   0x74, 0x5f, 0x61, 0x6e, 0x63, 0x68, 0x6f, 0x72, 0x5f, 0x69, 0x6e, 0x5f, 0x67, 0x5f, 0x62, 0x61,
   0x73, 0x65, 0x5f, 0x70, 0x6f, 0x73, 0x69, 0x74, 0x69, 0x6f, 0x6e, 0x5f, 0x63, 0x6f, 0x6f, 0x72,
   0x64, 0x19, 0xd2, 0xf1, 0xe2, 0x0e, 0xe5, 0x55, 0x9f, 0xbf, 0x5a, 0x75, 0x0a, 0x35, 0x67, 0x5f,
   0x6c, 0x65, 0x66, 0x74, 0x5f, 0x64, 0x72, 0x69, 0x76, 0x65, 0x72, 0x5f, 0x6a, 0x6f, 0x69, 0x6e,
   0x74, 0x5f, 0x61, 0x6e, 0x63, 0x68, 0x6f, 0x72, 0x5f, 0x69, 0x6e, 0x5f, 0x67, 0x5f, 0x62, 0x61,
   0x73, 0x65, 0x5f, 0x70, 0x6f, 0x73, 0x69, 0x74, 0x69, 0x6f, 0x6e, 0x5f, 0x63, 0x6f, 0x6f, 0x72,
   0x64, 0x2e, 0x7a, 0x12, 0x33, 0x67, 0x5f, 0x6c, 0x65, 0x66, 0x74, 0x5f, 0x64, 0x72, 0x69, 0x76,
   0x65, 0x72, 0x5f, 0x6a, 0x6f, 0x69, 0x6e, 0x74, 0x5f, 0x61, 0x6e, 0x63, 0x68, 0x6f, 0x72, 0x5f,
   0x69, 0x6e, 0x5f, 0x67, 0x5f, 0x62, 0x61, 0x73, 0x65, 0x5f, 0x70, 0x6f, 0x73, 0x69, 0x74, 0x69,
   0x6f, 0x6e, 0x5f, 0x63, 0x6f, 0x6f, 0x72, 0x64, 0x19, 0xb7, 0xd3, 0xd6, 0x88, 0x60, 0x1c, 0xac,
   0x3f, 0x5a, 0x59, 0x0a, 0x26, 0x67, 0x5f, 0x6c, 0x65, 0x66, 0x74, 0x5f, 0x64, 0x72, 0x69, 0x76,
   0x65, 0x72, 0x5f, 0x6a, 0x6f, 0x69, 0x6e, 0x74, 0x5f, 0x6c, 0x69, 0x6d, 0x69, 0x74, 0x5f, 0x65,
   0x66, 0x66, 0x6f, 0x72, 0x74, 0x5f, 0x6c, 0x6f, 0x77, 0x65, 0x72, 0x12, 0x26, 0x67, 0x5f, 0x6c,
   0x65, 0x66, 0x74, 0x5f, 0x64, 0x72, 0x69, 0x76, 0x65, 0x72, 0x5f, 0x6a, 0x6f, 0x69, 0x6e, 0x74,
   0x5f, 0x6c, 0x69, 0x6d, 0x69, 0x74, 0x5f, 0x65, 0x66, 0x66, 0x6f, 0x72, 0x74, 0x5f, 0x6c, 0x6f,
   0x77, 0x65, 0x72, 0x19, 0x00, 0x00, 0x00, 0x00, 0x00, 0x00, 0x14, 0xc0, 0x5a, 0x59, 0x0a, 0x26,
   0x67, 0x5f, 0x6c, 0x65, 0x66, 0x74, 0x5f, 0x64, 0x72, 0x69, 0x76, 0x65, 0x72, 0x5f, 0x6a, 0x6f,
   0x69, 0x6e, 0x74, 0x5f, 0x6c, 0x69, 0x6d, 0x69, 0x74, 0x5f, 0x65, 0x66, 0x66, 0x6f, 0x72, 0x74,
   0x5f, 0x75, 0x70, 0x70, 0x65, 0x72, 0x12, 0x26, 0x67, 0x5f, 0x6c, 0x65, 0x66, 0x74, 0x5f, 0x64,
   0x72, 0x69, 0x76, 0x65, 0x72, 0x5f, 0x6a, 0x6f, 0x69, 0x6e, 0x74, 0x5f, 0x6c, 0x69, 0x6d, 0x69,
   0x74, 0x5f, 0x65, 0x66, 0x66, 0x6f, 0x72, 0x74, 0x5f, 0x75, 0x70, 0x70, 0x65, 0x72, 0x19, 0x00,
   0x00, 0x00, 0x00, 0x00, 0x00, 0x14, 0x40, 0x5a, 0x54, 0x0a, 0x28, 0x67, 0x5f, 0x6c, 0x65, 0x66,
   0x74, 0x5f, 0x64, 0x72, 0x69, 0x76, 0x65, 0x72, 0x5f, 0x6a, 0x6f, 0x69, 0x6e, 0x74, 0x5f, 0x6c,
   0x69, 0x6d, 0x69, 0x74, 0x5f, 0x70, 0x6f, 0x73, 0x69, 0x74, 0x69, 0x6f, 0x6e, 0x5f, 0x6c, 0x6f,
   0x77, 0x65, 0x72, 0x12, 0x28, 0x67, 0x5f, 0x6c, 0x65, 0x66, 0x74, 0x5f, 0x64, 0x72, 0x69, 0x76,
   0x65, 0x72, 0x5f, 0x6a, 0x6f, 0x69, 0x6e, 0x74, 0x5f, 0x6c, 0x69, 0x6d, 0x69, 0x74, 0x5f, 0x70,
   0x6f, 0x73, 0x69, 0x74, 0x69, 0x6f, 0x6e, 0x5f, 0x6c, 0x6f, 0x77, 0x65, 0x72, 0x5a, 0x5d, 0x0a,
   0x28, 0x67, 0x5f, 0x6c, 0x65, 0x66, 0x74, 0x5f, 0x64, 0x72, 0x69, 0x76, 0x65, 0x72, 0x5f, 0x6a,
   0x6f, 0x69, 0x6e, 0x74, 0x5f, 0x6c, 0x69, 0x6d, 0x69, 0x74, 0x5f, 0x70, 0x6f, 0x73, 0x69, 0x74,
   0x69, 0x6f, 0x6e, 0x5f, 0x75, 0x70, 0x70, 0x65, 0x72, 0x12, 0x28, 0x67, 0x5f, 0x6c, 0x65, 0x66,
   0x74, 0x5f, 0x64, 0x72, 0x69, 0x76, 0x65, 0x72, 0x5f, 0x6a, 0x6f, 0x69, 0x6e, 0x74, 0x5f, 0x6c,
   0x69, 0x6d, 0x69, 0x74, 0x5f, 0x70, 0x6f, 0x73, 0x69, 0x74, 0x69, 0x6f, 0x6e, 0x5f, 0x75, 0x70,
   0x70, 0x65, 0x72, 0x19, 0x9a, 0x99, 0x99, 0x99, 0x99, 0x99, 0xe9, 0x3f, 0x5a, 0x66, 0x0a, 0x32,
   0x67, 0x5f, 0x6d, 0x6f, 0x75, 0x6e, 0x74, 0x5f, 0x69, 0x6e, 0x74, 0x65, 0x72, 0x66, 0x61, 0x63,
   0x65, 0x5f, 0x69, 0x6e, 0x5f, 0x67, 0x5f, 0x62, 0x61, 0x73, 0x65, 0x5f, 0x6d, 0x6f, 0x75, 0x6e,
   0x74, 0x5f, 0x70, 0x6f, 0x73, 0x69, 0x74, 0x69, 0x6f, 0x6e, 0x5f, 0x63, 0x6f, 0x6f, 0x72, 0x64,
   0x2e, 0x78, 0x12, 0x30, 0x67, 0x5f, 0x6d, 0x6f, 0x75, 0x6e, 0x74, 0x5f, 0x69, 0x6e, 0x74, 0x65,
   0x72, 0x66, 0x61, 0x63, 0x65, 0x5f, 0x69, 0x6e, 0x5f, 0x67, 0x5f, 0x62, 0x61, 0x73, 0x65, 0x5f,
   0x6d, 0x6f, 0x75, 0x6e, 0x74, 0x5f, 0x70, 0x6f, 0x73, 0x69, 0x74, 0x69, 0x6f, 0x6e, 0x5f, 0x63,
   0x6f, 0x6f, 0x72, 0x64, 0x5a, 0x66, 0x0a, 0x32, 0x67, 0x5f, 0x6d, 0x6f, 0x75, 0x6e, 0x74, 0x5f,
   0x69, 0x6e, 0x74, 0x65, 0x72, 0x66, 0x61, 0x63, 0x65, 0x5f, 0x69, 0x6e, 0x5f, 0x67, 0x5f, 0x62,
   0x61, 0x73, 0x65, 0x5f, 0x6d, 0x6f, 0x75, 0x6e, 0x74, 0x5f, 0x70, 0x6f, 0x73, 0x69, 0x74, 0x69,
   0x6f, 0x6e, 0x5f, 0x63, 0x6f, 0x6f, 0x72, 0x64, 0x2e, 0x79, 0x12, 0x30, 0x67, 0x5f, 0x6d, 0x6f,
   0x75, 0x6e, 0x74, 0x5f, 0x69, 0x6e, 0x74, 0x65, 0x72, 0x66, 0x61, 0x63, 0x65, 0x5f, 0x69, 0x6e,
   0x5f, 0x67, 0x5f, 0x62, 0x61, 0x73, 0x65, 0x5f, 0x6d, 0x6f, 0x75, 0x6e, 0x74, 0x5f, 0x70, 0x6f,
   0x73, 0x69, 0x74, 0x69, 0x6f, 0x6e, 0x5f, 0x63, 0x6f, 0x6f, 0x72, 0x64, 0x5a, 0x6f, 0x0a, 0x32,
   0x67, 0x5f, 0x6d, 0x6f, 0x75, 0x6e, 0x74, 0x5f, 0x69, 0x6e, 0x74, 0x65, 0x72, 0x66, 0x61, 0x63,
   0x65, 0x5f, 0x69, 0x6e, 0x5f, 0x67, 0x5f, 0x62, 0x61, 0x73, 0x65, 0x5f, 0x6d, 0x6f, 0x75, 0x6e,
   0x74, 0x5f, 0x70, 0x6f, 0x73, 0x69, 0x74, 0x69, 0x6f, 0x6e, 0x5f, 0x63, 0x6f, 0x6f, 0x72, 0x64,
   0x2e, 0x7a, 0x12, 0x30, 0x67, 0x5f, 0x6d, 0x6f, 0x75, 0x6e, 0x74, 0x5f, 0x69, 0x6e, 0x74, 0x65,
   0x72, 0x66, 0x61, 0x63, 0x65, 0x5f, 0x69, 0x6e, 0x5f, 0x67, 0x5f, 0x62, 0x61, 0x73, 0x65, 0x5f,
   0x6d, 0x6f, 0x75, 0x6e, 0x74, 0x5f, 0x70, 0x6f, 0x73, 0x69, 0x74, 0x69, 0x6f, 0x6e, 0x5f, 0x63,
   0x6f, 0x6f, 0x72, 0x64, 0x19, 0x79, 0xe9, 0x26, 0x31, 0x08, 0xac, 0x7c, 0xbf, 0x5a, 0x46, 0x0a,
   0x22, 0x67, 0x5f, 0x70, 0x69, 0x6e, 0x63, 0x68, 0x5f, 0x69, 0x6e, 0x5f, 0x67, 0x5f, 0x62, 0x61,
   0x73, 0x65, 0x5f, 0x70, 0x6f, 0x73, 0x69, 0x74, 0x69, 0x6f, 0x6e, 0x5f, 0x63, 0x6f, 0x6f, 0x72,
   0x64, 0x2e, 0x78, 0x12, 0x20, 0x67, 0x5f, 0x70, 0x69, 0x6e, 0x63, 0x68, 0x5f, 0x69, 0x6e, 0x5f,
   0x67, 0x5f, 0x62, 0x61, 0x73, 0x65, 0x5f, 0x70, 0x6f, 0x73, 0x69, 0x74, 0x69, 0x6f, 0x6e, 0x5f,
   0x63, 0x6f, 0x6f, 0x72, 0x64, 0x5a, 0x46, 0x0a, 0x22, 0x67, 0x5f, 0x70, 0x69, 0x6e, 0x63, 0x68,
   0x5f, 0x69, 0x6e, 0x5f, 0x67, 0x5f, 0x62, 0x61, 0x73, 0x65, 0x5f, 0x70, 0x6f, 0x73, 0x69, 0x74,
   0x69, 0x6f, 0x6e, 0x5f, 0x63, 0x6f, 0x6f, 0x72, 0x64, 0x2e, 0x79, 0x12, 0x20, 0x67, 0x5f, 0x70,
   0x69, 0x6e, 0x63, 0x68, 0x5f, 0x69, 0x6e, 0x5f, 0x67, 0x5f, 0x62, 0x61, 0x73, 0x65, 0x5f, 0x70,
   0x6f, 0x73, 0x69, 0x74, 0x69, 0x6f, 0x6e, 0x5f, 0x63, 0x6f, 0x6f, 0x72, 0x64, 0x5a, 0x4f, 0x0a,
   0x22, 0x67, 0x5f, 0x70, 0x69, 0x6e, 0x63, 0x68, 0x5f, 0x69, 0x6e, 0x5f, 0x67, 0x5f, 0x62, 0x61,
   0x73, 0x65, 0x5f, 0x70, 0x6f, 0x73, 0x69, 0x74, 0x69, 0x6f, 0x6e, 0x5f, 0x63, 0x6f, 0x6f, 0x72,
   0x64, 0x2e, 0x7a, 0x12, 0x20, 0x67, 0x5f, 0x70, 0x69, 0x6e, 0x63, 0x68, 0x5f, 0x69, 0x6e, 0x5f,
   0x67, 0x5f, 0x62, 0x61, 0x73, 0x65, 0x5f, 0x70, 0x6f, 0x73, 0x69, 0x74, 0x69, 0x6f, 0x6e, 0x5f,
   0x63, 0x6f, 0x6f, 0x72, 0x64, 0x19, 0x8f, 0xc2, 0xf5, 0x28, 0x5c, 0x8f, 0xc2, 0x3f, 0x5a, 0x2b,
   0x0a, 0x0f, 0x67, 0x72, 0x61, 0x73, 0x70, 0x5f, 0x74, 0x68, 0x72, 0x65, 0x73, 0x68, 0x6f, 0x6c,
   0x64, 0x12, 0x0f, 0x67, 0x72, 0x61, 0x73, 0x70, 0x5f, 0x74, 0x68, 0x72, 0x65, 0x73, 0x68, 0x6f,
   0x6c, 0x64, 0x19, 0xcd, 0xcc, 0xcc, 0xcc, 0xcc, 0xcc, 0xe4, 0x3f, 0x5a, 0x36, 0x0a, 0x1a, 0x67,
   0x72, 0x61, 0x76, 0x69, 0x74, 0x79, 0x5f, 0x76, 0x61, 0x6c, 0x75, 0x65, 0x5f, 0x61, 0x72, 0x6d,
   0x5f, 0x73, 0x6f, 0x6c, 0x76, 0x65, 0x72, 0x2e, 0x78, 0x12, 0x18, 0x67, 0x72, 0x61, 0x76, 0x69,
   0x74, 0x79, 0x5f, 0x76, 0x61, 0x6c, 0x75, 0x65, 0x5f, 0x61, 0x72, 0x6d, 0x5f, 0x73, 0x6f, 0x6c,
   0x76, 0x65, 0x72, 0x5a, 0x36, 0x0a, 0x1a, 0x67, 0x72, 0x61, 0x76, 0x69, 0x74, 0x79, 0x5f, 0x76,
   0x61, 0x6c, 0x75, 0x65, 0x5f, 0x61, 0x72, 0x6d, 0x5f, 0x73, 0x6f, 0x6c, 0x76, 0x65, 0x72, 0x2e,
   0x79, 0x12, 0x18, 0x67, 0x72, 0x61, 0x76, 0x69, 0x74, 0x79, 0x5f, 0x76, 0x61, 0x6c, 0x75, 0x65,
   0x5f, 0x61, 0x72, 0x6d, 0x5f, 0x73, 0x6f, 0x6c, 0x76, 0x65, 0x72, 0x5a, 0x3f, 0x0a, 0x1a, 0x67,
   0x72, 0x61, 0x76, 0x69, 0x74, 0x79, 0x5f, 0x76, 0x61, 0x6c, 0x75, 0x65, 0x5f, 0x61, 0x72, 0x6d,
   0x5f, 0x73, 0x6f, 0x6c, 0x76, 0x65, 0x72, 0x2e, 0x7a, 0x12, 0x18, 0x67, 0x72, 0x61, 0x76, 0x69,
   0x74, 0x79, 0x5f, 0x76, 0x61, 0x6c, 0x75, 0x65, 0x5f, 0x61, 0x72, 0x6d, 0x5f, 0x73, 0x6f, 0x6c,
   0x76, 0x65, 0x72, 0x19, 0x1f, 0x85, 0xeb, 0x51, 0xb8, 0x9e, 0x23, 0x40, 0x5a, 0x29, 0x0a, 0x0e,
   0x67, 0x72, 0x69, 0x70, 0x70, 0x65, 0x72, 0x5f, 0x63, 0x6c, 0x6f, 0x73, 0x65, 0x64, 0x12, 0x0e,
   0x67, 0x72, 0x69, 0x70, 0x70, 0x65, 0x72, 0x5f, 0x63, 0x6c, 0x6f, 0x73, 0x65, 0x64, 0x19, 0x9a,
   0x99, 0x99, 0x99, 0x99, 0x99, 0xe9, 0x3f, 0x5a, 0x1c, 0x0a, 0x0c, 0x67, 0x72, 0x69, 0x70, 0x70,
   0x65, 0x72, 0x5f, 0x6f, 0x70, 0x65, 0x6e, 0x12, 0x0c, 0x67, 0x72, 0x69, 0x70, 0x70, 0x65, 0x72,
   0x5f, 0x6f, 0x70, 0x65, 0x6e, 0x5a, 0x79, 0x0a, 0x37, 0x68, 0x61, 0x6c, 0x66, 0x5f, 0x61, 0x72,
   0x6d, 0x5f, 0x31, 0x5f, 0x6c, 0x69, 0x6e, 0x6b, 0x5f, 0x63, 0x6f, 0x6d, 0x5f, 0x69, 0x6e, 0x5f,
   0x68, 0x61, 0x6c, 0x66, 0x5f, 0x61, 0x72, 0x6d, 0x5f, 0x31, 0x5f, 0x6c, 0x69, 0x6e, 0x6b, 0x5f,
   0x70, 0x6f, 0x73, 0x69, 0x74, 0x69, 0x6f, 0x6e, 0x5f, 0x63, 0x6f, 0x6f, 0x72, 0x64, 0x2e, 0x78,
   0x12, 0x35, 0x68, 0x61, 0x6c, 0x66, 0x5f, 0x61, 0x72, 0x6d, 0x5f, 0x31, 0x5f, 0x6c, 0x69, 0x6e,
   0x6b, 0x5f, 0x63, 0x6f, 0x6d, 0x5f, 0x69, 0x6e, 0x5f, 0x68, 0x61, 0x6c, 0x66, 0x5f, 0x61, 0x72,
   0x6d, 0x5f, 0x31, 0x5f, 0x6c, 0x69, 0x6e, 0x6b, 0x5f, 0x70, 0x6f, 0x73, 0x69, 0x74, 0x69, 0x6f,
   0x6e, 0x5f, 0x63, 0x6f, 0x6f, 0x72, 0x64, 0x19, 0xa2, 0x26, 0xfa, 0x7c, 0x94, 0x11, 0x07, 0xbf,
   0x5a, 0x79, 0x0a, 0x37, 0x68, 0x61, 0x6c, 0x66, 0x5f, 0x61, 0x72, 0x6d, 0x5f, 0x31, 0x5f, 0x6c,
   0x69, 0x6e, 0x6b, 0x5f, 0x63, 0x6f, 0x6d, 0x5f, 0x69, 0x6e, 0x5f, 0x68, 0x61, 0x6c, 0x66, 0x5f,
   0x61, 0x72, 0x6d, 0x5f, 0x31, 0x5f, 0x6c, 0x69, 0x6e, 0x6b, 0x5f, 0x70, 0x6f, 0x73, 0x69, 0x74,
   0x69, 0x6f, 0x6e, 0x5f, 0x63, 0x6f, 0x6f, 0x72, 0x64, 0x2e, 0x79, 0x12, 0x35, 0x68, 0x61, 0x6c,
   0x66, 0x5f, 0x61, 0x72, 0x6d, 0x5f, 0x31, 0x5f, 0x6c, 0x69, 0x6e, 0x6b, 0x5f, 0x63, 0x6f, 0x6d,
   0x5f, 0x69, 0x6e, 0x5f, 0x68, 0x61, 0x6c, 0x66, 0x5f, 0x61, 0x72, 0x6d, 0x5f, 0x31, 0x5f, 0x6c,
   0x69, 0x6e, 0x6b, 0x5f, 0x70, 0x6f, 0x73, 0x69, 0x74, 0x69, 0x6f, 0x6e, 0x5f, 0x63, 0x6f, 0x6f,
   0x72, 0x64, 0x19, 0x20, 0xef, 0x55, 0x2b, 0x13, 0x7e, 0xb9, 0xbf, 0x5a, 0x79, 0x0a, 0x37, 0x68,
   0x61, 0x6c, 0x66, 0x5f, 0x61, 0x72, 0x6d, 0x5f, 0x31, 0x5f, 0x6c, 0x69, 0x6e, 0x6b, 0x5f, 0x63,
   0x6f, 0x6d, 0x5f, 0x69, 0x6e, 0x5f, 0x68, 0x61, 0x6c, 0x66, 0x5f, 0x61, 0x72, 0x6d, 0x5f, 0x31,
   0x5f, 0x6c, 0x69, 0x6e, 0x6b, 0x5f, 0x70, 0x6f, 0x73, 0x69, 0x74, 0x69, 0x6f, 0x6e, 0x5f, 0x63,
   0x6f, 0x6f, 0x72, 0x64, 0x2e, 0x7a, 0x12, 0x35, 0x68, 0x61, 0x6c, 0x66, 0x5f, 0x61, 0x72, 0x6d,
   0x5f, 0x31, 0x5f, 0x6c, 0x69, 0x6e, 0x6b, 0x5f, 0x63, 0x6f, 0x6d, 0x5f, 0x69, 0x6e, 0x5f, 0x68,
   0x61, 0x6c, 0x66, 0x5f, 0x61, 0x72, 0x6d, 0x5f, 0x31, 0x5f, 0x6c, 0x69, 0x6e, 0x6b, 0x5f, 0x70,
   0x6f, 0x73, 0x69, 0x74, 0x69, 0x6f, 0x6e, 0x5f, 0x63, 0x6f, 0x6f, 0x72, 0x64, 0x19, 0xb9, 0xe0,
   0x0c, 0xfe, 0x7e, 0x31, 0x8b, 0xbf, 0x5a, 0x79, 0x0a, 0x37, 0x68, 0x61, 0x6c, 0x66, 0x5f, 0x61,
   0x72, 0x6d, 0x5f, 0x32, 0x5f, 0x6c, 0x69, 0x6e, 0x6b, 0x5f, 0x63, 0x6f, 0x6d, 0x5f, 0x69, 0x6e,
   0x5f, 0x68, 0x61, 0x6c, 0x66, 0x5f, 0x61, 0x72, 0x6d, 0x5f, 0x32, 0x5f, 0x6c, 0x69, 0x6e, 0x6b,
   0x5f, 0x70, 0x6f, 0x73, 0x69, 0x74, 0x69, 0x6f, 0x6e, 0x5f, 0x63, 0x6f, 0x6f, 0x72, 0x64, 0x2e,
   0x78, 0x12, 0x35, 0x68, 0x61, 0x6c, 0x66, 0x5f, 0x61, 0x72, 0x6d, 0x5f, 0x32, 0x5f, 0x6c, 0x69,
   0x6e, 0x6b, 0x5f, 0x63, 0x6f, 0x6d, 0x5f, 0x69, 0x6e, 0x5f, 0x68, 0x61, 0x6c, 0x66, 0x5f, 0x61,
   0x72, 0x6d, 0x5f, 0x32, 0x5f, 0x6c, 0x69, 0x6e, 0x6b, 0x5f, 0x70, 0x6f, 0x73, 0x69, 0x74, 0x69,
   0x6f, 0x6e, 0x5f, 0x63, 0x6f, 0x6f, 0x72, 0x64, 0x19, 0xa2, 0x26, 0xfa, 0x7c, 0x94, 0x11, 0x07,
   0xbf, 0x5a, 0x79, 0x0a, 0x37, 0x68, 0x61, 0x6c, 0x66, 0x5f, 0x61, 0x72, 0x6d, 0x5f, 0x32, 0x5f,
   0x6c, 0x69, 0x6e, 0x6b, 0x5f, 0x63, 0x6f, 0x6d, 0x5f, 0x69, 0x6e, 0x5f, 0x68, 0x61, 0x6c, 0x66,
   0x5f, 0x61, 0x72, 0x6d, 0x5f, 0x32, 0x5f, 0x6c, 0x69, 0x6e, 0x6b, 0x5f, 0x70, 0x6f, 0x73, 0x69,
   0x74, 0x69, 0x6f, 0x6e, 0x5f, 0x63, 0x6f, 0x6f, 0x72, 0x64, 0x2e, 0x79, 0x12, 0x35, 0x68, 0x61,
   0x6c, 0x66, 0x5f, 0x61, 0x72, 0x6d, 0x5f, 0x32, 0x5f, 0x6c, 0x69, 0x6e, 0x6b, 0x5f, 0x63, 0x6f,
   0x6d, 0x5f, 0x69, 0x6e, 0x5f, 0x68, 0x61, 0x6c, 0x66, 0x5f, 0x61, 0x72, 0x6d, 0x5f, 0x32, 0x5f,
   0x6c, 0x69, 0x6e, 0x6b, 0x5f, 0x70, 0x6f, 0x73, 0x69, 0x74, 0x69, 0x6f, 0x6e, 0x5f, 0x63, 0x6f,
   0x6f, 0x72, 0x64, 0x19, 0x77, 0xf7, 0x00, 0xdd, 0x97, 0x33, 0x7b, 0xbf, 0x5a, 0x79, 0x0a, 0x37,
   0x68, 0x61, 0x6c, 0x66, 0x5f, 0x61, 0x72, 0x6d, 0x5f, 0x32, 0x5f, 0x6c, 0x69, 0x6e, 0x6b, 0x5f,
   0x63, 0x6f, 0x6d, 0x5f, 0x69, 0x6e, 0x5f, 0x68, 0x61, 0x6c, 0x66, 0x5f, 0x61, 0x72, 0x6d, 0x5f,
   0x32, 0x5f, 0x6c, 0x69, 0x6e, 0x6b, 0x5f, 0x70, 0x6f, 0x73, 0x69, 0x74, 0x69, 0x6f, 0x6e, 0x5f,
   0x63, 0x6f, 0x6f, 0x72, 0x64, 0x2e, 0x7a, 0x12, 0x35, 0x68, 0x61, 0x6c, 0x66, 0x5f, 0x61, 0x72,
   0x6d, 0x5f, 0x32, 0x5f, 0x6c, 0x69, 0x6e, 0x6b, 0x5f, 0x63, 0x6f, 0x6d, 0x5f, 0x69, 0x6e, 0x5f,
   0x68, 0x61, 0x6c, 0x66, 0x5f, 0x61, 0x72, 0x6d, 0x5f, 0x32, 0x5f, 0x6c, 0x69, 0x6e, 0x6b, 0x5f,
   0x70, 0x6f, 0x73, 0x69, 0x74, 0x69, 0x6f, 0x6e, 0x5f, 0x63, 0x6f, 0x6f, 0x72, 0x64, 0x19, 0xa8,
   0xc4, 0x75, 0x8c, 0x2b, 0x2e, 0xbe, 0xbf, 0x5a, 0x5a, 0x0a, 0x2c, 0x6a, 0x6f, 0x69, 0x6e, 0x74,
   0x5f, 0x31, 0x5f, 0x61, 0x6e, 0x63, 0x68, 0x6f, 0x72, 0x5f, 0x69, 0x6e, 0x5f, 0x62, 0x61, 0x73,
   0x65, 0x5f, 0x6c, 0x69, 0x6e, 0x6b, 0x5f, 0x70, 0x6f, 0x73, 0x69, 0x74, 0x69, 0x6f, 0x6e, 0x5f,
   0x63, 0x6f, 0x6f, 0x72, 0x64, 0x2e, 0x78, 0x12, 0x2a, 0x6a, 0x6f, 0x69, 0x6e, 0x74, 0x5f, 0x31,
   0x5f, 0x61, 0x6e, 0x63, 0x68, 0x6f, 0x72, 0x5f, 0x69, 0x6e, 0x5f, 0x62, 0x61, 0x73, 0x65, 0x5f,
   0x6c, 0x69, 0x6e, 0x6b, 0x5f, 0x70, 0x6f, 0x73, 0x69, 0x74, 0x69, 0x6f, 0x6e, 0x5f, 0x63, 0x6f,
   0x6f, 0x72, 0x64, 0x5a, 0x5a, 0x0a, 0x2c, 0x6a, 0x6f, 0x69, 0x6e, 0x74, 0x5f, 0x31, 0x5f, 0x61,
   0x6e, 0x63, 0x68, 0x6f, 0x72, 0x5f, 0x69, 0x6e, 0x5f, 0x62, 0x61, 0x73, 0x65, 0x5f, 0x6c, 0x69,
   0x6e, 0x6b, 0x5f, 0x70, 0x6f, 0x73, 0x69, 0x74, 0x69, 0x6f, 0x6e, 0x5f, 0x63, 0x6f, 0x6f, 0x72,
   0x64, 0x2e, 0x79, 0x12, 0x2a, 0x6a, 0x6f, 0x69, 0x6e, 0x74, 0x5f, 0x31, 0x5f, 0x61, 0x6e, 0x63,
   0x68, 0x6f, 0x72, 0x5f, 0x69, 0x6e, 0x5f, 0x62, 0x61, 0x73, 0x65, 0x5f, 0x6c, 0x69, 0x6e, 0x6b,
   0x5f, 0x70, 0x6f, 0x73, 0x69, 0x74, 0x69, 0x6f, 0x6e, 0x5f, 0x63, 0x6f, 0x6f, 0x72, 0x64, 0x5a,
   0x63, 0x0a, 0x2c, 0x6a, 0x6f, 0x69, 0x6e, 0x74, 0x5f, 0x31, 0x5f, 0x61, 0x6e, 0x63, 0x68, 0x6f,
   0x72, 0x5f, 0x69, 0x6e, 0x5f, 0x62, 0x61, 0x73, 0x65, 0x5f, 0x6c, 0x69, 0x6e, 0x6b, 0x5f, 0x70,
   0x6f, 0x73, 0x69, 0x74, 0x69, 0x6f, 0x6e, 0x5f, 0x63, 0x6f, 0x6f, 0x72, 0x64, 0x2e, 0x7a, 0x12,
   0x2a, 0x6a, 0x6f, 0x69, 0x6e, 0x74, 0x5f, 0x31, 0x5f, 0x61, 0x6e, 0x63, 0x68, 0x6f, 0x72, 0x5f,
   0x69, 0x6e, 0x5f, 0x62, 0x61, 0x73, 0x65, 0x5f, 0x6c, 0x69, 0x6e, 0x6b, 0x5f, 0x70, 0x6f, 0x73,
   0x69, 0x74, 0x69, 0x6f, 0x6e, 0x5f, 0x63, 0x6f, 0x6f, 0x72, 0x64, 0x19, 0xf6, 0x7f, 0x0e, 0xf3,
   0xe5, 0x05, 0xc4, 0x3f, 0x5a, 0x41, 0x0a, 0x1a, 0x6a, 0x6f, 0x69, 0x6e, 0x74, 0x5f, 0x31, 0x5f,
   0x6c, 0x69, 0x6d, 0x69, 0x74, 0x5f, 0x65, 0x66, 0x66, 0x6f, 0x72, 0x74, 0x5f, 0x6c, 0x6f, 0x77,
   0x65, 0x72, 0x12, 0x1a, 0x6a, 0x6f, 0x69, 0x6e, 0x74, 0x5f, 0x31, 0x5f, 0x6c, 0x69, 0x6d, 0x69,
   0x74, 0x5f, 0x65, 0x66, 0x66, 0x6f, 0x72, 0x74, 0x5f, 0x6c, 0x6f, 0x77, 0x65, 0x72, 0x19, 0x00,
   0x00, 0x00, 0x00, 0x00, 0x40, 0x5a, 0xc0, 0x5a, 0x41, 0x0a, 0x1a, 0x6a, 0x6f, 0x69, 0x6e, 0x74,
   0x5f, 0x31, 0x5f, 0x6c, 0x69, 0x6d, 0x69, 0x74, 0x5f, 0x65, 0x66, 0x66, 0x6f, 0x72, 0x74, 0x5f,
   0x75, 0x70, 0x70, 0x65, 0x72, 0x12, 0x1a, 0x6a, 0x6f, 0x69, 0x6e, 0x74, 0x5f, 0x31, 0x5f, 0x6c,
   0x69, 0x6d, 0x69, 0x74, 0x5f, 0x65, 0x66, 0x66, 0x6f, 0x72, 0x74, 0x5f, 0x75, 0x70, 0x70, 0x65,
   0x72, 0x19, 0x00, 0x00, 0x00, 0x00, 0x00, 0x40, 0x5a, 0x40, 0x5a, 0x62, 0x0a, 0x30, 0x6a, 0x6f,
   0x69, 0x6e, 0x74, 0x5f, 0x32, 0x5f, 0x61, 0x6e, 0x63, 0x68, 0x6f, 0x72, 0x5f, 0x69, 0x6e, 0x5f,
   0x73, 0x68, 0x6f, 0x75, 0x6c, 0x64, 0x65, 0x72, 0x5f, 0x6c, 0x69, 0x6e, 0x6b, 0x5f, 0x70, 0x6f,
   0x73, 0x69, 0x74, 0x69, 0x6f, 0x6e, 0x5f, 0x63, 0x6f, 0x6f, 0x72, 0x64, 0x2e, 0x78, 0x12, 0x2e,
   0x6a, 0x6f, 0x69, 0x6e, 0x74, 0x5f, 0x32, 0x5f, 0x61, 0x6e, 0x63, 0x68, 0x6f, 0x72, 0x5f, 0x69,
   0x6e, 0x5f, 0x73, 0x68, 0x6f, 0x75, 0x6c, 0x64, 0x65, 0x72, 0x5f, 0x6c, 0x69, 0x6e, 0x6b, 0x5f,
   0x70, 0x6f, 0x73, 0x69, 0x74, 0x69, 0x6f, 0x6e, 0x5f, 0x63, 0x6f, 0x6f, 0x72, 0x64, 0x5a, 0x6b,
   0x0a, 0x30, 0x6a, 0x6f, 0x69, 0x6e, 0x74, 0x5f, 0x32, 0x5f, 0x61, 0x6e, 0x63, 0x68, 0x6f, 0x72,
   0x5f, 0x69, 0x6e, 0x5f, 0x73, 0x68, 0x6f, 0x75, 0x6c, 0x64, 0x65, 0x72, 0x5f, 0x6c, 0x69, 0x6e,
   0x6b, 0x5f, 0x70, 0x6f, 0x73, 0x69, 0x74, 0x69, 0x6f, 0x6e, 0x5f, 0x63, 0x6f, 0x6f, 0x72, 0x64,
   0x2e, 0x79, 0x12, 0x2e, 0x6a, 0x6f, 0x69, 0x6e, 0x74, 0x5f, 0x32, 0x5f, 0x61, 0x6e, 0x63, 0x68,
   0x6f, 0x72, 0x5f, 0x69, 0x6e, 0x5f, 0x73, 0x68, 0x6f, 0x75, 0x6c, 0x64, 0x65, 0x72, 0x5f, 0x6c,
   0x69, 0x6e, 0x6b, 0x5f, 0x70, 0x6f, 0x73, 0x69, 0x74, 0x69, 0x6f, 0x6e, 0x5f, 0x63, 0x6f, 0x6f,
   0x72, 0x64, 0x19, 0x6a, 0xbc, 0x74, 0x93, 0x18, 0x04, 0x76, 0x3f, 0x5a, 0x6b, 0x0a, 0x30, 0x6a,
   0x6f, 0x69, 0x6e, 0x74, 0x5f, 0x32, 0x5f, 0x61, 0x6e, 0x63, 0x68, 0x6f, 0x72, 0x5f, 0x69, 0x6e,
   0x5f, 0x73, 0x68, 0x6f, 0x75, 0x6c, 0x64, 0x65, 0x72, 0x5f, 0x6c, 0x69, 0x6e, 0x6b, 0x5f, 0x70,
   0x6f, 0x73, 0x69, 0x74, 0x69, 0x6f, 0x6e, 0x5f, 0x63, 0x6f, 0x6f, 0x72, 0x64, 0x2e, 0x7a, 0x12,
   0x2e, 0x6a, 0x6f, 0x69, 0x6e, 0x74, 0x5f, 0x32, 0x5f, 0x61, 0x6e, 0x63, 0x68, 0x6f, 0x72, 0x5f,
   0x69, 0x6e, 0x5f, 0x73, 0x68, 0x6f, 0x75, 0x6c, 0x64, 0x65, 0x72, 0x5f, 0x6c, 0x69, 0x6e, 0x6b,
   0x5f, 0x70, 0x6f, 0x73, 0x69, 0x74, 0x69, 0x6f, 0x6e, 0x5f, 0x63, 0x6f, 0x6f, 0x72, 0x64, 0x19,
   0x02, 0xf1, 0xba, 0x7e, 0xc1, 0x6e, 0xc0, 0xbf, 0x5a, 0x41, 0x0a, 0x1a, 0x6a, 0x6f, 0x69, 0x6e,
   0x74, 0x5f, 0x32, 0x5f, 0x6c, 0x69, 0x6d, 0x69, 0x74, 0x5f, 0x65, 0x66, 0x66, 0x6f, 0x72, 0x74,
   0x5f, 0x6c, 0x6f, 0x77, 0x65, 0x72, 0x12, 0x1a, 0x6a, 0x6f, 0x69, 0x6e, 0x74, 0x5f, 0x32, 0x5f,
   0x6c, 0x69, 0x6d, 0x69, 0x74, 0x5f, 0x65, 0x66, 0x66, 0x6f, 0x72, 0x74, 0x5f, 0x6c, 0x6f, 0x77,
   0x65, 0x72, 0x19, 0x00, 0x00, 0x00, 0x00, 0x00, 0x40, 0x5a, 0xc0, 0x5a, 0x41, 0x0a, 0x1a, 0x6a,
   0x6f, 0x69, 0x6e, 0x74, 0x5f, 0x32, 0x5f, 0x6c, 0x69, 0x6d, 0x69, 0x74, 0x5f, 0x65, 0x66, 0x66,
   0x6f, 0x72, 0x74, 0x5f, 0x75, 0x70, 0x70, 0x65, 0x72, 0x12, 0x1a, 0x6a, 0x6f, 0x69, 0x6e, 0x74,
   0x5f, 0x32, 0x5f, 0x6c, 0x69, 0x6d, 0x69, 0x74, 0x5f, 0x65, 0x66, 0x66, 0x6f, 0x72, 0x74, 0x5f,
   0x75, 0x70, 0x70, 0x65, 0x72, 0x19, 0x00, 0x00, 0x00, 0x00, 0x00, 0x40, 0x5a, 0x40, 0x5a, 0x45,
   0x0a, 0x1c, 0x6a, 0x6f, 0x69, 0x6e, 0x74, 0x5f, 0x32, 0x5f, 0x6c, 0x69, 0x6d, 0x69, 0x74, 0x5f,
   0x70, 0x6f, 0x73, 0x69, 0x74, 0x69, 0x6f, 0x6e, 0x5f, 0x6c, 0x6f, 0x77, 0x65, 0x72, 0x12, 0x1c,
   0x6a, 0x6f, 0x69, 0x6e, 0x74, 0x5f, 0x32, 0x5f, 0x6c, 0x69, 0x6d, 0x69, 0x74, 0x5f, 0x70, 0x6f,
   0x73, 0x69, 0x74, 0x69, 0x6f, 0x6e, 0x5f, 0x6c, 0x6f, 0x77, 0x65, 0x72, 0x19, 0xec, 0x51, 0xb8,
   0x1e, 0x85, 0xeb, 0x01, 0xc0, 0x5a, 0x45, 0x0a, 0x1c, 0x6a, 0x6f, 0x69, 0x6e, 0x74, 0x5f, 0x32,
   0x5f, 0x6c, 0x69, 0x6d, 0x69, 0x74, 0x5f, 0x70, 0x6f, 0x73, 0x69, 0x74, 0x69, 0x6f, 0x6e, 0x5f,
   0x75, 0x70, 0x70, 0x65, 0x72, 0x12, 0x1c, 0x6a, 0x6f, 0x69, 0x6e, 0x74, 0x5f, 0x32, 0x5f, 0x6c,
   0x69, 0x6d, 0x69, 0x74, 0x5f, 0x70, 0x6f, 0x73, 0x69, 0x74, 0x69, 0x6f, 0x6e, 0x5f, 0x75, 0x70,
   0x70, 0x65, 0x72, 0x19, 0xec, 0x51, 0xb8, 0x1e, 0x85, 0xeb, 0x01, 0x40, 0x5a, 0x66, 0x0a, 0x32,
   0x6a, 0x6f, 0x69, 0x6e, 0x74, 0x5f, 0x33, 0x5f, 0x61, 0x6e, 0x63, 0x68, 0x6f, 0x72, 0x5f, 0x69,
   0x6e, 0x5f, 0x68, 0x61, 0x6c, 0x66, 0x5f, 0x61, 0x72, 0x6d, 0x5f, 0x31, 0x5f, 0x6c, 0x69, 0x6e,
   0x6b, 0x5f, 0x70, 0x6f, 0x73, 0x69, 0x74, 0x69, 0x6f, 0x6e, 0x5f, 0x63, 0x6f, 0x6f, 0x72, 0x64,
   0x2e, 0x78, 0x12, 0x30, 0x6a, 0x6f, 0x69, 0x6e, 0x74, 0x5f, 0x33, 0x5f, 0x61, 0x6e, 0x63, 0x68,
   0x6f, 0x72, 0x5f, 0x69, 0x6e, 0x5f, 0x68, 0x61, 0x6c, 0x66, 0x5f, 0x61, 0x72, 0x6d, 0x5f, 0x31,
   0x5f, 0x6c, 0x69, 0x6e, 0x6b, 0x5f, 0x70, 0x6f, 0x73, 0x69, 0x74, 0x69, 0x6f, 0x6e, 0x5f, 0x63,
   0x6f, 0x6f, 0x72, 0x64, 0x5a, 0x6f, 0x0a, 0x32, 0x6a, 0x6f, 0x69, 0x6e, 0x74, 0x5f, 0x33, 0x5f,
   0x61, 0x6e, 0x63, 0x68, 0x6f, 0x72, 0x5f, 0x69, 0x6e, 0x5f, 0x68, 0x61, 0x6c, 0x66, 0x5f, 0x61,
   0x72, 0x6d, 0x5f, 0x31, 0x5f, 0x6c, 0x69, 0x6e, 0x6b, 0x5f, 0x70, 0x6f, 0x73, 0x69, 0x74, 0x69,
   0x6f, 0x6e, 0x5f, 0x63, 0x6f, 0x6f, 0x72, 0x64, 0x2e, 0x79, 0x12, 0x30, 0x6a, 0x6f, 0x69, 0x6e,
   0x74, 0x5f, 0x33, 0x5f, 0x61, 0x6e, 0x63, 0x68, 0x6f, 0x72, 0x5f, 0x69, 0x6e, 0x5f, 0x68, 0x61,
   0x6c, 0x66, 0x5f, 0x61, 0x72, 0x6d, 0x5f, 0x31, 0x5f, 0x6c, 0x69, 0x6e, 0x6b, 0x5f, 0x70, 0x6f,
   0x73, 0x69, 0x74, 0x69, 0x6f, 0x6e, 0x5f, 0x63, 0x6f, 0x6f, 0x72, 0x64, 0x19, 0xe8, 0xc1, 0xdd,
   0x59, 0xbb, 0xed, 0xca, 0xbf, 0x5a, 0x6f, 0x0a, 0x32, 0x6a, 0x6f, 0x69, 0x6e, 0x74, 0x5f, 0x33,
   0x5f, 0x61, 0x6e, 0x63, 0x68, 0x6f, 0x72, 0x5f, 0x69, 0x6e, 0x5f, 0x68, 0x61, 0x6c, 0x66, 0x5f,
   0x61, 0x72, 0x6d, 0x5f, 0x31, 0x5f, 0x6c, 0x69, 0x6e, 0x6b, 0x5f, 0x70, 0x6f, 0x73, 0x69, 0x74,
   0x69, 0x6f, 0x6e, 0x5f, 0x63, 0x6f, 0x6f, 0x72, 0x64, 0x2e, 0x7a, 0x12, 0x30, 0x6a, 0x6f, 0x69,
   0x6e, 0x74, 0x5f, 0x33, 0x5f, 0x61, 0x6e, 0x63, 0x68, 0x6f, 0x72, 0x5f, 0x69, 0x6e, 0x5f, 0x68,
   0x61, 0x6c, 0x66, 0x5f, 0x61, 0x72, 0x6d, 0x5f, 0x31, 0x5f, 0x6c, 0x69, 0x6e, 0x6b, 0x5f, 0x70,
   0x6f, 0x73, 0x69, 0x74, 0x69, 0x6f, 0x6e, 0x5f, 0x63, 0x6f, 0x6f, 0x72, 0x64, 0x19, 0xe9, 0x26,
   0x31, 0x08, 0xac, 0x1c, 0x7a, 0xbf, 0x5a, 0x41, 0x0a, 0x1a, 0x6a, 0x6f, 0x69, 0x6e, 0x74, 0x5f,
   0x33, 0x5f, 0x6c, 0x69, 0x6d, 0x69, 0x74, 0x5f, 0x65, 0x66, 0x66, 0x6f, 0x72, 0x74, 0x5f, 0x6c,
   0x6f, 0x77, 0x65, 0x72, 0x12, 0x1a, 0x6a, 0x6f, 0x69, 0x6e, 0x74, 0x5f, 0x33, 0x5f, 0x6c, 0x69,
   0x6d, 0x69, 0x74, 0x5f, 0x65, 0x66, 0x66, 0x6f, 0x72, 0x74, 0x5f, 0x6c, 0x6f, 0x77, 0x65, 0x72,
   0x19, 0x00, 0x00, 0x00, 0x00, 0x00, 0x40, 0x5a, 0xc0, 0x5a, 0x41, 0x0a, 0x1a, 0x6a, 0x6f, 0x69,
   0x6e, 0x74, 0x5f, 0x33, 0x5f, 0x6c, 0x69, 0x6d, 0x69, 0x74, 0x5f, 0x65, 0x66, 0x66, 0x6f, 0x72,
   0x74, 0x5f, 0x75, 0x70, 0x70, 0x65, 0x72, 0x12, 0x1a, 0x6a, 0x6f, 0x69, 0x6e, 0x74, 0x5f, 0x33,
   0x5f, 0x6c, 0x69, 0x6d, 0x69, 0x74, 0x5f, 0x65, 0x66, 0x66, 0x6f, 0x72, 0x74, 0x5f, 0x75, 0x70,
   0x70, 0x65, 0x72, 0x19, 0x00, 0x00, 0x00, 0x00, 0x00, 0x40, 0x5a, 0x40, 0x5a, 0x66, 0x0a, 0x32,
   0x6a, 0x6f, 0x69, 0x6e, 0x74, 0x5f, 0x34, 0x5f, 0x61, 0x6e, 0x63, 0x68, 0x6f, 0x72, 0x5f, 0x69,
   0x6e, 0x5f, 0x68, 0x61, 0x6c, 0x66, 0x5f, 0x61, 0x72, 0x6d, 0x5f, 0x32, 0x5f, 0x6c, 0x69, 0x6e,
   0x6b, 0x5f, 0x70, 0x6f, 0x73, 0x69, 0x74, 0x69, 0x6f, 0x6e, 0x5f, 0x63, 0x6f, 0x6f, 0x72, 0x64,
   0x2e, 0x78, 0x12, 0x30, 0x6a, 0x6f, 0x69, 0x6e, 0x74, 0x5f, 0x34, 0x5f, 0x61, 0x6e, 0x63, 0x68,
   0x6f, 0x72, 0x5f, 0x69, 0x6e, 0x5f, 0x68, 0x61, 0x6c, 0x66, 0x5f, 0x61, 0x72, 0x6d, 0x5f, 0x32,
   0x5f, 0x6c, 0x69, 0x6e, 0x6b, 0x5f, 0x70, 0x6f, 0x73, 0x69, 0x74, 0x69, 0x6f, 0x6e, 0x5f, 0x63,
   0x6f, 0x6f, 0x72, 0x64, 0x5a, 0x6f, 0x0a, 0x32, 0x6a, 0x6f, 0x69, 0x6e, 0x74, 0x5f, 0x34, 0x5f,
   0x61, 0x6e, 0x63, 0x68, 0x6f, 0x72, 0x5f, 0x69, 0x6e, 0x5f, 0x68, 0x61, 0x6c, 0x66, 0x5f, 0x61,
   0x72, 0x6d, 0x5f, 0x32, 0x5f, 0x6c, 0x69, 0x6e, 0x6b, 0x5f, 0x70, 0x6f, 0x73, 0x69, 0x74, 0x69,
   0x6f, 0x6e, 0x5f, 0x63, 0x6f, 0x6f, 0x72, 0x64, 0x2e, 0x79, 0x12, 0x30, 0x6a, 0x6f, 0x69, 0x6e,
   0x74, 0x5f, 0x34, 0x5f, 0x61, 0x6e, 0x63, 0x68, 0x6f, 0x72, 0x5f, 0x69, 0x6e, 0x5f, 0x68, 0x61,
   0x6c, 0x66, 0x5f, 0x61, 0x72, 0x6d, 0x5f, 0x32, 0x5f, 0x6c, 0x69, 0x6e, 0x6b, 0x5f, 0x70, 0x6f,
   0x73, 0x69, 0x74, 0x69, 0x6f, 0x6e, 0x5f, 0x63, 0x6f, 0x6f, 0x72, 0x64, 0x19, 0xe9, 0x26, 0x31,
   0x08, 0xac, 0x1c, 0x7a, 0x3f, 0x5a, 0x6f, 0x0a, 0x32, 0x6a, 0x6f, 0x69, 0x6e, 0x74, 0x5f, 0x34,
   0x5f, 0x61, 0x6e, 0x63, 0x68, 0x6f, 0x72, 0x5f, 0x69, 0x6e, 0x5f, 0x68, 0x61, 0x6c, 0x66, 0x5f,
   0x61, 0x72, 0x6d, 0x5f, 0x32, 0x5f, 0x6c, 0x69, 0x6e, 0x6b, 0x5f, 0x70, 0x6f, 0x73, 0x69, 0x74,
   0x69, 0x6f, 0x6e, 0x5f, 0x63, 0x6f, 0x6f, 0x72, 0x64, 0x2e, 0x7a, 0x12, 0x30, 0x6a, 0x6f, 0x69,
   0x6e, 0x74, 0x5f, 0x34, 0x5f, 0x61, 0x6e, 0x63, 0x68, 0x6f, 0x72, 0x5f, 0x69, 0x6e, 0x5f, 0x68,
   0x61, 0x6c, 0x66, 0x5f, 0x61, 0x72, 0x6d, 0x5f, 0x32, 0x5f, 0x6c, 0x69, 0x6e, 0x6b, 0x5f, 0x70,
   0x6f, 0x73, 0x69, 0x74, 0x69, 0x6f, 0x6e, 0x5f, 0x63, 0x6f, 0x6f, 0x72, 0x64, 0x19, 0xe8, 0xc1,
   0xdd, 0x59, 0xbb, 0xed, 0xca, 0xbf, 0x5a, 0x41, 0x0a, 0x1a, 0x6a, 0x6f, 0x69, 0x6e, 0x74, 0x5f,
   0x34, 0x5f, 0x6c, 0x69, 0x6d, 0x69, 0x74, 0x5f, 0x65, 0x66, 0x66, 0x6f, 0x72, 0x74, 0x5f, 0x6c,
   0x6f, 0x77, 0x65, 0x72, 0x12, 0x1a, 0x6a, 0x6f, 0x69, 0x6e, 0x74, 0x5f, 0x34, 0x5f, 0x6c, 0x69,
   0x6d, 0x69, 0x74, 0x5f, 0x65, 0x66, 0x66, 0x6f, 0x72, 0x74, 0x5f, 0x6c, 0x6f, 0x77, 0x65, 0x72,
   0x19, 0x00, 0x00, 0x00, 0x00, 0x00, 0x40, 0x5a, 0xc0, 0x5a, 0x41, 0x0a, 0x1a, 0x6a, 0x6f, 0x69,
   0x6e, 0x74, 0x5f, 0x34, 0x5f, 0x6c, 0x69, 0x6d, 0x69, 0x74, 0x5f, 0x65, 0x66, 0x66, 0x6f, 0x72,
   0x74, 0x5f, 0x75, 0x70, 0x70, 0x65, 0x72, 0x12, 0x1a, 0x6a, 0x6f, 0x69, 0x6e, 0x74, 0x5f, 0x34,
   0x5f, 0x6c, 0x69, 0x6d, 0x69, 0x74, 0x5f, 0x65, 0x66, 0x66, 0x6f, 0x72, 0x74, 0x5f, 0x75, 0x70,
   0x70, 0x65, 0x72, 0x19, 0x00, 0x00, 0x00, 0x00, 0x00, 0x40, 0x5a, 0x40, 0x5a, 0x45, 0x0a, 0x1c,
   0x6a, 0x6f, 0x69, 0x6e, 0x74, 0x5f, 0x34, 0x5f, 0x6c, 0x69, 0x6d, 0x69, 0x74, 0x5f, 0x70, 0x6f,
   0x73, 0x69, 0x74, 0x69, 0x6f, 0x6e, 0x5f, 0x6c, 0x6f, 0x77, 0x65, 0x72, 0x12, 0x1c, 0x6a, 0x6f,
   0x69, 0x6e, 0x74, 0x5f, 0x34, 0x5f, 0x6c, 0x69, 0x6d, 0x69, 0x74, 0x5f, 0x70, 0x6f, 0x73, 0x69,
   0x74, 0x69, 0x6f, 0x6e, 0x5f, 0x6c, 0x6f, 0x77, 0x65, 0x72, 0x19, 0x8f, 0xc2, 0xf5, 0x28, 0x5c,
   0x8f, 0x04, 0xc0, 0x5a, 0x45, 0x0a, 0x1c, 0x6a, 0x6f, 0x69, 0x6e, 0x74, 0x5f, 0x34, 0x5f, 0x6c,
   0x69, 0x6d, 0x69, 0x74, 0x5f, 0x70, 0x6f, 0x73, 0x69, 0x74, 0x69, 0x6f, 0x6e, 0x5f, 0x75, 0x70,
   0x70, 0x65, 0x72, 0x12, 0x1c, 0x6a, 0x6f, 0x69, 0x6e, 0x74, 0x5f, 0x34, 0x5f, 0x6c, 0x69, 0x6d,
   0x69, 0x74, 0x5f, 0x70, 0x6f, 0x73, 0x69, 0x74, 0x69, 0x6f, 0x6e, 0x5f, 0x75, 0x70, 0x70, 0x65,
   0x72, 0x19, 0x8f, 0xc2, 0xf5, 0x28, 0x5c, 0x8f, 0x04, 0x40, 0x5a, 0x60, 0x0a, 0x2f, 0x6a, 0x6f,
   0x69, 0x6e, 0x74, 0x5f, 0x35, 0x5f, 0x61, 0x6e, 0x63, 0x68, 0x6f, 0x72, 0x5f, 0x69, 0x6e, 0x5f,
   0x66, 0x6f, 0x72, 0x65, 0x61, 0x72, 0x6d, 0x5f, 0x6c, 0x69, 0x6e, 0x6b, 0x5f, 0x70, 0x6f, 0x73,
   0x69, 0x74, 0x69, 0x6f, 0x6e, 0x5f, 0x63, 0x6f, 0x6f, 0x72, 0x64, 0x2e, 0x78, 0x12, 0x2d, 0x6a,
   0x6f, 0x69, 0x6e, 0x74, 0x5f, 0x35, 0x5f, 0x61, 0x6e, 0x63, 0x68, 0x6f, 0x72, 0x5f, 0x69, 0x6e,
   0x5f, 0x66, 0x6f, 0x72, 0x65, 0x61, 0x72, 0x6d, 0x5f, 0x6c, 0x69, 0x6e, 0x6b, 0x5f, 0x70, 0x6f,
   0x73, 0x69, 0x74, 0x69, 0x6f, 0x6e, 0x5f, 0x63, 0x6f, 0x6f, 0x72, 0x64, 0x5a, 0x69, 0x0a, 0x2f,
   0x6a, 0x6f, 0x69, 0x6e, 0x74, 0x5f, 0x35, 0x5f, 0x61, 0x6e, 0x63, 0x68, 0x6f, 0x72, 0x5f, 0x69,
   0x6e, 0x5f, 0x66, 0x6f, 0x72, 0x65, 0x61, 0x72, 0x6d, 0x5f, 0x6c, 0x69, 0x6e, 0x6b, 0x5f, 0x70,
   0x6f, 0x73, 0x69, 0x74, 0x69, 0x6f, 0x6e, 0x5f, 0x63, 0x6f, 0x6f, 0x72, 0x64, 0x2e, 0x79, 0x12,
   0x2d, 0x6a, 0x6f, 0x69, 0x6e, 0x74, 0x5f, 0x35, 0x5f, 0x61, 0x6e, 0x63, 0x68, 0x6f, 0x72, 0x5f,
   0x69, 0x6e, 0x5f, 0x66, 0x6f, 0x72, 0x65, 0x61, 0x72, 0x6d, 0x5f, 0x6c, 0x69, 0x6e, 0x6b, 0x5f,
   0x70, 0x6f, 0x73, 0x69, 0x74, 0x69, 0x6f, 0x6e, 0x5f, 0x63, 0x6f, 0x6f, 0x72, 0x64, 0x19, 0x04,
   0xad, 0xc0, 0x90, 0xd5, 0xad, 0xca, 0xbf, 0x5a, 0x69, 0x0a, 0x2f, 0x6a, 0x6f, 0x69, 0x6e, 0x74,
   0x5f, 0x35, 0x5f, 0x61, 0x6e, 0x63, 0x68, 0x6f, 0x72, 0x5f, 0x69, 0x6e, 0x5f, 0x66, 0x6f, 0x72,
   0x65, 0x61, 0x72, 0x6d, 0x5f, 0x6c, 0x69, 0x6e, 0x6b, 0x5f, 0x70, 0x6f, 0x73, 0x69, 0x74, 0x69,
   0x6f, 0x6e, 0x5f, 0x63, 0x6f, 0x6f, 0x72, 0x64, 0x2e, 0x7a, 0x12, 0x2d, 0x6a, 0x6f, 0x69, 0x6e,
   0x74, 0x5f, 0x35, 0x5f, 0x61, 0x6e, 0x63, 0x68, 0x6f, 0x72, 0x5f, 0x69, 0x6e, 0x5f, 0x66, 0x6f,
   0x72, 0x65, 0x61, 0x72, 0x6d, 0x5f, 0x6c, 0x69, 0x6e, 0x6b, 0x5f, 0x70, 0x6f, 0x73, 0x69, 0x74,
   0x69, 0x6f, 0x6e, 0x5f, 0x63, 0x6f, 0x6f, 0x72, 0x64, 0x19, 0xe9, 0x26, 0x31, 0x08, 0xac, 0x1c,
   0x7a, 0xbf, 0x5a, 0x41, 0x0a, 0x1a, 0x6a, 0x6f, 0x69, 0x6e, 0x74, 0x5f, 0x35, 0x5f, 0x6c, 0x69,
   0x6d, 0x69, 0x74, 0x5f, 0x65, 0x66, 0x66, 0x6f, 0x72, 0x74, 0x5f, 0x6c, 0x6f, 0x77, 0x65, 0x72,
   0x12, 0x1a, 0x6a, 0x6f, 0x69, 0x6e, 0x74, 0x5f, 0x35, 0x5f, 0x6c, 0x69, 0x6d, 0x69, 0x74, 0x5f,
   0x65, 0x66, 0x66, 0x6f, 0x72, 0x74, 0x5f, 0x6c, 0x6f, 0x77, 0x65, 0x72, 0x19, 0x00, 0x00, 0x00,
   0x00, 0x00, 0x00, 0x4a, 0xc0, 0x5a, 0x41, 0x0a, 0x1a, 0x6a, 0x6f, 0x69, 0x6e, 0x74, 0x5f, 0x35,
   0x5f, 0x6c, 0x69, 0x6d, 0x69, 0x74, 0x5f, 0x65, 0x66, 0x66, 0x6f, 0x72, 0x74, 0x5f, 0x75, 0x70,
   0x70, 0x65, 0x72, 0x12, 0x1a, 0x6a, 0x6f, 0x69, 0x6e, 0x74, 0x5f, 0x35, 0x5f, 0x6c, 0x69, 0x6d,
   0x69, 0x74, 0x5f, 0x65, 0x66, 0x66, 0x6f, 0x72, 0x74, 0x5f, 0x75, 0x70, 0x70, 0x65, 0x72, 0x19,
   0x00, 0x00, 0x00, 0x00, 0x00, 0x00, 0x4a, 0x40, 0x5a, 0x74, 0x0a, 0x39, 0x6a, 0x6f, 0x69, 0x6e,
   0x74, 0x5f, 0x36, 0x5f, 0x61, 0x6e, 0x63, 0x68, 0x6f, 0x72, 0x5f, 0x69, 0x6e, 0x5f, 0x73, 0x70,
   0x68, 0x65, 0x72, 0x69, 0x63, 0x61, 0x6c, 0x5f, 0x77, 0x72, 0x69, 0x73, 0x74, 0x5f, 0x31, 0x5f,
   0x6c, 0x69, 0x6e, 0x6b, 0x5f, 0x70, 0x6f, 0x73, 0x69, 0x74, 0x69, 0x6f, 0x6e, 0x5f, 0x63, 0x6f,
   0x6f, 0x72, 0x64, 0x2e, 0x78, 0x12, 0x37, 0x6a, 0x6f, 0x69, 0x6e, 0x74, 0x5f, 0x36, 0x5f, 0x61,
   0x6e, 0x63, 0x68, 0x6f, 0x72, 0x5f, 0x69, 0x6e, 0x5f, 0x73, 0x70, 0x68, 0x65, 0x72, 0x69, 0x63,
   0x61, 0x6c, 0x5f, 0x77, 0x72, 0x69, 0x73, 0x74, 0x5f, 0x31, 0x5f, 0x6c, 0x69, 0x6e, 0x6b, 0x5f,
   0x70, 0x6f, 0x73, 0x69, 0x74, 0x69, 0x6f, 0x6e, 0x5f, 0x63, 0x6f, 0x6f, 0x72, 0x64, 0x5a, 0x7d,
   0x0a, 0x39, 0x6a, 0x6f, 0x69, 0x6e, 0x74, 0x5f, 0x36, 0x5f, 0x61, 0x6e, 0x63, 0x68, 0x6f, 0x72,
   0x5f, 0x69, 0x6e, 0x5f, 0x73, 0x70, 0x68, 0x65, 0x72, 0x69, 0x63, 0x61, 0x6c, 0x5f, 0x77, 0x72,
   0x69, 0x73, 0x74, 0x5f, 0x31, 0x5f, 0x6c, 0x69, 0x6e, 0x6b, 0x5f, 0x70, 0x6f, 0x73, 0x69, 0x74,
   0x69, 0x6f, 0x6e, 0x5f, 0x63, 0x6f, 0x6f, 0x72, 0x64, 0x2e, 0x79, 0x12, 0x37, 0x6a, 0x6f, 0x69,
   0x6e, 0x74, 0x5f, 0x36, 0x5f, 0x61, 0x6e, 0x63, 0x68, 0x6f, 0x72, 0x5f, 0x69, 0x6e, 0x5f, 0x73,
   0x70, 0x68, 0x65, 0x72, 0x69, 0x63, 0x61, 0x6c, 0x5f, 0x77, 0x72, 0x69, 0x73, 0x74, 0x5f, 0x31,
   0x5f, 0x6c, 0x69, 0x6e, 0x6b, 0x5f, 0x70, 0x6f, 0x73, 0x69, 0x74, 0x69, 0x6f, 0x6e, 0x5f, 0x63,
   0x6f, 0x6f, 0x72, 0x64, 0x19, 0x92, 0x66, 0xe2, 0x0c, 0xb4, 0xf1, 0x26, 0x3f, 0x5a, 0x7d, 0x0a,
   0x39, 0x6a, 0x6f, 0x69, 0x6e, 0x74, 0x5f, 0x36, 0x5f, 0x61, 0x6e, 0x63, 0x68, 0x6f, 0x72, 0x5f,
   0x69, 0x6e, 0x5f, 0x73, 0x70, 0x68, 0x65, 0x72, 0x69, 0x63, 0x61, 0x6c, 0x5f, 0x77, 0x72, 0x69,
   0x73, 0x74, 0x5f, 0x31, 0x5f, 0x6c, 0x69, 0x6e, 0x6b, 0x5f, 0x70, 0x6f, 0x73, 0x69, 0x74, 0x69,
   0x6f, 0x6e, 0x5f, 0x63, 0x6f, 0x6f, 0x72, 0x64, 0x2e, 0x7a, 0x12, 0x37, 0x6a, 0x6f, 0x69, 0x6e,
   0x74, 0x5f, 0x36, 0x5f, 0x61, 0x6e, 0x63, 0x68, 0x6f, 0x72, 0x5f, 0x69, 0x6e, 0x5f, 0x73, 0x70,
   0x68, 0x65, 0x72, 0x69, 0x63, 0x61, 0x6c, 0x5f, 0x77, 0x72, 0x69, 0x73, 0x74, 0x5f, 0x31, 0x5f,
   0x6c, 0x69, 0x6e, 0x6b, 0x5f, 0x70, 0x6f, 0x73, 0x69, 0x74, 0x69, 0x6f, 0x6e, 0x5f, 0x63, 0x6f,
   0x6f, 0x72, 0x64, 0x19, 0xca, 0x4f, 0xaa, 0x7d, 0x3a, 0x1e, 0xbb, 0xbf, 0x5a, 0x41, 0x0a, 0x1a,
   0x6a, 0x6f, 0x69, 0x6e, 0x74, 0x5f, 0x36, 0x5f, 0x6c, 0x69, 0x6d, 0x69, 0x74, 0x5f, 0x65, 0x66,
   0x66, 0x6f, 0x72, 0x74, 0x5f, 0x6c, 0x6f, 0x77, 0x65, 0x72, 0x12, 0x1a, 0x6a, 0x6f, 0x69, 0x6e,
   0x74, 0x5f, 0x36, 0x5f, 0x6c, 0x69, 0x6d, 0x69, 0x74, 0x5f, 0x65, 0x66, 0x66, 0x6f, 0x72, 0x74,
   0x5f, 0x6c, 0x6f, 0x77, 0x65, 0x72, 0x19, 0x00, 0x00, 0x00, 0x00, 0x00, 0x00, 0x4a, 0xc0, 0x5a,
   0x41, 0x0a, 0x1a, 0x6a, 0x6f, 0x69, 0x6e, 0x74, 0x5f, 0x36, 0x5f, 0x6c, 0x69, 0x6d, 0x69, 0x74,
   0x5f, 0x65, 0x66, 0x66, 0x6f, 0x72, 0x74, 0x5f, 0x75, 0x70, 0x70, 0x65, 0x72, 0x12, 0x1a, 0x6a,
   0x6f, 0x69, 0x6e, 0x74, 0x5f, 0x36, 0x5f, 0x6c, 0x69, 0x6d, 0x69, 0x74, 0x5f, 0x65, 0x66, 0x66,
   0x6f, 0x72, 0x74, 0x5f, 0x75, 0x70, 0x70, 0x65, 0x72, 0x19, 0x00, 0x00, 0x00, 0x00, 0x00, 0x00,
   0x4a, 0x40, 0x5a, 0x45, 0x0a, 0x1c, 0x6a, 0x6f, 0x69, 0x6e, 0x74, 0x5f, 0x36, 0x5f, 0x6c, 0x69,
   0x6d, 0x69, 0x74, 0x5f, 0x70, 0x6f, 0x73, 0x69, 0x74, 0x69, 0x6f, 0x6e, 0x5f, 0x6c, 0x6f, 0x77,
   0x65, 0x72, 0x12, 0x1c, 0x6a, 0x6f, 0x69, 0x6e, 0x74, 0x5f, 0x36, 0x5f, 0x6c, 0x69, 0x6d, 0x69,
   0x74, 0x5f, 0x70, 0x6f, 0x73, 0x69, 0x74, 0x69, 0x6f, 0x6e, 0x5f, 0x6c, 0x6f, 0x77, 0x65, 0x72,
   0x19, 0xb8, 0x1e, 0x85, 0xeb, 0x51, 0xb8, 0x00, 0xc0, 0x5a, 0x45, 0x0a, 0x1c, 0x6a, 0x6f, 0x69,
   0x6e, 0x74, 0x5f, 0x36, 0x5f, 0x6c, 0x69, 0x6d, 0x69, 0x74, 0x5f, 0x70, 0x6f, 0x73, 0x69, 0x74,
   0x69, 0x6f, 0x6e, 0x5f, 0x75, 0x70, 0x70, 0x65, 0x72, 0x12, 0x1c, 0x6a, 0x6f, 0x69, 0x6e, 0x74,
   0x5f, 0x36, 0x5f, 0x6c, 0x69, 0x6d, 0x69, 0x74, 0x5f, 0x70, 0x6f, 0x73, 0x69, 0x74, 0x69, 0x6f,
   0x6e, 0x5f, 0x75, 0x70, 0x70, 0x65, 0x72, 0x19, 0xb8, 0x1e, 0x85, 0xeb, 0x51, 0xb8, 0x00, 0x40,
   0x5a, 0x74, 0x0a, 0x39, 0x6a, 0x6f, 0x69, 0x6e, 0x74, 0x5f, 0x37, 0x5f, 0x61, 0x6e, 0x63, 0x68,
   0x6f, 0x72, 0x5f, 0x69, 0x6e, 0x5f, 0x73, 0x70, 0x68, 0x65, 0x72, 0x69, 0x63, 0x61, 0x6c, 0x5f,
   0x77, 0x72, 0x69, 0x73, 0x74, 0x5f, 0x32, 0x5f, 0x6c, 0x69, 0x6e, 0x6b, 0x5f, 0x70, 0x6f, 0x73,
   0x69, 0x74, 0x69, 0x6f, 0x6e, 0x5f, 0x63, 0x6f, 0x6f, 0x72, 0x64, 0x2e, 0x78, 0x12, 0x37, 0x6a,
   0x6f, 0x69, 0x6e, 0x74, 0x5f, 0x37, 0x5f, 0x61, 0x6e, 0x63, 0x68, 0x6f, 0x72, 0x5f, 0x69, 0x6e,
   0x5f, 0x73, 0x70, 0x68, 0x65, 0x72, 0x69, 0x63, 0x61, 0x6c, 0x5f, 0x77, 0x72, 0x69, 0x73, 0x74,
   0x5f, 0x32, 0x5f, 0x6c, 0x69, 0x6e, 0x6b, 0x5f, 0x70, 0x6f, 0x73, 0x69, 0x74, 0x69, 0x6f, 0x6e,
   0x5f, 0x63, 0x6f, 0x6f, 0x72, 0x64, 0x5a, 0x7d, 0x0a, 0x39, 0x6a, 0x6f, 0x69, 0x6e, 0x74, 0x5f,
   0x37, 0x5f, 0x61, 0x6e, 0x63, 0x68, 0x6f, 0x72, 0x5f, 0x69, 0x6e, 0x5f, 0x73, 0x70, 0x68, 0x65,
   0x72, 0x69, 0x63, 0x61, 0x6c, 0x5f, 0x77, 0x72, 0x69, 0x73, 0x74, 0x5f, 0x32, 0x5f, 0x6c, 0x69,
   0x6e, 0x6b, 0x5f, 0x70, 0x6f, 0x73, 0x69, 0x74, 0x69, 0x6f, 0x6e, 0x5f, 0x63, 0x6f, 0x6f, 0x72,
   0x64, 0x2e, 0x79, 0x12, 0x37, 0x6a, 0x6f, 0x69, 0x6e, 0x74, 0x5f, 0x37, 0x5f, 0x61, 0x6e, 0x63,
   0x68, 0x6f, 0x72, 0x5f, 0x69, 0x6e, 0x5f, 0x73, 0x70, 0x68, 0x65, 0x72, 0x69, 0x63, 0x61, 0x6c,
   0x5f, 0x77, 0x72, 0x69, 0x73, 0x74, 0x5f, 0x32, 0x5f, 0x6c, 0x69, 0x6e, 0x6b, 0x5f, 0x70, 0x6f,
   0x73, 0x69, 0x74, 0x69, 0x6f, 0x6e, 0x5f, 0x63, 0x6f, 0x6f, 0x72, 0x64, 0x19, 0xca, 0x4f, 0xaa,
   0x7d, 0x3a, 0x1e, 0xbb, 0xbf, 0x5a, 0x7d, 0x0a, 0x39, 0x6a, 0x6f, 0x69, 0x6e, 0x74, 0x5f, 0x37,
   0x5f, 0x61, 0x6e, 0x63, 0x68, 0x6f, 0x72, 0x5f, 0x69, 0x6e, 0x5f, 0x73, 0x70, 0x68, 0x65, 0x72,
   0x69, 0x63, 0x61, 0x6c, 0x5f, 0x77, 0x72, 0x69, 0x73, 0x74, 0x5f, 0x32, 0x5f, 0x6c, 0x69, 0x6e,
   0x6b, 0x5f, 0x70, 0x6f, 0x73, 0x69, 0x74, 0x69, 0x6f, 0x6e, 0x5f, 0x63, 0x6f, 0x6f, 0x72, 0x64,
   0x2e, 0x7a, 0x12, 0x37, 0x6a, 0x6f, 0x69, 0x6e, 0x74, 0x5f, 0x37, 0x5f, 0x61, 0x6e, 0x63, 0x68,
   0x6f, 0x72, 0x5f, 0x69, 0x6e, 0x5f, 0x73, 0x70, 0x68, 0x65, 0x72, 0x69, 0x63, 0x61, 0x6c, 0x5f,
   0x77, 0x72, 0x69, 0x73, 0x74, 0x5f, 0x32, 0x5f, 0x6c, 0x69, 0x6e, 0x6b, 0x5f, 0x70, 0x6f, 0x73,
   0x69, 0x74, 0x69, 0x6f, 0x6e, 0x5f, 0x63, 0x6f, 0x6f, 0x72, 0x64, 0x19, 0x92, 0x66, 0xe2, 0x0c,
   0xb4, 0xf1, 0x26, 0xbf, 0x5a, 0x41, 0x0a, 0x1a, 0x6a, 0x6f, 0x69, 0x6e, 0x74, 0x5f, 0x37, 0x5f,
   0x6c, 0x69, 0x6d, 0x69, 0x74, 0x5f, 0x65, 0x66, 0x66, 0x6f, 0x72, 0x74, 0x5f, 0x6c, 0x6f, 0x77,
   0x65, 0x72, 0x12, 0x1a, 0x6a, 0x6f, 0x69, 0x6e, 0x74, 0x5f, 0x37, 0x5f, 0x6c, 0x69, 0x6d, 0x69,
   0x74, 0x5f, 0x65, 0x66, 0x66, 0x6f, 0x72, 0x74, 0x5f, 0x6c, 0x6f, 0x77, 0x65, 0x72, 0x19, 0x00,
   0x00, 0x00, 0x00, 0x00, 0x00, 0x4a, 0xc0, 0x5a, 0x41, 0x0a, 0x1a, 0x6a, 0x6f, 0x69, 0x6e, 0x74,
   0x5f, 0x37, 0x5f, 0x6c, 0x69, 0x6d, 0x69, 0x74, 0x5f, 0x65, 0x66, 0x66, 0x6f, 0x72, 0x74, 0x5f,
   0x75, 0x70, 0x70, 0x65, 0x72, 0x12, 0x1a, 0x6a, 0x6f, 0x69, 0x6e, 0x74, 0x5f, 0x37, 0x5f, 0x6c,
   0x69, 0x6d, 0x69, 0x74, 0x5f, 0x65, 0x66, 0x66, 0x6f, 0x72, 0x74, 0x5f, 0x75, 0x70, 0x70, 0x65,
   0x72, 0x19, 0x00, 0x00, 0x00, 0x00, 0x00, 0x00, 0x4a, 0x40, 0x5a, 0x33, 0x0a, 0x13, 0x6d, 0x6f,
   0x6e, 0x5f, 0x63, 0x6c, 0x6f, 0x73, 0x65, 0x64, 0x5f, 0x64, 0x65, 0x62, 0x6f, 0x75, 0x6e, 0x63,
   0x65, 0x12, 0x13, 0x6d, 0x6f, 0x6e, 0x5f, 0x63, 0x6c, 0x6f, 0x73, 0x65, 0x64, 0x5f, 0x64, 0x65,
   0x62, 0x6f, 0x75, 0x6e, 0x63, 0x65, 0x19, 0x33, 0x33, 0x33, 0x33, 0x33, 0x33, 0xd3, 0x3f, 0x5a,
   0x33, 0x0a, 0x13, 0x6d, 0x6f, 0x6e, 0x5f, 0x6f, 0x70, 0x65, 0x6e, 0x65, 0x64, 0x5f, 0x64, 0x65,
   0x62, 0x6f, 0x75, 0x6e, 0x63, 0x65, 0x12, 0x13, 0x6d, 0x6f, 0x6e, 0x5f, 0x6f, 0x70, 0x65, 0x6e,
   0x65, 0x64, 0x5f, 0x64, 0x65, 0x62, 0x6f, 0x75, 0x6e, 0x63, 0x65, 0x19, 0x33, 0x33, 0x33, 0x33,
   0x33, 0x33, 0xd3, 0x3f, 0x5a, 0x5a, 0x0a, 0x2c, 0x70, 0x69, 0x6e, 0x63, 0x68, 0x5f, 0x73, 0x69,
   0x74, 0x65, 0x5f, 0x69, 0x6e, 0x5f, 0x62, 0x72, 0x61, 0x63, 0x65, 0x6c, 0x65, 0x74, 0x5f, 0x6c,
   0x69, 0x6e, 0x6b, 0x5f, 0x70, 0x6f, 0x73, 0x69, 0x74, 0x69, 0x6f, 0x6e, 0x5f, 0x63, 0x6f, 0x6f,
   0x72, 0x64, 0x2e, 0x78, 0x12, 0x2a, 0x70, 0x69, 0x6e, 0x63, 0x68, 0x5f, 0x73, 0x69, 0x74, 0x65,
   0x5f, 0x69, 0x6e, 0x5f, 0x62, 0x72, 0x61, 0x63, 0x65, 0x6c, 0x65, 0x74, 0x5f, 0x6c, 0x69, 0x6e,
   0x6b, 0x5f, 0x70, 0x6f, 0x73, 0x69, 0x74, 0x69, 0x6f, 0x6e, 0x5f, 0x63, 0x6f, 0x6f, 0x72, 0x64,
   0x5a, 0x5a, 0x0a, 0x2c, 0x70, 0x69, 0x6e, 0x63, 0x68, 0x5f, 0x73, 0x69, 0x74, 0x65, 0x5f, 0x69,
   0x6e, 0x5f, 0x62, 0x72, 0x61, 0x63, 0x65, 0x6c, 0x65, 0x74, 0x5f, 0x6c, 0x69, 0x6e, 0x6b, 0x5f,
   0x70, 0x6f, 0x73, 0x69, 0x74, 0x69, 0x6f, 0x6e, 0x5f, 0x63, 0x6f, 0x6f, 0x72, 0x64, 0x2e, 0x79,
   0x12, 0x2a, 0x70, 0x69, 0x6e, 0x63, 0x68, 0x5f, 0x73, 0x69, 0x74, 0x65, 0x5f, 0x69, 0x6e, 0x5f,
   0x62, 0x72, 0x61, 0x63, 0x65, 0x6c, 0x65, 0x74, 0x5f, 0x6c, 0x69, 0x6e, 0x6b, 0x5f, 0x70, 0x6f,
   0x73, 0x69, 0x74, 0x69, 0x6f, 0x6e, 0x5f, 0x63, 0x6f, 0x6f, 0x72, 0x64, 0x5a, 0x63, 0x0a, 0x2c,
   0x70, 0x69, 0x6e, 0x63, 0x68, 0x5f, 0x73, 0x69, 0x74, 0x65, 0x5f, 0x69, 0x6e, 0x5f, 0x62, 0x72,
   0x61, 0x63, 0x65, 0x6c, 0x65, 0x74, 0x5f, 0x6c, 0x69, 0x6e, 0x6b, 0x5f, 0x70, 0x6f, 0x73, 0x69,
   0x74, 0x69, 0x6f, 0x6e, 0x5f, 0x63, 0x6f, 0x6f, 0x72, 0x64, 0x2e, 0x7a, 0x12, 0x2a, 0x70, 0x69,
   0x6e, 0x63, 0x68, 0x5f, 0x73, 0x69, 0x74, 0x65, 0x5f, 0x69, 0x6e, 0x5f, 0x62, 0x72, 0x61, 0x63,
   0x65, 0x6c, 0x65, 0x74, 0x5f, 0x6c, 0x69, 0x6e, 0x6b, 0x5f, 0x70, 0x6f, 0x73, 0x69, 0x74, 0x69,
   0x6f, 0x6e, 0x5f, 0x63, 0x6f, 0x6f, 0x72, 0x64, 0x19, 0x39, 0xd6, 0xc5, 0x6d, 0x34, 0x80, 0xaf,
   0xbf, 0x5a, 0x45, 0x0a, 0x1c, 0x72, 0x65, 0x61, 0x6c, 0x5f, 0x64, 0x65, 0x6d, 0x6f, 0x5f, 0x68,
   0x6f, 0x6c, 0x64, 0x5f, 0x65, 0x78, 0x65, 0x63, 0x5f, 0x74, 0x69, 0x6d, 0x65, 0x73, 0x74, 0x65,
   0x70, 0x12, 0x1c, 0x72, 0x65, 0x61, 0x6c, 0x5f, 0x64, 0x65, 0x6d, 0x6f, 0x5f, 0x68, 0x6f, 0x6c,
   0x64, 0x5f, 0x65, 0x78, 0x65, 0x63, 0x5f, 0x74, 0x69, 0x6d, 0x65, 0x73, 0x74, 0x65, 0x70, 0x19,
   0xfc, 0xa9, 0xf1, 0xd2, 0x4d, 0x62, 0x50, 0x3f, 0x5a, 0x71, 0x0a, 0x33, 0x73, 0x68, 0x6f, 0x75,
   0x6c, 0x64, 0x65, 0x72, 0x5f, 0x6c, 0x69, 0x6e, 0x6b, 0x5f, 0x63, 0x6f, 0x6d, 0x5f, 0x69, 0x6e,
   0x5f, 0x73, 0x68, 0x6f, 0x75, 0x6c, 0x64, 0x65, 0x72, 0x5f, 0x6c, 0x69, 0x6e, 0x6b, 0x5f, 0x70,
   0x6f, 0x73, 0x69, 0x74, 0x69, 0x6f, 0x6e, 0x5f, 0x63, 0x6f, 0x6f, 0x72, 0x64, 0x2e, 0x78, 0x12,
   0x31, 0x73, 0x68, 0x6f, 0x75, 0x6c, 0x64, 0x65, 0x72, 0x5f, 0x6c, 0x69, 0x6e, 0x6b, 0x5f, 0x63,
   0x6f, 0x6d, 0x5f, 0x69, 0x6e, 0x5f, 0x73, 0x68, 0x6f, 0x75, 0x6c, 0x64, 0x65, 0x72, 0x5f, 0x6c,
   0x69, 0x6e, 0x6b, 0x5f, 0x70, 0x6f, 0x73, 0x69, 0x74, 0x69, 0x6f, 0x6e, 0x5f, 0x63, 0x6f, 0x6f,
   0x72, 0x64, 0x19, 0x7b, 0x85, 0x05, 0xf7, 0x03, 0x1e, 0xf8, 0xbe, 0x5a, 0x71, 0x0a, 0x33, 0x73,
   0x68, 0x6f, 0x75, 0x6c, 0x64, 0x65, 0x72, 0x5f, 0x6c, 0x69, 0x6e, 0x6b, 0x5f, 0x63, 0x6f, 0x6d,
   0x5f, 0x69, 0x6e, 0x5f, 0x73, 0x68, 0x6f, 0x75, 0x6c, 0x64, 0x65, 0x72, 0x5f, 0x6c, 0x69, 0x6e,
   0x6b, 0x5f, 0x70, 0x6f, 0x73, 0x69, 0x74, 0x69, 0x6f, 0x6e, 0x5f, 0x63, 0x6f, 0x6f, 0x72, 0x64,
   0x2e, 0x79, 0x12, 0x31, 0x73, 0x68, 0x6f, 0x75, 0x6c, 0x64, 0x65, 0x72, 0x5f, 0x6c, 0x69, 0x6e,
   0x6b, 0x5f, 0x63, 0x6f, 0x6d, 0x5f, 0x69, 0x6e, 0x5f, 0x73, 0x68, 0x6f, 0x75, 0x6c, 0x64, 0x65,
   0x72, 0x5f, 0x6c, 0x69, 0x6e, 0x6b, 0x5f, 0x70, 0x6f, 0x73, 0x69, 0x74, 0x69, 0x6f, 0x6e, 0x5f,
   0x63, 0x6f, 0x6f, 0x72, 0x64, 0x19, 0xe9, 0x29, 0x72, 0x88, 0xb8, 0x39, 0x85, 0xbf, 0x5a, 0x71,
   0x0a, 0x33, 0x73, 0x68, 0x6f, 0x75, 0x6c, 0x64, 0x65, 0x72, 0x5f, 0x6c, 0x69, 0x6e, 0x6b, 0x5f,
   0x63, 0x6f, 0x6d, 0x5f, 0x69, 0x6e, 0x5f, 0x73, 0x68, 0x6f, 0x75, 0x6c, 0x64, 0x65, 0x72, 0x5f,
   0x6c, 0x69, 0x6e, 0x6b, 0x5f, 0x70, 0x6f, 0x73, 0x69, 0x74, 0x69, 0x6f, 0x6e, 0x5f, 0x63, 0x6f,
   0x6f, 0x72, 0x64, 0x2e, 0x7a, 0x12, 0x31, 0x73, 0x68, 0x6f, 0x75, 0x6c, 0x64, 0x65, 0x72, 0x5f,
   0x6c, 0x69, 0x6e, 0x6b, 0x5f, 0x63, 0x6f, 0x6d, 0x5f, 0x69, 0x6e, 0x5f, 0x73, 0x68, 0x6f, 0x75,
   0x6c, 0x64, 0x65, 0x72, 0x5f, 0x6c, 0x69, 0x6e, 0x6b, 0x5f, 0x70, 0x6f, 0x73, 0x69, 0x74, 0x69,
   0x6f, 0x6e, 0x5f, 0x63, 0x6f, 0x6f, 0x72, 0x64, 0x19, 0xb9, 0xa5, 0xd5, 0x90, 0xb8, 0xc7, 0xb2,
   0xbf, 0x5a, 0x95, 0x01, 0x0a, 0x45, 0x73, 0x70, 0x68, 0x65, 0x72, 0x69, 0x63, 0x61, 0x6c, 0x5f,
   0x77, 0x72, 0x69, 0x73, 0x74, 0x5f, 0x31, 0x5f, 0x6c, 0x69, 0x6e, 0x6b, 0x5f, 0x63, 0x6f, 0x6d,
   0x5f, 0x69, 0x6e, 0x5f, 0x73, 0x70, 0x68, 0x65, 0x72, 0x69, 0x63, 0x61, 0x6c, 0x5f, 0x77, 0x72,
   0x69, 0x73, 0x74, 0x5f, 0x31, 0x5f, 0x6c, 0x69, 0x6e, 0x6b, 0x5f, 0x70, 0x6f, 0x73, 0x69, 0x74,
   0x69, 0x6f, 0x6e, 0x5f, 0x63, 0x6f, 0x6f, 0x72, 0x64, 0x2e, 0x78, 0x12, 0x43, 0x73, 0x70, 0x68,
   0x65, 0x72, 0x69, 0x63, 0x61, 0x6c, 0x5f, 0x77, 0x72, 0x69, 0x73, 0x74, 0x5f, 0x31, 0x5f, 0x6c,
   0x69, 0x6e, 0x6b, 0x5f, 0x63, 0x6f, 0x6d, 0x5f, 0x69, 0x6e, 0x5f, 0x73, 0x70, 0x68, 0x65, 0x72,
   0x69, 0x63, 0x61, 0x6c, 0x5f, 0x77, 0x72, 0x69, 0x73, 0x74, 0x5f, 0x31, 0x5f, 0x6c, 0x69, 0x6e,
   0x6b, 0x5f, 0x70, 0x6f, 0x73, 0x69, 0x74, 0x69, 0x6f, 0x6e, 0x5f, 0x63, 0x6f, 0x6f, 0x72, 0x64,
   0x19, 0x8d, 0xed, 0xb5, 0xa0, 0xf7, 0xc6, 0xb0, 0x3e, 0x5a, 0x95, 0x01, 0x0a, 0x45, 0x73, 0x70,
   0x68, 0x65, 0x72, 0x69, 0x63, 0x61, 0x6c, 0x5f, 0x77, 0x72, 0x69, 0x73, 0x74, 0x5f, 0x31, 0x5f,
   0x6c, 0x69, 0x6e, 0x6b, 0x5f, 0x63, 0x6f, 0x6d, 0x5f, 0x69, 0x6e, 0x5f, 0x73, 0x70, 0x68, 0x65,
   0x72, 0x69, 0x63, 0x61, 0x6c, 0x5f, 0x77, 0x72, 0x69, 0x73, 0x74, 0x5f, 0x31, 0x5f, 0x6c, 0x69,
   0x6e, 0x6b, 0x5f, 0x70, 0x6f, 0x73, 0x69, 0x74, 0x69, 0x6f, 0x6e, 0x5f, 0x63, 0x6f, 0x6f, 0x72,
   0x64, 0x2e, 0x79, 0x12, 0x43, 0x73, 0x70, 0x68, 0x65, 0x72, 0x69, 0x63, 0x61, 0x6c, 0x5f, 0x77,
   0x72, 0x69, 0x73, 0x74, 0x5f, 0x31, 0x5f, 0x6c, 0x69, 0x6e, 0x6b, 0x5f, 0x63, 0x6f, 0x6d, 0x5f,
   0x69, 0x6e, 0x5f, 0x73, 0x70, 0x68, 0x65, 0x72, 0x69, 0x63, 0x61, 0x6c, 0x5f, 0x77, 0x72, 0x69,
   0x73, 0x74, 0x5f, 0x31, 0x5f, 0x6c, 0x69, 0x6e, 0x6b, 0x5f, 0x70, 0x6f, 0x73, 0x69, 0x74, 0x69,
   0x6f, 0x6e, 0x5f, 0x63, 0x6f, 0x6f, 0x72, 0x64, 0x19, 0x42, 0x77, 0x49, 0x9c, 0x15, 0x51, 0x83,
   0xbf, 0x5a, 0x95, 0x01, 0x0a, 0x45, 0x73, 0x70, 0x68, 0x65, 0x72, 0x69, 0x63, 0x61, 0x6c, 0x5f,
   0x77, 0x72, 0x69, 0x73, 0x74, 0x5f, 0x31, 0x5f, 0x6c, 0x69, 0x6e, 0x6b, 0x5f, 0x63, 0x6f, 0x6d,
   0x5f, 0x69, 0x6e, 0x5f, 0x73, 0x70, 0x68, 0x65, 0x72, 0x69, 0x63, 0x61, 0x6c, 0x5f, 0x77, 0x72,
   0x69, 0x73, 0x74, 0x5f, 0x31, 0x5f, 0x6c, 0x69, 0x6e, 0x6b, 0x5f, 0x70, 0x6f, 0x73, 0x69, 0x74,
   0x69, 0x6f, 0x6e, 0x5f, 0x63, 0x6f, 0x6f, 0x72, 0x64, 0x2e, 0x7a, 0x12, 0x43, 0x73, 0x70, 0x68,
   0x65, 0x72, 0x69, 0x63, 0x61, 0x6c, 0x5f, 0x77, 0x72, 0x69, 0x73, 0x74, 0x5f, 0x31, 0x5f, 0x6c,
   0x69, 0x6e, 0x6b, 0x5f, 0x63, 0x6f, 0x6d, 0x5f, 0x69, 0x6e, 0x5f, 0x73, 0x70, 0x68, 0x65, 0x72,
   0x69, 0x63, 0x61, 0x6c, 0x5f, 0x77, 0x72, 0x69, 0x73, 0x74, 0x5f, 0x31, 0x5f, 0x6c, 0x69, 0x6e,
   0x6b, 0x5f, 0x70, 0x6f, 0x73, 0x69, 0x74, 0x69, 0x6f, 0x6e, 0x5f, 0x63, 0x6f, 0x6f, 0x72, 0x64,
   0x19, 0xd6, 0x36, 0xc5, 0xe3, 0xa2, 0x5a, 0xb0, 0xbf, 0x5a, 0x95, 0x01, 0x0a, 0x45, 0x73, 0x70,
   0x68, 0x65, 0x72, 0x69, 0x63, 0x61, 0x6c, 0x5f, 0x77, 0x72, 0x69, 0x73, 0x74, 0x5f, 0x32, 0x5f,
   0x6c, 0x69, 0x6e, 0x6b, 0x5f, 0x63, 0x6f, 0x6d, 0x5f, 0x69, 0x6e, 0x5f, 0x73, 0x70, 0x68, 0x65,
   0x72, 0x69, 0x63, 0x61, 0x6c, 0x5f, 0x77, 0x72, 0x69, 0x73, 0x74, 0x5f, 0x32, 0x5f, 0x6c, 0x69,
   0x6e, 0x6b, 0x5f, 0x70, 0x6f, 0x73, 0x69, 0x74, 0x69, 0x6f, 0x6e, 0x5f, 0x63, 0x6f, 0x6f, 0x72,
   0x64, 0x2e, 0x78, 0x12, 0x43, 0x73, 0x70, 0x68, 0x65, 0x72, 0x69, 0x63, 0x61, 0x6c, 0x5f, 0x77,
   0x72, 0x69, 0x73, 0x74, 0x5f, 0x32, 0x5f, 0x6c, 0x69, 0x6e, 0x6b, 0x5f, 0x63, 0x6f, 0x6d, 0x5f,
   0x69, 0x6e, 0x5f, 0x73, 0x70, 0x68, 0x65, 0x72, 0x69, 0x63, 0x61, 0x6c, 0x5f, 0x77, 0x72, 0x69,
   0x73, 0x74, 0x5f, 0x32, 0x5f, 0x6c, 0x69, 0x6e, 0x6b, 0x5f, 0x70, 0x6f, 0x73, 0x69, 0x74, 0x69,
   0x6f, 0x6e, 0x5f, 0x63, 0x6f, 0x6f, 0x72, 0x64, 0x19, 0x8d, 0xed, 0xb5, 0xa0, 0xf7, 0xc6, 0xb0,
   0x3e, 0x5a, 0x95, 0x01, 0x0a, 0x45, 0x73, 0x70, 0x68, 0x65, 0x72, 0x69, 0x63, 0x61, 0x6c, 0x5f,
   0x77, 0x72, 0x69, 0x73, 0x74, 0x5f, 0x32, 0x5f, 0x6c, 0x69, 0x6e, 0x6b, 0x5f, 0x63, 0x6f, 0x6d,
   0x5f, 0x69, 0x6e, 0x5f, 0x73, 0x70, 0x68, 0x65, 0x72, 0x69, 0x63, 0x61, 0x6c, 0x5f, 0x77, 0x72,
   0x69, 0x73, 0x74, 0x5f, 0x32, 0x5f, 0x6c, 0x69, 0x6e, 0x6b, 0x5f, 0x70, 0x6f, 0x73, 0x69, 0x74,
   0x69, 0x6f, 0x6e, 0x5f, 0x63, 0x6f, 0x6f, 0x72, 0x64, 0x2e, 0x79, 0x12, 0x43, 0x73, 0x70, 0x68,
   0x65, 0x72, 0x69, 0x63, 0x61, 0x6c, 0x5f, 0x77, 0x72, 0x69, 0x73, 0x74, 0x5f, 0x32, 0x5f, 0x6c,
   0x69, 0x6e, 0x6b, 0x5f, 0x63, 0x6f, 0x6d, 0x5f, 0x69, 0x6e, 0x5f, 0x73, 0x70, 0x68, 0x65, 0x72,
   0x69, 0x63, 0x61, 0x6c, 0x5f, 0x77, 0x72, 0x69, 0x73, 0x74, 0x5f, 0x32, 0x5f, 0x6c, 0x69, 0x6e,
   0x6b, 0x5f, 0x70, 0x6f, 0x73, 0x69, 0x74, 0x69, 0x6f, 0x6e, 0x5f, 0x63, 0x6f, 0x6f, 0x72, 0x64,
   0x19, 0x89, 0x45, 0x0c, 0x3b, 0x8c, 0x49, 0xa7, 0xbf, 0x5a, 0x95, 0x01, 0x0a, 0x45, 0x73, 0x70,
   0x68, 0x65, 0x72, 0x69, 0x63, 0x61, 0x6c, 0x5f, 0x77, 0x72, 0x69, 0x73, 0x74, 0x5f, 0x32, 0x5f,
   0x6c, 0x69, 0x6e, 0x6b, 0x5f, 0x63, 0x6f, 0x6d, 0x5f, 0x69, 0x6e, 0x5f, 0x73, 0x70, 0x68, 0x65,
   0x72, 0x69, 0x63, 0x61, 0x6c, 0x5f, 0x77, 0x72, 0x69, 0x73, 0x74, 0x5f, 0x32, 0x5f, 0x6c, 0x69,
   0x6e, 0x6b, 0x5f, 0x70, 0x6f, 0x73, 0x69, 0x74, 0x69, 0x6f, 0x6e, 0x5f, 0x63, 0x6f, 0x6f, 0x72,
   0x64, 0x2e, 0x7a, 0x12, 0x43, 0x73, 0x70, 0x68, 0x65, 0x72, 0x69, 0x63, 0x61, 0x6c, 0x5f, 0x77,
   0x72, 0x69, 0x73, 0x74, 0x5f, 0x32, 0x5f, 0x6c, 0x69, 0x6e, 0x6b, 0x5f, 0x63, 0x6f, 0x6d, 0x5f,
   0x69, 0x6e, 0x5f, 0x73, 0x70, 0x68, 0x65, 0x72, 0x69, 0x63, 0x61, 0x6c, 0x5f, 0x77, 0x72, 0x69,
   0x73, 0x74, 0x5f, 0x32, 0x5f, 0x6c, 0x69, 0x6e, 0x6b, 0x5f, 0x70, 0x6f, 0x73, 0x69, 0x74, 0x69,
   0x6f, 0x6e, 0x5f, 0x63, 0x6f, 0x6f, 0x72, 0x64, 0x19, 0xa5, 0x4e, 0x40, 0x13, 0x61, 0xc3, 0x83,
   0xbf, 0x5a, 0x50, 0x0a, 0x27, 0x74, 0x61, 0x62, 0x6c, 0x65, 0x5f, 0x63, 0x6f, 0x6d, 0x5f, 0x69,
   0x6e, 0x5f, 0x74, 0x61, 0x62, 0x6c, 0x65, 0x5f, 0x74, 0x6f, 0x70, 0x5f, 0x70, 0x6f, 0x73, 0x69,
   0x74, 0x69, 0x6f, 0x6e, 0x5f, 0x63, 0x6f, 0x6f, 0x72, 0x64, 0x2e, 0x78, 0x12, 0x25, 0x74, 0x61,
   0x62, 0x6c, 0x65, 0x5f, 0x63, 0x6f, 0x6d, 0x5f, 0x69, 0x6e, 0x5f, 0x74, 0x61, 0x62, 0x6c, 0x65,
   0x5f, 0x74, 0x6f, 0x70, 0x5f, 0x70, 0x6f, 0x73, 0x69, 0x74, 0x69, 0x6f, 0x6e, 0x5f, 0x63, 0x6f,
   0x6f, 0x72, 0x64, 0x5a, 0x50, 0x0a, 0x27, 0x74, 0x61, 0x62, 0x6c, 0x65, 0x5f, 0x63, 0x6f, 0x6d,
   0x5f, 0x69, 0x6e, 0x5f, 0x74, 0x61, 0x62, 0x6c, 0x65, 0x5f, 0x74, 0x6f, 0x70, 0x5f, 0x70, 0x6f,
   0x73, 0x69, 0x74, 0x69, 0x6f, 0x6e, 0x5f, 0x63, 0x6f, 0x6f, 0x72, 0x64, 0x2e, 0x79, 0x12, 0x25,
   0x74, 0x61, 0x62, 0x6c, 0x65, 0x5f, 0x63, 0x6f, 0x6d, 0x5f, 0x69, 0x6e, 0x5f, 0x74, 0x61, 0x62,
   0x6c, 0x65, 0x5f, 0x74, 0x6f, 0x70, 0x5f, 0x70, 0x6f, 0x73, 0x69, 0x74, 0x69, 0x6f, 0x6e, 0x5f,
   0x63, 0x6f, 0x6f, 0x72, 0x64, 0x5a, 0x59, 0x0a, 0x27, 0x74, 0x61, 0x62, 0x6c, 0x65, 0x5f, 0x63,
   0x6f, 0x6d, 0x5f, 0x69, 0x6e, 0x5f, 0x74, 0x61, 0x62, 0x6c, 0x65, 0x5f, 0x74, 0x6f, 0x70, 0x5f,
   0x70, 0x6f, 0x73, 0x69, 0x74, 0x69, 0x6f, 0x6e, 0x5f, 0x63, 0x6f, 0x6f, 0x72, 0x64, 0x2e, 0x7a,
   0x12, 0x25, 0x74, 0x61, 0x62, 0x6c, 0x65, 0x5f, 0x63, 0x6f, 0x6d, 0x5f, 0x69, 0x6e, 0x5f, 0x74,
   0x61, 0x62, 0x6c, 0x65, 0x5f, 0x74, 0x6f, 0x70, 0x5f, 0x70, 0x6f, 0x73, 0x69, 0x74, 0x69, 0x6f,
   0x6e, 0x5f, 0x63, 0x6f, 0x6f, 0x72, 0x64, 0x19, 0x9d, 0x87, 0x05, 0xec, 0x37, 0x1d, 0xaa, 0xbf,
   0x5a, 0x48, 0x0a, 0x23, 0x74, 0x61, 0x62, 0x6c, 0x65, 0x5f, 0x74, 0x6f, 0x70, 0x5f, 0x69, 0x6e,
   0x5f, 0x77, 0x6f, 0x72, 0x6c, 0x64, 0x5f, 0x70, 0x6f, 0x73, 0x69, 0x74, 0x69, 0x6f, 0x6e, 0x5f,
   0x63, 0x6f, 0x6f, 0x72, 0x64, 0x2e, 0x78, 0x12, 0x21, 0x74, 0x61, 0x62, 0x6c, 0x65, 0x5f, 0x74,
   0x6f, 0x70, 0x5f, 0x69, 0x6e, 0x5f, 0x77, 0x6f, 0x72, 0x6c, 0x64, 0x5f, 0x70, 0x6f, 0x73, 0x69,
   0x74, 0x69, 0x6f, 0x6e, 0x5f, 0x63, 0x6f, 0x6f, 0x72, 0x64, 0x5a, 0x48, 0x0a, 0x23, 0x74, 0x61,
   0x62, 0x6c, 0x65, 0x5f, 0x74, 0x6f, 0x70, 0x5f, 0x69, 0x6e, 0x5f, 0x77, 0x6f, 0x72, 0x6c, 0x64,
   0x5f, 0x70, 0x6f, 0x73, 0x69, 0x74, 0x69, 0x6f, 0x6e, 0x5f, 0x63, 0x6f, 0x6f, 0x72, 0x64, 0x2e,
   0x79, 0x12, 0x21, 0x74, 0x61, 0x62, 0x6c, 0x65, 0x5f, 0x74, 0x6f, 0x70, 0x5f, 0x69, 0x6e, 0x5f,
   0x77, 0x6f, 0x72, 0x6c, 0x64, 0x5f, 0x70, 0x6f, 0x73, 0x69, 0x74, 0x69, 0x6f, 0x6e, 0x5f, 0x63,
   0x6f, 0x6f, 0x72, 0x64, 0x5a, 0x51, 0x0a, 0x23, 0x74, 0x61, 0x62, 0x6c, 0x65, 0x5f, 0x74, 0x6f,
   0x70, 0x5f, 0x69, 0x6e, 0x5f, 0x77, 0x6f, 0x72, 0x6c, 0x64, 0x5f, 0x70, 0x6f, 0x73, 0x69, 0x74,
   0x69, 0x6f, 0x6e, 0x5f, 0x63, 0x6f, 0x6f, 0x72, 0x64, 0x2e, 0x7a, 0x12, 0x21, 0x74, 0x61, 0x62,
   0x6c, 0x65, 0x5f, 0x74, 0x6f, 0x70, 0x5f, 0x69, 0x6e, 0x5f, 0x77, 0x6f, 0x72, 0x6c, 0x64, 0x5f,
   0x70, 0x6f, 0x73, 0x69, 0x74, 0x69, 0x6f, 0x6e, 0x5f, 0x63, 0x6f, 0x6f, 0x72, 0x64, 0x19, 0x0a,
   0xd7, 0xa3, 0x70, 0x3d, 0x0a, 0xe7, 0x3f, 0x5a, 0x23, 0x0a, 0x0b, 0x75, 0x70, 0x64, 0x61, 0x74,
   0x65, 0x5f, 0x72, 0x61, 0x74, 0x65, 0x12, 0x0b, 0x75, 0x70, 0x64, 0x61, 0x74, 0x65, 0x5f, 0x72,
   0x61, 0x74, 0x65, 0x19, 0x00, 0x00, 0x00, 0x00, 0x00, 0x40, 0x8f, 0x40, 0x5a, 0x5e, 0x0a, 0x2e,
   0x77, 0x72, 0x69, 0x73, 0x74, 0x5f, 0x61, 0x6e, 0x63, 0x68, 0x6f, 0x72, 0x5f, 0x69, 0x6e, 0x5f,
   0x62, 0x72, 0x61, 0x63, 0x65, 0x6c, 0x65, 0x74, 0x5f, 0x6c, 0x69, 0x6e, 0x6b, 0x5f, 0x70, 0x6f,
   0x73, 0x69, 0x74, 0x69, 0x6f, 0x6e, 0x5f, 0x63, 0x6f, 0x6f, 0x72, 0x64, 0x2e, 0x78, 0x12, 0x2c,
   0x77, 0x72, 0x69, 0x73, 0x74, 0x5f, 0x61, 0x6e, 0x63, 0x68, 0x6f, 0x72, 0x5f, 0x69, 0x6e, 0x5f,
   0x62, 0x72, 0x61, 0x63, 0x65, 0x6c, 0x65, 0x74, 0x5f, 0x6c, 0x69, 0x6e, 0x6b, 0x5f, 0x70, 0x6f,
   0x73, 0x69, 0x74, 0x69, 0x6f, 0x6e, 0x5f, 0x63, 0x6f, 0x6f, 0x72, 0x64, 0x5a, 0x67, 0x0a, 0x2e,
   0x77, 0x72, 0x69, 0x73, 0x74, 0x5f, 0x61, 0x6e, 0x63, 0x68, 0x6f, 0x72, 0x5f, 0x69, 0x6e, 0x5f,
   0x62, 0x72, 0x61, 0x63, 0x65, 0x6c, 0x65, 0x74, 0x5f, 0x6c, 0x69, 0x6e, 0x6b, 0x5f, 0x70, 0x6f,
   0x73, 0x69, 0x74, 0x69, 0x6f, 0x6e, 0x5f, 0x63, 0x6f, 0x6f, 0x72, 0x64, 0x2e, 0x79, 0x12, 0x2c,
   0x77, 0x72, 0x69, 0x73, 0x74, 0x5f, 0x61, 0x6e, 0x63, 0x68, 0x6f, 0x72, 0x5f, 0x69, 0x6e, 0x5f,
   0x62, 0x72, 0x61, 0x63, 0x65, 0x6c, 0x65, 0x74, 0x5f, 0x6c, 0x69, 0x6e, 0x6b, 0x5f, 0x70, 0x6f,
   0x73, 0x69, 0x74, 0x69, 0x6f, 0x6e, 0x5f, 0x63, 0x6f, 0x6f, 0x72, 0x64, 0x19, 0xc9, 0x93, 0xa4,
   0x6b, 0x26, 0xdf, 0xac, 0xbf, 0x5a, 0x67, 0x0a, 0x2e, 0x77, 0x72, 0x69, 0x73, 0x74, 0x5f, 0x61,
   0x6e, 0x63, 0x68, 0x6f, 0x72, 0x5f, 0x69, 0x6e, 0x5f, 0x62, 0x72, 0x61, 0x63, 0x65, 0x6c, 0x65,
   0x74, 0x5f, 0x6c, 0x69, 0x6e, 0x6b, 0x5f, 0x70, 0x6f, 0x73, 0x69, 0x74, 0x69, 0x6f, 0x6e, 0x5f,
   0x63, 0x6f, 0x6f, 0x72, 0x64, 0x2e, 0x7a, 0x12, 0x2c, 0x77, 0x72, 0x69, 0x73, 0x74, 0x5f, 0x61,
   0x6e, 0x63, 0x68, 0x6f, 0x72, 0x5f, 0x69, 0x6e, 0x5f, 0x62, 0x72, 0x61, 0x63, 0x65, 0x6c, 0x65,
   0x74, 0x5f, 0x6c, 0x69, 0x6e, 0x6b, 0x5f, 0x70, 0x6f, 0x73, 0x69, 0x74, 0x69, 0x6f, 0x6e, 0x5f,
   0x63, 0x6f, 0x6f, 0x72, 0x64, 0x19, 0x38, 0x67, 0x44, 0x69, 0x6f, 0xf0, 0xad, 0xbf, 0x5a, 0x62,
   0x0a, 0x30, 0x77, 0x72, 0x69, 0x73, 0x74, 0x5f, 0x66, 0x74, 0x5f, 0x6d, 0x6f, 0x75, 0x6e, 0x74,
   0x5f, 0x69, 0x6e, 0x5f, 0x77, 0x72, 0x69, 0x73, 0x74, 0x5f, 0x66, 0x74, 0x5f, 0x62, 0x6f, 0x64,
   0x79, 0x5f, 0x70, 0x6f, 0x73, 0x69, 0x74, 0x69, 0x6f, 0x6e, 0x5f, 0x63, 0x6f, 0x6f, 0x72, 0x64,
   0x2e, 0x78, 0x12, 0x2e, 0x77, 0x72, 0x69, 0x73, 0x74, 0x5f, 0x66, 0x74, 0x5f, 0x6d, 0x6f, 0x75,
   0x6e, 0x74, 0x5f, 0x69, 0x6e, 0x5f, 0x77, 0x72, 0x69, 0x73, 0x74, 0x5f, 0x66, 0x74, 0x5f, 0x62,
   0x6f, 0x64, 0x79, 0x5f, 0x70, 0x6f, 0x73, 0x69, 0x74, 0x69, 0x6f, 0x6e, 0x5f, 0x63, 0x6f, 0x6f,
   0x72, 0x64, 0x5a, 0x62, 0x0a, 0x30, 0x77, 0x72, 0x69, 0x73, 0x74, 0x5f, 0x66, 0x74, 0x5f, 0x6d,
   0x6f, 0x75, 0x6e, 0x74, 0x5f, 0x69, 0x6e, 0x5f, 0x77, 0x72, 0x69, 0x73, 0x74, 0x5f, 0x66, 0x74,
   0x5f, 0x62, 0x6f, 0x64, 0x79, 0x5f, 0x70, 0x6f, 0x73, 0x69, 0x74, 0x69, 0x6f, 0x6e, 0x5f, 0x63,
   0x6f, 0x6f, 0x72, 0x64, 0x2e, 0x79, 0x12, 0x2e, 0x77, 0x72, 0x69, 0x73, 0x74, 0x5f, 0x66, 0x74,
   0x5f, 0x6d, 0x6f, 0x75, 0x6e, 0x74, 0x5f, 0x69, 0x6e, 0x5f, 0x77, 0x72, 0x69, 0x73, 0x74, 0x5f,
   0x66, 0x74, 0x5f, 0x62, 0x6f, 0x64, 0x79, 0x5f, 0x70, 0x6f, 0x73, 0x69, 0x74, 0x69, 0x6f, 0x6e,
   0x5f, 0x63, 0x6f, 0x6f, 0x72, 0x64, 0x5a, 0x6b, 0x0a, 0x30, 0x77, 0x72, 0x69, 0x73, 0x74, 0x5f,
   0x66, 0x74, 0x5f, 0x6d, 0x6f, 0x75, 0x6e, 0x74, 0x5f, 0x69, 0x6e, 0x5f, 0x77, 0x72, 0x69, 0x73,
   0x74, 0x5f, 0x66, 0x74, 0x5f, 0x62, 0x6f, 0x64, 0x79, 0x5f, 0x70, 0x6f, 0x73, 0x69, 0x74, 0x69,
   0x6f, 0x6e, 0x5f, 0x63, 0x6f, 0x6f, 0x72, 0x64, 0x2e, 0x7a, 0x12, 0x2e, 0x77, 0x72, 0x69, 0x73,
   0x74, 0x5f, 0x66, 0x74, 0x5f, 0x6d, 0x6f, 0x75, 0x6e, 0x74, 0x5f, 0x69, 0x6e, 0x5f, 0x77, 0x72,
   0x69, 0x73, 0x74, 0x5f, 0x66, 0x74, 0x5f, 0x62, 0x6f, 0x64, 0x79, 0x5f, 0x70, 0x6f, 0x73, 0x69,
   0x74, 0x69, 0x6f, 0x6e, 0x5f, 0x63, 0x6f, 0x6f, 0x72, 0x64, 0x19, 0xe3, 0xa5, 0x9b, 0xc4, 0x20,
   0xb0, 0xa2, 0x3f, 0x5a, 0x60, 0x0a, 0x2f, 0x77, 0x72, 0x69, 0x73, 0x74, 0x5f, 0x66, 0x74, 0x5f,
   0x73, 0x69, 0x74, 0x65, 0x5f, 0x69, 0x6e, 0x5f, 0x77, 0x72, 0x69, 0x73, 0x74, 0x5f, 0x66, 0x74,
   0x5f, 0x62, 0x6f, 0x64, 0x79, 0x5f, 0x70, 0x6f, 0x73, 0x69, 0x74, 0x69, 0x6f, 0x6e, 0x5f, 0x63,
   0x6f, 0x6f, 0x72, 0x64, 0x2e, 0x78, 0x12, 0x2d, 0x77, 0x72, 0x69, 0x73, 0x74, 0x5f, 0x66, 0x74,
   0x5f, 0x73, 0x69, 0x74, 0x65, 0x5f, 0x69, 0x6e, 0x5f, 0x77, 0x72, 0x69, 0x73, 0x74, 0x5f, 0x66,
   0x74, 0x5f, 0x62, 0x6f, 0x64, 0x79, 0x5f, 0x70, 0x6f, 0x73, 0x69, 0x74, 0x69, 0x6f, 0x6e, 0x5f,
   0x63, 0x6f, 0x6f, 0x72, 0x64, 0x5a, 0x60, 0x0a, 0x2f, 0x77, 0x72, 0x69, 0x73, 0x74, 0x5f, 0x66,
   0x74, 0x5f, 0x73, 0x69, 0x74, 0x65, 0x5f, 0x69, 0x6e, 0x5f, 0x77, 0x72, 0x69, 0x73, 0x74, 0x5f,
   0x66, 0x74, 0x5f, 0x62, 0x6f, 0x64, 0x79, 0x5f, 0x70, 0x6f, 0x73, 0x69, 0x74, 0x69, 0x6f, 0x6e,
   0x5f, 0x63, 0x6f, 0x6f, 0x72, 0x64, 0x2e, 0x79, 0x12, 0x2d, 0x77, 0x72, 0x69, 0x73, 0x74, 0x5f,
   0x66, 0x74, 0x5f, 0x73, 0x69, 0x74, 0x65, 0x5f, 0x69, 0x6e, 0x5f, 0x77, 0x72, 0x69, 0x73, 0x74,
   0x5f, 0x66, 0x74, 0x5f, 0x62, 0x6f, 0x64, 0x79, 0x5f, 0x70, 0x6f, 0x73, 0x69, 0x74, 0x69, 0x6f,
   0x6e, 0x5f, 0x63, 0x6f, 0x6f, 0x72, 0x64, 0x5a, 0x60, 0x0a, 0x2f, 0x77, 0x72, 0x69, 0x73, 0x74,
   0x5f, 0x66, 0x74, 0x5f, 0x73, 0x69, 0x74, 0x65, 0x5f, 0x69, 0x6e, 0x5f, 0x77, 0x72, 0x69, 0x73,
   0x74, 0x5f, 0x66, 0x74, 0x5f, 0x62, 0x6f, 0x64, 0x79, 0x5f, 0x70, 0x6f, 0x73, 0x69, 0x74, 0x69,
   0x6f, 0x6e, 0x5f, 0x63, 0x6f, 0x6f, 0x72, 0x64, 0x2e, 0x7a, 0x12, 0x2d, 0x77, 0x72, 0x69, 0x73,
   0x74, 0x5f, 0x66, 0x74, 0x5f, 0x73, 0x69, 0x74, 0x65, 0x5f, 0x69, 0x6e, 0x5f, 0x77, 0x72, 0x69,
   0x73, 0x74, 0x5f, 0x66, 0x74, 0x5f, 0x62, 0x6f, 0x64, 0x79, 0x5f, 0x70, 0x6f, 0x73, 0x69, 0x74,
   0x69, 0x6f, 0x6e, 0x5f, 0x63, 0x6f, 0x6f, 0x72, 0x64, 0x62, 0x18, 0x61, 0x67, 0x65, 0x6e, 0x74,
   0x3a, 0x72, 0x75, 0x6e, 0x74, 0x69, 0x6d, 0x65, 0x3a, 0x72, 0x65, 0x61, 0x6c, 0x5f, 0x72, 0x6f,
   0x62, 0x6f, 0x74, 0x78, 0x03, 0x80, 0x01, 0xc0, 0x84, 0x3d, 0x8a, 0x01, 0x36, 0x68, 0x74, 0x74,
   0x70, 0x73, 0x3a, 0x2f, 0x2f, 0x73, 0x65, 0x63, 0x6f, 0x72, 0x6f, 0x6c, 0x61, 0x62, 0x2e, 0x67,
   0x69, 0x74, 0x68, 0x75, 0x62, 0x2e, 0x69, 0x6f, 0x2f, 0x6d, 0x6f, 0x64, 0x65, 0x6c, 0x73, 0x2f,
   0x72, 0x65, 0x61, 0x6c, 0x2d, 0x64, 0x65, 0x6d, 0x6f, 0x2d, 0x68, 0x6f, 0x6c, 0x64, 0x2f, 0x66,
   0x73, 0x6d, 0x2f
};
inline constexpr std::size_t kFrameLogHeaderRecordSize = sizeof(kFrameLogHeaderRecord);

} // namespace motion_spec::introspection
